Amount Requested,Application Date,Loan Title,Risk_Score,Debt-To-Income Ratio,Zip Code,State,Employment Length,Policy Code
17500.0,2009-04-08,serena's loan,469.0,0%,935xx,CA,1 year,0.0
3000.0,2008-02-26,BrentSpots,695.0,41.6%,985xx,WA,2 years,0.0
15000.0,2007-11-08,LoisRyan,520.0,1.45%,139xx,NY,10+ years,0.0
18000.0,2009-01-26, ,709.0,37.47%,070xx,NJ,8 years,0.0
15000.0,2009-05-07, ,666.0,21.78%,770xx,TX,2 years,0.0
4000.0,2009-05-18,Credit re-finance,557.0,12.14%,217xx,MD,< 1 year,0.0
7000.0,2009-03-19, ,755.0,0%,484xx,MI,< 1 year,0.0
7000.0,2007-08-30,katmill,507.0,23.13%,853xx,AZ,5 years,0.0
5000.0,2008-03-21,Study abroad,653.0,32.82%,604xx,IL,10+ years,0.0
5000.0,2007-08-12,papamac,544.0,5.4%,339xx,FL,9 years,0.0
4000.0,2009-01-06,Evangelist and wife need help,0.0,0%,786xx,TX,1 year,0.0
12000.0,2007-07-27,bmxdmx,0.0,0%,112xx,NY,6 years,0.0
4500.0,2008-03-10,other,643.0,17.8%,338xx,FL,< 1 year,0.0
20000.0,2007-12-29,ghjagman,697.0,37.86%,539xx,WI,3 years,0.0
20000.0,2009-02-18,Kitchen Remodel,737.0,67.43%,970xx,OR,10+ years,0.0
25000.0,2008-11-30,Finding a Lower Rate,667.0,12.62%,891xx,NV,10+ years,0.0
25000.0,2007-10-16,SimpleGirl,507.0,32.59%,770xx,TX,10+ years,0.0
10000.0,2009-04-28,Student Loan,471.0,0%,310xx,GA,4 years,0.0
6000.0,2009-04-09, ,721.0,0%,105xx,NY,10+ years,0.0
10000.0,2008-03-26,debt_consolidation,653.0,20.36%,913xx,CA,< 1 year,0.0
3000.0,2008-02-29,austin6didit,523.0,0%,559xx,MN,2 years,0.0
15000.0,2009-02-06,Recession Smarts,596.0,37.19%,760xx,TX,2 years,0.0
10000.0,2009-04-13,Business Loan for expansion,555.0,44.31%,196xx,PA,2 years,0.0
2500.0,2008-11-22,Payoff Bills,422.0,474.55%,231xx,VA,6 years,0.0
7200.0,2008-02-12,C&C Debt payoff,694.0,9.97%,485xx,MI,10+ years,0.0
1000.0,2008-04-12,personal,552.0,0%,749xx,OK,< 1 year,0.0
4000.0,2009-05-13,Debt Consolidation/Credit Repair,583.0,2.06%,125xx,NY,< 1 year,0.0
1000.0,2008-03-06,lakenyamoore,433.0,460%,705xx,LA,3 years,0.0
2000.0,2009-01-29,Car to get to AmeriCorps location,600.0,47.64%,292xx,SC,1 year,0.0
7000.0,2009-04-09,Paying for my Dog's Surgery,647.0,22.97%,900xx,CA,3 years,0.0
3500.0,2008-10-19,New Car,536.0,10.01%,104xx,NY,1 year,0.0
5000.0,2009-02-09,Better Car Loan,702.0,9.94%,731xx,OK,< 1 year,0.0
20000.0,2008-01-19,debt_consolidation,683.0,29.6%,184xx,PA,6 years,0.0
5600.0,2008-12-17,PURCHASE OF SHED,692.0,14.95%,930xx,CA,10+ years,0.0
7100.0,2008-01-14,atlanta77,544.0,13.32%,300xx,GA,6 years,0.0
1500.0,2007-10-17,cnewsome24,0.0,3%,010xx,MA,< 1 year,0.0
10000.0,2008-01-28,Lyndee,614.0,0%,853xx,AZ,9 years,0.0
7500.0,2007-09-26,rmbp,514.0,8.04%,100xx,NY,1 year,0.0
5000.0,2007-11-09,Dizzale,524.0,24.48%,260xx,WV,< 1 year,0.0
7000.0,2007-12-03,bigman,509.0,11.44%,917xx,GA,10+ years,0.0
10000.0,2008-12-26,debtcolidate,575.0,15.54%,240xx,VA,< 1 year,0.0
10000.0,2008-12-28,Consolidation,554.0,14480%,975xx,OR,< 1 year,0.0
1000.0,2008-07-28,Moving Money to Help Mom,452.0,3.2%,759xx,TX,6 years,0.0
14000.0,2008-02-20,kclara8,423.0,13.72%,906xx,CA,< 1 year,0.0
12000.0,2008-12-14,Refinance & Consolidate Credit Card Debt,651.0,19.88%,550xx,MN,5 years,0.0
15000.0,2009-04-03,Downpayment Help,723.0,35.7%,537xx,WI,1 year,0.0
6000.0,2008-02-22,debt_consolidation,631.0,0.02%,197xx,DE,8 years,0.0
20000.0,2008-01-14,klw,581.0,46.41%,405xx,KY,10+ years,0.0
15000.0,2008-04-07,S/T BUS. CAPITAL & FINAN. REPOSITIONING ,640.0,41.27%,190xx,PA,10+ years,0.0
5200.0,2009-04-18,Student loan,462.0,0%,302xx,GA,< 1 year,0.0
15000.0,2008-11-01,Small Business Loan,661.0,46.78%,295xx,SC,4 years,0.0
7500.0,2008-08-27,Need extra money to go to college,492.0,10.75%,467xx,IN,< 1 year,0.0
25000.0,2009-03-28,New Business in Organic Vending ,543.0,19.75%,018xx,MA,2 years,0.0
25000.0,2008-04-07,Working Capital for Successful Business,776.0,6.32%,300xx,GA,1 year,0.0
17000.0,2009-03-23, ,717.0,37.73%,945xx,CA,< 1 year,0.0
5000.0,2008-01-04,PITBULL42,438.0,37.52%,326xx,FL,3 years,0.0
1000.0,2008-06-16,Appliances and Credit Building,546.0,1.15%,727xx,AR,1 year,0.0
3800.0,2007-12-18,other,668.0,42.33%,130xx,NY,< 1 year,0.0
5000.0,2007-10-15,butterflywonder,491.0,9.46%,800xx,CO,3 years,0.0
15000.0,2009-05-05,consolidation loan,625.0,13.3%,062xx,CT,< 1 year,0.0
10000.0,2008-11-26,Ref of current personal loan at lower ra,735.0,25.6%,064xx,CT,3 years,0.0
1300.0,2009-04-15,School Loan,489.0,0%,440xx,OH,1 year,0.0
500.0,2007-10-05,grnick,704.0,0%,551xx,MN,10+ years,0.0
15000.0,2008-03-27,Buying a Business,669.0,20.78%,480xx,MI,2 years,0.0
25000.0,2009-04-11,Portabello's Restaurant Survival after 7,639.0,0.23%,133xx,NY,7 years,0.0
24900.0,2008-12-08,Pay down higher rate credit cards,655.0,7.16%,970xx,OR,3 years,0.0
15000.0,2008-01-15,terrones,474.0,8.4%,934xx,CA,1 year,0.0
8000.0,2009-05-06,debt,555.0,25.71%,444xx,OH,< 1 year,0.0
10000.0,2009-01-12,Personal Training,771.0,1.44%,913xx,CA,2 years,0.0
2000.0,2008-03-23,paying off debt to work part-time ,474.0,531%,802xx,CO,< 1 year,0.0
25000.0,2009-03-14,REHABBING 3 UNIT,727.0,11.37%,604xx,IL,6 years,0.0
2500.0,2007-10-16,purplesue,491.0,8.1%,741xx,OK,2 years,0.0
5000.0,2007-10-24,kunle1970,633.0,26.31%,853xx,AZ,< 1 year,0.0
10000.0,2009-03-20,IVF,758.0,28.23%,057xx,VT,< 1 year,0.0
8000.0,2008-12-09,I need to consolidate some credit cards,662.0,3.8%,100xx,NY,4 years,0.0
3000.0,2008-04-05,Loan,533.0,47.52%,323xx,FL,< 1 year,0.0
1900.0,2009-04-05,motorcycle,534.0,0%,925xx,CA,10+ years,0.0
10000.0,2008-03-12,Become Debt Free,477.0,16.38%,190xx,PA,7 years,0.0
5000.0,2008-02-25,Loan needed due to medical emergency--need time for personal loan from parents to kick in,624.0,13.3%,921xx,CA,6 years,0.0
11200.0,2008-02-13,Wedding advance,699.0,11.48%,981xx,WA,< 1 year,0.0
1000.0,2009-04-24,Brack,415.0,3.94%,787xx,TX,10+ years,0.0
25000.0,2008-01-24,john380sl,630.0,34.91%,347xx,FL,10+ years,0.0
6000.0,2008-06-21,Luis ,674.0,0.75%,193xx,PA,4 years,0.0
12000.0,2009-04-01,Consolidation of debt,636.0,33.52%,452xx,OH,5 years,0.0
8500.0,2007-12-09,soontobemarried,512.0,8.36%,913xx,CA,< 1 year,0.0
1000.0,2008-12-03,Trying To Make It,422.0,185.33%,381xx,AR,2 years,0.0
17000.0,2008-01-28,crweeks76,552.0,0%,386xx,ID,< 1 year,0.0
5000.0,2009-03-03,Home add on,714.0,298.08%,740xx,OK,7 years,0.0
12500.0,2009-01-15,Credit card payoff,614.0,13.97%,011xx,MA,1 year,0.0
20000.0,2009-01-30,Working Capital For Established Business,585.0,13.16%,346xx,FL,< 1 year,0.0
2500.0,2009-05-14,An Indexing Business (back of book),623.0,30.59%,708xx,LA,5 years,0.0
6500.0,2008-03-22,Debt Consolidation Loan,494.0,0%,720xx,AR,2 years,0.0
2500.0,2008-05-29,Wedding Reception,653.0,18.92%,144xx,NY,3 years,0.0
15000.0,2008-01-14,Esther2008,562.0,0%,296xx,SC,4 years,0.0
2500.0,2008-04-06,Financial Recovery After Injury,637.0,16.95%,761xx,TX,< 1 year,0.0
7500.0,2009-01-05,Educational Supplement Loan,665.0,3.81%,200xx,DC,1 year,0.0
4000.0,2008-12-04,payoff,476.0,16.99%,799xx,TX,1 year,0.0
9000.0,2009-03-17,Consolidate debt,635.0,28.24%,750xx,TX,4 years,0.0
3000.0,2007-12-30,debt_consolidation,646.0,11.31%,405xx,KY,6 years,0.0
9000.0,2008-02-22,lauren51381,757.0,23.36%,245xx,VA,< 1 year,0.0
9000.0,2009-05-06,Motorcycle refinancing,730.0,97.04%,334xx,FL,2 years,0.0
20000.0,2008-03-23,Refinance car and consolidate debt,617.0,27.07%,091xx,NY,5 years,0.0
17500.0,2009-03-26, ,727.0,8.18%,117xx,NY,7 years,0.0
15000.0,2009-02-25,clear loans,615.0,14.56%,291xx,SC,5 years,0.0
18500.0,2009-03-29, ,593.0,10.11%,028xx,RI,7 years,0.0
1500.0,2008-04-12,Debt Consolidation,0.0,0%,320xx,FL,10+ years,0.0
1400.0,2008-11-26,seperation and economy foces 2nd move,0.0,0%,982xx,WA,10+ years,0.0
7500.0,2009-04-17, ,690.0,25.13%,178xx,PA,9 years,0.0
4500.0,2009-02-10,Getting right with my Credit,530.0,11.83%,390xx,MS,1 year,0.0
21600.0,2008-01-02,debt_consolidation,670.0,35.81%,600xx,IL,3 years,0.0
10000.0,2008-02-21,MicchelleTheBride2008,483.0,29.5%,123xx,NY,< 1 year,0.0
1500.0,2008-08-15,Wedding of our dreams,567.0,17.4%,028xx,RI,1 year,0.0
2000.0,2008-07-21,Payoff,572.0,1.76%,754xx,TX,2 years,0.0
17000.0,2009-04-29,Collegiate,0.0,0%,424xx,KY,1 year,0.0
2500.0,2008-02-21,sssjrcowboys,509.0,0%,178xx,PA,< 1 year,0.0
8975.0,2007-12-29,glebxx,705.0,14.83%,112xx,NY,< 1 year,0.0
5000.0,2008-10-07,NC State Grauduate School Expenses,652.0,40.3%,276xx,NC,1 year,0.0
10000.0,2009-02-20,Steve's Vending Service,630.0,0.5%,300xx,GA,10+ years,0.0
10000.0,2009-01-05,to buy my first home,585.0,1.36%,458xx,OH,6 years,0.0
4800.0,2007-11-29,repositionmyself,657.0,8.15%,224xx,VA,10+ years,0.0
4000.0,2009-01-29, ,661.0,25.7%,809xx,CO,1 year,0.0
5000.0,2009-01-05,IN DIRE NEED OF SUPPORT!,0.0,0%,945xx,CA,2 years,0.0
12000.0,2008-12-20,Get back my life!,569.0,32.8%,300xx,GA,2 years,0.0
7500.0,2008-06-04,Consolidate Some Dept,692.0,75.9%,951xx,CA,10+ years,0.0
3000.0,2008-08-12,Need to pay off high interests loans,579.0,13.26%,972xx,OR,2 years,0.0
25000.0,2008-11-24,Funding For New Wave College,643.0,26.4%,907xx,CA,7 years,0.0
25000.0,2009-05-09,Swimming Pool for Teacher and Her Family,708.0,18.11%,296xx,SC,10+ years,0.0
5000.0,2008-01-13,jhannar,632.0,17.31%,490xx,MI,2 years,0.0
9500.0,2008-04-02,Looking for a Loan,679.0,15.13%,338xx,FL,< 1 year,0.0
5000.0,2008-01-14,wayneworld,611.0,19.93%,750xx,TX,2 years,0.0
20000.0,2008-10-25,Loan for new Tool Truck,726.0,0.51%,936xx,CA,10+ years,0.0
13500.0,2007-11-03,donenzo,655.0,15.78%,112xx,NY,< 1 year,0.0
1000.0,2009-02-15,Car Loan,429.0,15.95%,750xx,TX,< 1 year,0.0
3000.0,2008-08-26,Help Me to Consolidate My Unsecured Deb,412.0,7.91%,073xx,NJ,5 years,0.0
5000.0,2009-04-11,Get Back on Track,666.0,30.78%,305xx,GA,3 years,0.0
25000.0,2008-11-05,Home Loan,605.0,5.74%,451xx,OH,4 years,0.0
25000.0,2008-01-16,"I would like to pay off high interest loans,and have one easy payment.",729.0,60.98%,487xx,MI,4 years,0.0
4000.0,2008-10-16,Krista's ,624.0,0%,081xx,NJ,< 1 year,0.0
15000.0,2008-12-24,Direct Marketing: localVIEW Marketing ,670.0,8.28%,945xx,CA,< 1 year,0.0
5000.0,2009-03-03,Help my disabled sister pay 4 utilities,546.0,0%,840xx,UT,3 years,0.0
1500.0,2008-12-16,car problems,545.0,0%,951xx,CA,1 year,0.0
9000.0,2009-01-08,Save my home......,693.0,37.27%,874xx,NM,5 years,0.0
20000.0,2008-02-07,boff,671.0,40.23%,606xx,IL,1 year,0.0
3000.0,2008-03-28,get out of credit cards,522.0,27.15%,757xx,TX,4 years,0.0
3500.0,2008-11-18,Rodney Smith,565.0,0%,452xx,OH,< 1 year,0.0
6000.0,2009-01-26,Student Loan,684.0,42%,315xx,GA,< 1 year,0.0
3000.0,2008-08-25,Need a small fast loan,459.0,46.62%,346xx,FL,1 year,0.0
1000.0,2008-01-10,MsShawna,450.0,6.69%,992xx,WA,< 1 year,0.0
15000.0,2008-01-21,Granduer,502.0,25.3%,937xx,CA,10+ years,0.0
1500.0,2009-04-19,Preparing for the future,526.0,1.75%,104xx,NY,< 1 year,0.0
4500.0,2008-08-01,Business Growth,657.0,421.13%,274xx,NC,< 1 year,0.0
5000.0,2008-10-16,Debt consolidation,726.0,27.2%,601xx,IL,1 year,0.0
3000.0,2007-12-06,other,695.0,0%,100xx,NY,3 years,0.0
10000.0,2008-04-05,get out of debt,465.0,44.09%,288xx,NC,1 year,0.0
1000.0,2009-01-23,rent catch up,510.0,0%,606xx,IL,1 year,0.0
2000.0,2009-03-25,Car financing.,428.0,0%,339xx,FL,2 years,0.0
7500.0,2009-05-15,Stump Grinder,705.0,35.93%,490xx,MI,5 years,0.0
25000.0,2009-04-27,Taking care of family,584.0,29.73%,490xx,MI,8 years,0.0
10000.0,2008-11-14,Secure Homestead,652.0,24.48%,344xx,FL,1 year,0.0
2500.0,2008-06-09,New Business ,418.0,35.49%,221xx,VA,< 1 year,0.0
7000.0,2009-05-06, ,666.0,26.79%,210xx,MD,1 year,0.0
2500.0,2008-08-19,roof repair,0.0,0%,330xx,FL,3 years,0.0
500.0,2008-01-20,jackson7535,508.0,35.79%,708xx,LA,3 years,0.0
5000.0,2008-07-01,Leverage,436.0,298.08%,846xx,UT,1 year,0.0
7000.0,2008-06-20,Fund freelance business,603.0,13.66%,100xx,NY,1 year,0.0
2400.0,2007-11-28,Personal loan,647.0,6.27%,081xx,NJ,10+ years,0.0
25000.0,2009-04-20,Helping Families Receive Health Care,760.0,0.62%,900xx,CA,2 years,0.0
9000.0,2007-12-02,major_purchase,667.0,23.23%,652xx,MO,10+ years,0.0
25000.0,2008-12-05,Get my debt together and paid off,658.0,28.77%,456xx,OH,10+ years,0.0
1500.0,2009-05-05,engagement ring/ trip,688.0,0.51%,852xx,AZ,< 1 year,0.0
4000.0,2007-09-27,I want to buy a used car from a dealer with cash to avoid high monthly payments and interest. i rather pay off a loan than what i would have to pay for a fiananced vehicle.,699.0,0%,857xx,AZ,< 1 year,0.0
15000.0,2009-04-16,Education Expenses,707.0,4%,315xx,GA,3 years,0.0
2500.0,2009-04-21,School loan,483.0,0%,871xx,NM,2 years,0.0
5000.0,2008-02-28,Quiltingreb,506.0,36.71%,327xx,FL,3 years,0.0
10000.0,2008-11-23,Student Loan,551.0,50.56%,633xx,MO,1 year,0.0
5000.0,2008-05-13,Engagement Ring,735.0,7.87%,329xx,FL,8 years,0.0
10000.0,2009-01-04,Debt,607.0,10.04%,773xx,TX,10+ years,0.0
6500.0,2008-03-10,CapitalOne,720.0,30.6%,956xx,CA,2 years,0.0
5000.0,2008-03-21,payoff payday loans,691.0,70.98%,168xx,PA,8 years,0.0
2500.0,2008-12-17,Roof Repair,673.0,9.26%,713xx,LA,4 years,0.0
1000.0,2008-06-08,Needing money to move to North Carolina,519.0,5.09%,359xx,AL,1 year,0.0
17000.0,2008-02-20,other,629.0,1.17%,078xx,NJ,2 years,0.0
1000.0,2008-06-04,Bank consolidation,506.0,0%,923xx,CA,1 year,0.0
4500.0,2008-03-18,Credit card consolidation loan,549.0,9.14%,120xx,NY,2 years,0.0
7500.0,2008-08-29,Help Need A Second Chance,529.0,18.64%,324xx,FL,1 year,0.0
10000.0,2009-04-06,Machine Purchase,636.0,14.52%,750xx,TX,9 years,0.0
2000.0,2009-02-21,Consolidating Debt,620.0,24.64%,605xx,IL,< 1 year,0.0
3500.0,2008-02-02,Heather_K_Litz,604.0,4.78%,750xx,TX,< 1 year,0.0
1000.0,2008-12-02,getting rid of debit,477.0,6.97%,789xx,TX,1 year,0.0
20000.0,2009-02-20,Credit line / Inventory loan,717.0,10.24%,995xx,AK,2 years,0.0
23000.0,2008-03-02,jam428,466.0,11.99%,920xx,CA,2 years,0.0
20000.0,2009-02-12,Help us educate our kids!!,683.0,10.26%,852xx,AZ,2 years,0.0
3200.0,2009-05-16,MBA Grad with 4.0 GPA Job Search,610.0,25.99%,554xx,MN,< 1 year,0.0
1500.0,2008-10-22,Unexpected Medical Expenses,620.0,19.9%,329xx,FL,5 years,0.0
25000.0,2009-04-26,"venice,italy",758.0,16.74%,117xx,NY,4 years,0.0
15000.0,2008-02-27,queenbeetm,543.0,46.57%,342xx,FL,10+ years,0.0
3000.0,2008-07-08, ,669.0,47.64%,362xx,AL,3 years,0.0
1000.0,2009-01-07,UHURU PUBLISHING LAUNCHES,588.0,4.83%,537xx,WI,< 1 year,0.0
4500.0,2008-04-07,Kelcey Leverett,450.0,1.08%,956xx,CA,1 year,0.0
12000.0,2009-04-03, ,647.0,10.88%,933xx,CA,5 years,0.0
2500.0,2009-04-27,PAY OFF BILLS ,0.0,0%,716xx,AR,5 years,0.0
4000.0,2008-03-13,Reques Money to build new business,0.0,0%,336xx,FL,10+ years,0.0
1500.0,2008-11-20,Emergency Money,532.0,19.16%,322xx,FL,< 1 year,0.0
2000.0,2009-04-04,SOS-please help us,553.0,35.03%,810xx,CO,1 year,0.0
5000.0,2008-12-22,Community Business Loan,508.0,0%,775xx,TX,1 year,0.0
15000.0,2009-04-11,debt releaf,597.0,26.03%,807xx,CO,< 1 year,0.0
20000.0,2008-11-12, ,642.0,37.84%,117xx,NY,2 years,0.0
15000.0,2008-03-26,debt_consolidation,639.0,11.57%,780xx,TX,< 1 year,0.0
10000.0,2009-04-14, ,669.0,14.42%,641xx,MO,3 years,0.0
1500.0,2008-07-30,I need HELP!,0.0,0%,949xx,CA,1 year,0.0
16400.0,2009-04-27, ,802.0,0.61%,029xx,RI,5 years,0.0
3000.0,2009-03-02,personal,491.0,12.13%,330xx,FL,8 years,0.0
15000.0,2009-02-14,Don't want to pay 30% Interest Anymore!,631.0,6.85%,115xx,NY,5 years,0.0
1000.0,2008-08-14,Help Paying Off Payday Loans,616.0,43.14%,441xx,OH,5 years,0.0
1500.0,2007-12-02,debt_consolidation,685.0,35%,284xx,NC,4 years,0.0
7000.0,2008-10-15, ,671.0,36.77%,660xx,KS,10+ years,0.0
25000.0,2007-09-19,"I am a retired engineer, working on a high efficiency engine to solve global warming.  My budget is too tight to allow work on project due to old credit card balances.  Loan will be used to pay off credit cards, freeing up extra income to work on the engine.  I have 40 acres of land near Logan, Utah.  It didn't sell so decided to use it for a loan.  I would like to pay $300 per month at 7.5% interest.",630.0,24.11%,840xx,UT,< 1 year,0.0
5000.0,2007-12-13,BradenJ,454.0,6.16%,489xx,MI,2 years,0.0
15000.0,2007-12-26,debt_consolidation,682.0,18.38%,908xx,CA,2 years,0.0
4000.0,2008-06-13,Help with debt,469.0,13.85%,271xx,NC,1 year,0.0
3500.0,2009-04-30,last hope,539.0,22.55%,334xx,FL,5 years,0.0
2000.0,2007-12-13,difogo,480.0,22.93%,021xx,MA,6 years,0.0
15000.0,2008-02-23,other,777.0,0.23%,085xx,NJ,6 years,0.0
5000.0,2009-03-29, ,652.0,21.35%,853xx,AZ,3 years,0.0
7500.0,2008-06-26,home,506.0,12.59%,910xx,CA,10+ years,0.0
5000.0,2009-01-24,Paying off rent early,626.0,19.2%,210xx,MD,2 years,0.0
2500.0,2008-07-05,short term possibly 2 years?,530.0,19.18%,609xx,IL,9 years,0.0
15000.0,2008-02-07,Arty3,626.0,27.52%,946xx,CA,3 years,0.0
15000.0,2008-12-29,Reduce CC debt,570.0,3.02%,349xx,FL,10+ years,0.0
10000.0,2009-02-09,ConsolidateDebt-Using401k,577.0,16.72%,601xx,IL,5 years,0.0
10000.0,2008-03-24,credit card consolidation,719.0,31.71%,505xx,IA,< 1 year,0.0
8000.0,2008-12-18,Credit Card Refinance and Elimination,660.0,46.78%,802xx,CO,10+ years,0.0
6000.0,2008-11-19,Paying Bills,539.0,111.25%,113xx,NY,2 years,0.0
15000.0,2008-12-19,Business Machine Repair,681.0,76.08%,970xx,OR,5 years,0.0
2000.0,2008-09-28,Car Loan,512.0,0%,171xx,PA,< 1 year,0.0
8000.0,2007-12-17,debt_consolidation,706.0,32.4%,794xx,TX,8 years,0.0
6000.0,2009-03-16,Debt Consolidation Loan,611.0,7.78%,553xx,MN,3 years,0.0
20000.0,2009-03-05,Six Figure Earner Needs To Consolidate,641.0,17.05%,320xx,FL,6 years,0.0
25000.0,2008-04-07,Inventory for retail store/ecommerse,529.0,0%,482xx,MI,10+ years,0.0
15000.0,2008-12-19,Initial Business Loan,781.0,25.13%,600xx,IL,7 years,0.0
1000.0,2008-05-19,"Please Help, Thanks I appreciate it",660.0,11.76%,570xx,SD,< 1 year,0.0
2500.0,2008-11-18,new beginning,542.0,21.43%,300xx,GA,< 1 year,0.0
10000.0,2009-01-07,Help,462.0,13.53%,349xx,FL,6 years,0.0
12000.0,2007-12-12,MacMcguirk,653.0,41.8%,226xx,VA,2 years,0.0
7000.0,2008-09-04,Investing in Education,673.0,2.96%,958xx,CA,2 years,0.0
12450.0,2007-12-01,"WHY I NEED A LOAN 	Sixteen years ago I started a business that was on its way the first 12 months to netting $120,000- pretax profit. 	Then, suddenly, I had a nervous breakdown. Couldn't work. No motivation. Exhausted my savings. Had to go on early, discounted Social Security. 	Thanks largely to my anti-depressant, I chucked all symptoms except one: no matter how early nor late I went to bed, I couldn't get up in the morning for work. If I tried even walking downstairs for the paper before my brain said ""OK,"" I'd get sick to my stomach, unable to do anything productive the rest of the day. 	I got wind of a hospital's sleep lab. ""You have 'restless leg syndrome,' advised the doctor. ""I'd like to start you on this new medicine.""  	A few weeks ago I realized that no matter what time I had been going to bed, so long as my brain was comfortable with the notion...and I had had 8 to 9 hours in bed the night before, I could safely get up for the day. Nor, most times, would I feel the least drowsy until bedtime. 	From a previous 14 to 15 total bed hours nightly  I had needed for several previous years, I now needed but 8 or 9. 	My doctor and I both figure that, if I was ""running a Marathon nightly in my sleep, eventually I'd run out of energy. And stop thrashing. And sleep motionless. Until rested. No wonder I needed 6-7 extra hours in bed.""  MY FINANCIAL SITUATION 	Voila! I could now re-start my profession. Except..........the paradox...the irony of it all...was...now that I'm fit and ready to roll, I don't have the money I need to jump-start my former business.                 I'm confident I'll net at least $100,000- first 12 months. 	While I was a New York City-based actor, I taught as a hired gun for Communispond, the world's first, and by far premier trainers of top, multi-national, corporate executives in stand-up presentation and media skills. 3,000 +  CEOs, EVPs and other officers, supervisors and ""comers"" with such well-known, respected companies as IBM, GM, ATT, PepsiCo, 3M, etc. 	A typical post-program participant comment was, ""Wow! I should have taken this 20 years ago!""                 I quit in order to create a more versatile, measurable program. I researched, developed, tested before audiences the most versatile, most effective, simplest to use stand-up presentation skills program on the world market. 	It serves any speaker, under any circumstances, speaking to any size audience on any topic on which the speaker is expert. And.....measure results against intention.....anonymously. 	I give a full, money-back guarantee. My graduates (1) don't memorize a thing, (2) don't use notes, (3) they neither write nor read long-winded, boring, speeches! 	I got six huge photo-features in major NYC suburban daily papers, plus, a piece in an Albuquerque, New Mexico daily. 	I wrote and published PRESENTER.  Got glowing testimonials from the top human resources officers of Fortune 500 companies and Dr. Norman Vincent Peale.  SPECIAL BONUS OFFER 	If I achieve my loan request, I will give you, absolutely FREE, one autographed copy of PRESENTER *  for each one-thousand DOLLARS OF YOUR LOAN. For example, if you take $3,000- of the loan, I'll give you 3 copies of my book; one-thousand, one copy. Eight hundred fifty dollars? sorry, no FREE, autographed book.   *       Praised by top, multi-national corporate human resource VPs, EVPs such as Gannett Corp., ConAgra, Gibson Greetings, 3M...and the late Norman Vincent Peale.          Please allow 6-8 weeks for delivery of new and revised, second edition, PRESENTER, printing.  ",552.0,7.56%,124xx,NY,10+ years,0.0
7000.0,2009-03-07,Mortgage Assistance,449.0,21.45%,935xx,CA,1 year,0.0
20000.0,2009-03-05,Boat loan,562.0,8100%,021xx,MA,10+ years,0.0
4000.0,2009-04-23,Education,550.0,1.2%,799xx,TX,< 1 year,0.0
2000.0,2008-11-12,Helpmeoutbygivingmechancetobuildmycredit,674.0,0%,286xx,NY,10+ years,0.0
1600.0,2008-08-15,Future school teacher - Indiana Univ. ,442.0,44.31%,466xx,IN,2 years,0.0
10200.0,2008-10-21, ,655.0,11.25%,148xx,NY,2 years,0.0
2500.0,2009-01-06,personnal loan,617.0,18.12%,945xx,CA,1 year,0.0
15000.0,2009-03-11, ,647.0,11.3%,215xx,MD,< 1 year,0.0
2000.0,2008-05-07,Just Refinancing a credit card ,664.0,0.3%,550xx,MN,2 years,0.0
10000.0,2008-10-19, ,695.0,36.64%,066xx,CT,1 year,0.0
2000.0,2008-09-12,Personal Loan ,434.0,18.61%,962xx,NY,5 years,0.0
1000.0,2007-09-12,gr8dancer_05,389.0,3.45%,668xx,KS,< 1 year,0.0
500.0,2008-03-17,Need Help Moving,522.0,10.2%,285xx,NC,< 1 year,0.0
15000.0,2009-03-10, ,710.0,26.48%,980xx,WA,10+ years,0.0
4000.0,2009-01-29, ,701.0,49.83%,551xx,MN,10+ years,0.0
4000.0,2008-04-11,home improvement and car,706.0,19.29%,481xx,MI,1 year,0.0
7500.0,2008-03-12,Marketing capital for web entrepreneur,534.0,22.71%,142xx,NY,1 year,0.0
5500.0,2009-03-28,Send me a blessing!!,506.0,34.39%,750xx,TX,< 1 year,0.0
25000.0,2008-10-28,Living out Life Purpose ,659.0,26.56%,900xx,CA,< 1 year,0.0
25000.0,2009-04-27,sallie mae consolidation,541.0,34.8%,775xx,TX,< 1 year,0.0
5000.0,2008-06-17, ,684.0,35.7%,232xx,VA,10+ years,0.0
3200.0,2007-11-21,Stevefriend,532.0,6.72%,917xx,CO,9 years,0.0
10000.0,2008-12-19,Startup Needs Funds - Bridge Investments,628.0,106.26%,902xx,CA,< 1 year,0.0
6000.0,2008-12-28,Refinance,534.0,3.2%,980xx,WA,5 years,0.0
8275.0,2007-10-08,tnc19,691.0,1.84%,272xx,NC,6 years,0.0
5500.0,2009-05-18,Purchasing a condo close to school,614.0,19.78%,920xx,CA,2 years,0.0
4000.0,2008-10-16,moving  back to florida,529.0,23.95%,454xx,OH,10+ years,0.0
6500.0,2008-03-01,drkangelslove,450.0,3.19%,327xx,FL,2 years,0.0
6000.0,2008-12-10,Personal loan,712.0,29.28%,300xx,GA,< 1 year,0.0
20000.0,2009-04-01,Porkchops,654.0,2.09%,331xx,FL,< 1 year,0.0
10000.0,2009-02-21,Xi Loan,651.0,9.02%,917xx,CA,3 years,0.0
2500.0,2008-04-24,pay off,470.0,59.17%,805xx,CO,< 1 year,0.0
10500.0,2008-04-01,Consolidate Debt due to Medical Crisis,626.0,17.82%,836xx,ID,10+ years,0.0
18000.0,2008-03-22,Credit card consolidation,496.0,34.17%,200xx,DC,< 1 year,0.0
3000.0,2007-10-13,DTRAIN1974,638.0,11.57%,336xx,FL,2 years,0.0
1000.0,2008-04-12,Restarting Profitable Business ,0.0,0%,306xx,GA,4 years,0.0
25000.0,2009-05-08,cook,485.0,15.24%,713xx,LA,10+ years,0.0
3900.0,2007-11-14,market2u,660.0,53.84%,473xx,IN,9 years,0.0
7500.0,2007-12-17,Workinghard,534.0,22.18%,652xx,MO,1 year,0.0
15000.0,2009-04-09,pay Back CC advance at better rate,593.0,2.6%,344xx,FL,< 1 year,0.0
4300.0,2009-05-13,Consolidate debt,681.0,1.09%,386xx,MS,5 years,0.0
1000.0,2007-06-26,CrawfordsGirl,493.0,18.84%,551xx,MN,< 1 year,0.0
15000.0,2009-05-10,Business Expansion and Tax Bill,578.0,1.32%,212xx,MD,1 year,0.0
10000.0,2009-04-10,Consolidate debt,671.0,31.6%,288xx,SC,1 year,0.0
2000.0,2008-06-05,Working Capital,600.0,4.88%,666xx,KS,3 years,0.0
5000.0,2008-11-12,Hand ,664.0,4%,190xx,PA,< 1 year,0.0
12100.0,2008-03-07,High-Interest Revolving Acct Nightmare,592.0,51.43%,535xx,WI,6 years,0.0
10000.0,2009-03-18,Pay off debts,0.0,0%,770xx,TX,3 years,0.0
2000.0,2007-11-20,abebe82,459.0,26.94%,381xx,TN,< 1 year,0.0
6500.0,2008-08-08,Must Pay Off Home We Are Renting To Own,627.0,0%,298xx,SC,5 years,0.0
4000.0,2008-07-13,wedding/honeymoon,657.0,6.39%,170xx,PA,7 years,0.0
25000.0,2009-05-01,Student Loan for school and housing,685.0,10.5%,600xx,IL,< 1 year,0.0
23500.0,2007-09-28,mmil444,554.0,0%,300xx,GA,2 years,0.0
1000.0,2009-04-16,Need Infected Tooth Pulled FAST!!!!,459.0,0.72%,907xx,CA,5 years,0.0
25000.0,2007-06-20,ajo,589.0,5.74%,560xx,MN,2 years,0.0
3000.0,2008-06-24,Help me get out of debt,513.0,22.22%,402xx,KY,< 1 year,0.0
3000.0,2007-06-28,Melodyrcr,639.0,56.27%,708xx,LA,2 years,0.0
4000.0,2009-03-14,Starting a new life,512.0,250.23%,453xx,OH,10+ years,0.0
10000.0,2009-05-17,pay off loan,640.0,21.93%,900xx,CA,2 years,0.0
5000.0,2008-12-14,Car,511.0,0%,707xx,LA,10+ years,0.0
3500.0,2009-03-19,Rx Technician Loan,687.0,29.58%,948xx,CA,< 1 year,0.0
18000.0,2009-03-08,Business Loan,682.0,40.5%,453xx,OH,4 years,0.0
25000.0,2007-10-14,roth1975,730.0,7.54%,440xx,OH,3 years,0.0
5000.0,2009-04-30, ,752.0,25.47%,532xx,WI,2 years,0.0
7000.0,2009-05-06,daniels bill pay loan,636.0,9.39%,109xx,NY,5 years,0.0
5500.0,2009-01-17,Personal Loan,488.0,6.74%,065xx,CT,10+ years,0.0
2500.0,2009-04-20,Case Western Reserve MPOD Student,479.0,0%,165xx,PA,< 1 year,0.0
3500.0,2008-10-15, ,723.0,26.15%,187xx,PA,< 1 year,0.0
4000.0,2007-09-13,kylebragger,495.0,0.32%,112xx,NY,2 years,0.0
25000.0,2007-10-30,Mamacomet,669.0,43.2%,109xx,NY,10+ years,0.0
1500.0,2009-05-14,Student Loan,700.0,186.24%,974xx,OR,< 1 year,0.0
10000.0,2008-03-04,debt_consolidation,717.0,26.1%,765xx,TX,6 years,0.0
10000.0,2009-01-14, ,686.0,27.42%,926xx,CA,3 years,0.0
6000.0,2009-04-20, ,700.0,2.31%,329xx,FL,1 year,0.0
2500.0,2009-04-17,personal loan,490.0,30.51%,423xx,KY,4 years,0.0
5500.0,2007-10-12,baebaekidz,569.0,14.76%,454xx,OH,< 1 year,0.0
6000.0,2008-10-28,Loving father,576.0,10.87%,972xx,OR,< 1 year,0.0
3000.0,2008-10-16,loan needed to stop foreclosure,421.0,2.55%,631xx,MO,< 1 year,0.0
2000.0,2007-08-08,dasha,577.0,3.59%,365xx,AL,< 1 year,0.0
20000.0,2008-03-28,working capital,562.0,0%,333xx,FL,10+ years,0.0
1000.0,2008-08-17,personal loan,673.0,10.34%,027xx,MA,5 years,0.0
9000.0,2008-03-22,consolidated loan,640.0,18.76%,786xx,TX,6 years,0.0
8000.0,2009-03-02,College Loan,652.0,3.34%,846xx,UT,3 years,0.0
7275.0,2008-07-23,Consoldating CCs to One Payment,559.0,33.07%,670xx,KS,10+ years,0.0
20000.0,2008-02-10,other,700.0,21.79%,446xx,OH,8 years,0.0
5000.0,2008-10-28,PAY OFF PROPERTY TAXES AND CREDIT CARD,634.0,30.87%,125xx,NY,10+ years,0.0
10000.0,2009-04-13, ,648.0,12.36%,394xx,MS,10+ years,0.0
1000.0,2008-03-01,dfrf0706,559.0,16.49%,023xx,MA,2 years,0.0
15000.0,2009-03-01, ,659.0,5.23%,112xx,NY,2 years,0.0
8500.0,2009-03-28,personal loan ,605.0,39.36%,441xx,OH,4 years,0.0
1000.0,2009-04-04,Loan for Active Military Member,448.0,140.86%,809xx,CO,2 years,0.0
5000.0,2009-04-26,loan,647.0,6.74%,958xx,CA,10+ years,0.0
7000.0,2009-01-06,car for work,701.0,8.08%,607xx,IL,1 year,0.0
2500.0,2009-04-08,My school funding,471.0,0%,437xx,OH,< 1 year,0.0
6000.0,2008-12-01,Loan $6000,488.0,6.38%,926xx,CA,< 1 year,0.0
20000.0,2009-04-16,education loan ,432.0,14.83%,330xx,FL,3 years,0.0
7000.0,2007-12-13,abaqus37,575.0,32.17%,480xx,MI,2 years,0.0
20000.0,2009-03-04,Media Buyig Business ,571.0,12.41%,166xx,PA,10+ years,0.0
10000.0,2008-02-21,debt_consolidation,616.0,32%,275xx,NC,2 years,0.0
15000.0,2009-03-19,IN need of Help,571.0,380.8%,302xx,GA,10+ years,0.0
2000.0,2008-06-30, ,750.0,68.78%,741xx,OK,< 1 year,0.0
9200.0,2008-04-07,Good riddence credit cards!,628.0,27.62%,507xx,IA,10+ years,0.0
10000.0,2008-05-28, ,597.0,4.75%,300xx,GA,< 1 year,0.0
10000.0,2009-04-17,catch up !!,549.0,11.73%,917xx,CA,10+ years,0.0
6000.0,2009-04-22,Tammy Spaid,515.0,0%,226xx,VA,10+ years,0.0
12000.0,2008-12-16,Start up Business Loan,603.0,6.07%,920xx,CA,5 years,0.0
25000.0,2008-01-20,GGriffs,589.0,34.32%,386xx,MS,6 years,0.0
3000.0,2008-12-16,Residential Realtor Making a Difference!,576.0,1.78%,336xx,FL,10+ years,0.0
25000.0,2008-03-05,50k in credit cards,590.0,11.63%,554xx,MN,1 year,0.0
1000.0,2007-12-27,texas,543.0,0%,774xx,TX,1 year,0.0
30000.0,2009-05-14, ,633.0,4.15%,970xx,OR,4 years,0.0
5000.0,2008-12-04,Please help,445.0,61.81%,498xx,MI,10+ years,0.0
20000.0,2008-03-24,debt_consolidation,641.0,22.92%,294xx,SC,< 1 year,0.0
1800.0,2008-10-20, ,713.0,20.89%,706xx,LA,3 years,0.0
15000.0,2008-12-28,high risk pregnancy- ended in stillbirth,658.0,33.4%,916xx,CA,3 years,0.0
15000.0,2009-03-27,Automotive purchase,478.0,7.71%,894xx,NV,2 years,0.0
1000.0,2008-07-31,Business Trip Financing,701.0,16.97%,504xx,IA,< 1 year,0.0
4000.0,2009-03-06,personal loan ,458.0,35.47%,440xx,OH,1 year,0.0
7000.0,2008-12-26,Getting out of debt,637.0,6.37%,561xx,MN,4 years,0.0
1000.0,2009-02-20,to pay bills,546.0,34.8%,967xx,HI,8 years,0.0
2500.0,2008-11-14,Trying to pay medical expenses,452.0,15.5%,312xx,GA,3 years,0.0
20000.0,2008-01-29,debt_consolidation,658.0,1.6%,191xx,PA,2 years,0.0
6000.0,2008-12-25,Car,463.0,25.88%,286xx,SC,1 year,0.0
2500.0,2009-03-09,personal,644.0,33.55%,019xx,MA,2 years,0.0
15000.0,2009-02-20,personal loan,598.0,0.67%,191xx,PA,3 years,0.0
7500.0,2008-08-13,Debt condolidation,692.0,30.21%,230xx,VA,< 1 year,0.0
25000.0,2007-11-19,kimsmom1,691.0,34.88%,282xx,NC,10+ years,0.0
6000.0,2008-02-13,kimberlycoleman4,484.0,0%,641xx,MO,1 year,0.0
5000.0,2009-04-15,sugery,557.0,0%,425xx,KY,8 years,0.0
5000.0,2008-04-16,Need to pay off cards at lower rate!!,488.0,0.81%,263xx,WV,5 years,0.0
5000.0,2008-01-25,jimmy618,549.0,45.07%,442xx,OH,10+ years,0.0
3000.0,2008-10-22,Help Me!,556.0,13.82%,958xx,CA,10+ years,0.0
1000.0,2008-08-12,Consolidate Debt,642.0,37.91%,605xx,IL,2 years,0.0
5000.0,2007-12-18,chromeangel,416.0,25.4%,841xx,UT,1 year,0.0
2000.0,2007-11-30,other,653.0,40.89%,115xx,NY,3 years,0.0
13000.0,2009-03-30, ,693.0,30.6%,631xx,MO,4 years,0.0
6000.0,2008-12-19,PERSONAL LOAN,701.0,16.28%,331xx,FL,10+ years,0.0
10000.0,2008-10-21, ,0.0,0%,191xx,PA,3 years,0.0
15000.0,2009-03-13,pesal,498.0,682.91%,440xx,OH,5 years,0.0
2200.0,2007-06-21,velodave,596.0,0.5%,432xx,OH,2 years,0.0
1000.0,2008-12-15,Invest in DOWNLOADSZILLA.COM,705.0,9.12%,775xx,TX,< 1 year,0.0
15000.0,2009-04-29,SCHOOL,585.0,9.84%,482xx,MI,2 years,0.0
21000.0,2007-12-31,silentmeow12,690.0,17.85%,021xx,MA,4 years,0.0
25000.0,2009-04-29,Student Loan,688.0,28.84%,957xx,CA,3 years,0.0
11000.0,2009-04-29,For a paramedic program,530.0,18.15%,461xx,IL,< 1 year,0.0
5000.0,2008-01-14,jerekat,624.0,42.37%,841xx,UT,< 1 year,0.0
8000.0,2007-11-14,dso61,644.0,53.56%,684xx,NE,< 1 year,0.0
10000.0,2008-01-22,other,653.0,17%,921xx,CA,2 years,0.0
1000.0,2009-03-31,Human Resources Assistant,660.0,48.86%,386xx,MS,2 years,0.0
15000.0,2009-01-05,Fresh Start,483.0,31.29%,346xx,FL,< 1 year,0.0
5000.0,2008-01-24,donnakawa,493.0,8.98%,437xx,OH,5 years,0.0
10000.0,2008-11-14, ,638.0,5.06%,190xx,PA,5 years,0.0
4500.0,2008-05-09,Sold Automobile,595.0,27.85%,234xx,VA,3 years,0.0
25000.0,2007-11-19,AYAN NA,530.0,9.04%,104xx,NY,10+ years,0.0
25000.0,2008-03-24,Debt Consolidation,715.0,28.34%,346xx,FL,7 years,0.0
6000.0,2009-03-31,Collecting my judgment for my cp,741.0,35.59%,921xx,CA,5 years,0.0
20000.0,2008-11-23,Helpful Funding,599.0,63.91%,992xx,WA,< 1 year,0.0
22525.0,2008-10-25,Renovating Rental Housing,743.0,28.67%,172xx,PA,3 years,0.0
10000.0,2009-03-22,Teacher w/ Masters Needs Continuing Ed ,661.0,3.51%,117xx,NY,1 year,0.0
15000.0,2008-12-29,pay debt,730.0,11.46%,945xx,CA,4 years,0.0
15000.0,2009-02-06,personal loan,522.0,7.91%,028xx,RI,1 year,0.0
7000.0,2008-11-12,Student in Need ,526.0,22.64%,021xx,MA,1 year,0.0
1500.0,2008-12-19,Credit card Consolidation,493.0,17.04%,902xx,CA,< 1 year,0.0
25000.0,2008-01-13,ljtton,665.0,12.9%,130xx,NY,8 years,0.0
1500.0,2009-04-29,school,0.0,0%,432xx,OH,2 years,0.0
25000.0,2008-10-20,Help Loan,711.0,27.32%,907xx,CA,6 years,0.0
20000.0,2008-02-16,ActressInNeed,0.0,0%,329xx,FL,< 1 year,0.0
3000.0,2008-01-15,sharutes,584.0,36.59%,515xx,IA,7 years,0.0
3000.0,2009-04-14,Retrieving Fiancee,0.0,0%,382xx,TX,< 1 year,0.0
3000.0,2008-08-31,Family First,524.0,5.54%,974xx,OR,< 1 year,0.0
25000.0,2007-11-02,sourman7,612.0,21.99%,368xx,AL,< 1 year,0.0
1500.0,2008-10-20,Re-Build Credit,620.0,19.9%,329xx,FL,6 years,0.0
14000.0,2007-11-10,Trager,429.0,1.31%,282xx,NC,2 years,0.0
15000.0,2009-02-13, ,680.0,82.1%,916xx,CA,< 1 year,0.0
15000.0,2008-12-29,Loan Backed By Real Property,692.0,28%,954xx,CA,10+ years,0.0
1000.0,2008-11-04,Laptop,713.0,2%,233xx,VA,< 1 year,0.0
2500.0,2008-05-29,Need loan to help with a move,514.0,0%,190xx,PA,2 years,0.0
25000.0,2008-04-05,Initial Capital - Contract Fulfillment,0.0,0%,223xx,VA,2 years,0.0
2500.0,2008-01-17,nebrlander,453.0,0%,691xx,NE,10+ years,0.0
10000.0,2008-01-03,wild4lendingclub,565.0,4.16%,940xx,CA,6 years,0.0
5000.0,2009-04-21,moving loan,554.0,7.34%,085xx,NJ,1 year,0.0
7500.0,2008-05-05,Working to pay off my debt,626.0,28.64%,941xx,CA,< 1 year,0.0
1000.0,2008-10-14,Entrepreneur Bussiness Loan,0.0,0%,986xx,WA,4 years,0.0
12000.0,2008-12-11,Need some help,576.0,12.56%,300xx,GA,1 year,0.0
5000.0,2009-03-16,PLEASE!!!! :),439.0,2.48%,349xx,FL,10+ years,0.0
5000.0,2008-04-02,Medical Expenses,645.0,17.62%,553xx,MN,3 years,0.0
4000.0,2007-12-06,debt_consolidation,684.0,7.07%,211xx,MD,< 1 year,0.0
15900.0,2009-04-02, ,774.0,21.05%,770xx,TX,2 years,0.0
5000.0,2009-05-03,toms loan ,644.0,9.68%,115xx,NY,1 year,0.0
2000.0,2009-02-04,moving,559.0,49.73%,300xx,GA,< 1 year,0.0
5000.0,2009-04-27,Car and Home Repairs,679.0,13.73%,761xx,TX,10+ years,0.0
18000.0,2008-02-11,Consolidation,663.0,8.3%,923xx,CA,4 years,0.0
10000.0,2008-03-01,maryjoella,473.0,26.84%,786xx,TX,10+ years,0.0
1000.0,2007-11-12,CCat,470.0,29.68%,100xx,NY,6 years,0.0
6000.0,2009-04-19,Major purchase,592.0,0%,551xx,MN,5 years,0.0
14500.0,2009-05-16,Student Loan,618.0,33.43%,108xx,NY,< 1 year,0.0
15000.0,2008-12-26,Toyota Financial,495.0,15.67%,917xx,CA,1 year,0.0
1000.0,2008-11-19,girlfriend,639.0,42.38%,165xx,PA,3 years,0.0
25000.0,2009-05-15,SCAD Student loan,721.0,6.48%,490xx,MI,< 1 year,0.0
3000.0,2009-03-23,College education loan,604.0,6.8%,234xx,VA,< 1 year,0.0
25000.0,2008-04-07,Full Circle Insurance business loan,482.0,188.49%,347xx,FL,< 1 year,0.0
13000.0,2008-01-09,BTTJ417,608.0,0%,349xx,FL,3 years,0.0
15000.0,2009-01-20,consolidating loans for better rate,669.0,10.08%,301xx,GA,3 years,0.0
10500.0,2008-11-12, ,0.0,0%,787xx,TX,1 year,0.0
9600.0,2008-02-16,Wedding,655.0,0.31%,432xx,OH,4 years,0.0
3000.0,2008-08-06, ,599.0,5%,117xx,NY,< 1 year,0.0
1000.0,2009-01-23,LOAN 1,517.0,2.4%,115xx,NY,1 year,0.0
5000.0,2008-09-04,REFINANCE CREDIT CARD'S,657.0,1054.47%,986xx,WA,< 1 year,0.0
20000.0,2009-02-21, ,605.0,17.92%,450xx,OH,10+ years,0.0
2000.0,2008-12-05,loan for school,482.0,0%,212xx,MD,7 years,0.0
2500.0,2009-04-07,joing the Navy,579.0,13.7%,920xx,CA,7 years,0.0
7500.0,2008-04-09,Helping Hand-Family On Track-Consolidate,718.0,32.57%,081xx,NJ,3 years,0.0
8000.0,2009-02-24,Ice MAn,481.0,295.3%,333xx,FL,1 year,0.0
20000.0,2009-03-28,little help with debt consolidation,647.0,13.05%,944xx,CA,1 year,0.0
2500.0,2008-06-22,take vaction ,540.0,17.77%,370xx,TN,5 years,0.0
25000.0,2008-01-18,timb,557.0,26.39%,276xx,NC,1 year,0.0
1500.0,2009-05-06,Pursuing CNA,421.0,1.09%,112xx,NY,< 1 year,0.0
22000.0,2008-01-13,greeneyes,565.0,18.55%,951xx,CA,6 years,0.0
4000.0,2008-09-25,Little Sister's Wedding,682.0,25.2%,922xx,CA,10+ years,0.0
3550.0,2008-10-23,Hannahs Education,646.0,16.88%,015xx,MA,1 year,0.0
20000.0,2008-11-26,Unsecured Loan,686.0,22.15%,770xx,TX,< 1 year,0.0
20000.0,2007-10-26,leah721,456.0,0.4%,127xx,NY,5 years,0.0
5000.0,2009-04-03, ,658.0,8.95%,064xx,CT,7 years,0.0
2000.0,2008-03-21,Money to get back to college,507.0,11.49%,486xx,MI,< 1 year,0.0
2000.0,2009-05-01,Summer Courses,486.0,13.83%,109xx,NY,< 1 year,0.0
3000.0,2008-11-18,Debt Consolidation Prior to Grad School,660.0,11.29%,972xx,OR,1 year,0.0
1000.0,2008-08-06,Refrigerator & Baby,439.0,18.97%,930xx,CA,< 1 year,0.0
15000.0,2009-02-12,cfo,764.0,5.18%,750xx,TX,4 years,0.0
10000.0,2009-03-11,refinance loan,515.0,59.09%,025xx,MA,10+ years,0.0
8000.0,2008-03-25,To pay bills,715.0,26.98%,156xx,PA,2 years,0.0
9000.0,2008-10-24,Pay for School and Books,569.0,79.1%,300xx,GA,< 1 year,0.0
4000.0,2009-04-15,summer school 2009,641.0,127.2%,601xx,IL,< 1 year,0.0
5000.0,2007-10-22,courts59,547.0,30.62%,857xx,AZ,< 1 year,0.0
5000.0,2007-10-13,Onceinthelandof2,585.0,9.42%,067xx,CT,10+ years,0.0
25000.0,2009-05-12,Seasonal Loan For Business,767.0,25.27%,452xx,OH,10+ years,0.0
6500.0,2008-05-13,personal,715.0,9.49%,790xx,TX,10+ years,0.0
5500.0,2008-01-30,chersy,487.0,2.93%,928xx,CA,10+ years,0.0
2275.0,2009-05-15,For My Sons education and ,696.0,0%,107xx,NY,< 1 year,0.0
5000.0,2008-06-11,Katrina Damages,486.0,23.47%,700xx,LA,1 year,0.0
3000.0,2009-02-09,CONSOLIDATION LOAN,469.0,27.17%,749xx,OK,10+ years,0.0
2000.0,2008-01-03,Mr. Crouse,565.0,6.16%,334xx,FL,1 year,0.0
15000.0,2008-01-20,jsreedy,696.0,31.04%,774xx,TX,10+ years,0.0
10000.0,2009-04-07,Business start up,657.0,9.08%,019xx,MA,8 years,0.0
5000.0,2008-11-26,Loan for Dentist Work,546.0,26.87%,535xx,WI,5 years,0.0
17000.0,2009-03-18,Re-finance Truck Loan,555.0,146.07%,328xx,FL,< 1 year,0.0
7000.0,2009-04-18,Refinance 26% card,635.0,22.34%,786xx,TX,9 years,0.0
18000.0,2009-04-21,cabinet installation,647.0,1.9%,754xx,TX,7 years,0.0
6000.0,2008-12-05,alex's loan,671.0,32.5%,064xx,CT,10+ years,0.0
700.0,2008-02-22,mikla99,612.0,13.47%,191xx,PA,< 1 year,0.0
20000.0,2008-02-29,Basement Remodel,716.0,1.54%,481xx,MI,2 years,0.0
15000.0,2009-01-20,shear Perfection Lawn Service,720.0,53.85%,342xx,FL,1 year,0.0
20000.0,2009-01-31, ,706.0,27.81%,852xx,AZ,2 years,0.0
14000.0,2009-02-26,Consolidating my bills,611.0,31.51%,178xx,PA,3 years,0.0
7500.0,2007-10-03,Vesabela,479.0,0%,217xx,MD,1 year,0.0
8000.0,2007-12-11,sonhanguyen,678.0,25.06%,335xx,FL,5 years,0.0
25000.0,2008-11-12,Credit Card Consolidation,679.0,13.97%,234xx,VA,5 years,0.0
10000.0,2009-05-02,better interest rate,600.0,26.92%,903xx,CA,6 years,0.0
2500.0,2008-01-19,I would like to pay off several credit cards and start a savings account.  I cannot do both as quickly as I would like to. ,623.0,13.45%,234xx,VA,< 1 year,0.0
7000.0,2008-02-13,other,703.0,44.08%,250xx,WV,10+ years,0.0
3500.0,2008-05-05,Payoff credit cards to refinance,630.0,17.15%,852xx,AZ,3 years,0.0
2000.0,2009-04-18,wedding,671.0,2.56%,951xx,CA,2 years,0.0
20000.0,2008-02-11,gigismum,639.0,22.5%,021xx,MA,< 1 year,0.0
10000.0,2009-02-27,The next great supeheros.,480.0,6.91%,085xx,NJ,8 years,0.0
5000.0,2007-11-04,mlam98,548.0,0.81%,087xx,NJ,3 years,0.0
3000.0,2007-07-02,salman_khan,600.0,2.18%,114xx,NY,1 year,0.0
7000.0,2008-09-17,Help My Husband and I Consolidate Debt,603.0,45.04%,473xx,IN,2 years,0.0
25000.0,2009-05-02,Student Loans,495.0,28.48%,328xx,FL,< 1 year,0.0
6000.0,2007-12-13,tjrm2007,514.0,12.95%,479xx,IN,10+ years,0.0
7500.0,2008-07-24,refinance,563.0,17.69%,773xx,TX,10+ years,0.0
8000.0,2008-12-20,Housework and Art,507.0,1.93%,104xx,NY,< 1 year,0.0
2500.0,2009-03-28,Personal Loan,608.0,47.16%,941xx,CA,< 1 year,0.0
20000.0,2008-01-20,ewanfive,471.0,18.82%,342xx,FL,2 years,0.0
7200.0,2007-09-12,Personal Loan,686.0,24.98%,146xx,NY,< 1 year,0.0
5000.0,2009-04-21,Short term bridge to future,652.0,72.76%,088xx,NJ,7 years,0.0
12500.0,2008-07-15,Help VET get this dream home,634.0,7.61%,852xx,AZ,10+ years,0.0
11450.0,2008-02-09,debt_consolidation,645.0,17.07%,934xx,CA,4 years,0.0
6500.0,2009-03-23,Back on track,656.0,23.3%,218xx,MD,< 1 year,0.0
2000.0,2008-08-12,Money for School and expenses,684.0,24.4%,462xx,IN,2 years,0.0
15000.0,2008-12-16,Loan for Business Equipment,745.0,3.08%,786xx,TX,3 years,0.0
3500.0,2008-04-12,Full 4 School,589.0,16.69%,280xx,NC,1 year,0.0
12000.0,2008-12-18, ,648.0,40.2%,176xx,PA,4 years,0.0
5000.0,2008-06-15, ,565.0,2.77%,900xx,CA,4 years,0.0
5000.0,2008-03-21,debt_consolidation,634.0,12.14%,029xx,RI,< 1 year,0.0
17000.0,2008-01-31,home_improvement,715.0,31.25%,672xx,KS,10+ years,0.0
3000.0,2007-11-29,jknafelc25,0.0,0%,308xx,GA,< 1 year,0.0
6500.0,2009-02-21,Breaking free from the credit card hold,672.0,34.28%,967xx,HI,1 year,0.0
14500.0,2008-03-09,debt_consolidation,636.0,17.39%,038xx,NH,< 1 year,0.0
2000.0,2008-06-21,Internet Retail Startup,583.0,8.67%,040xx,ME,4 years,0.0
10000.0,2008-11-20,Getting Ahead,485.0,267.2%,531xx,WI,4 years,0.0
3500.0,2009-04-02,wedding loan,606.0,15.64%,322xx,FL,4 years,0.0
3000.0,2009-03-04,need help to relocate!,491.0,26.13%,631xx,MO,< 1 year,0.0
15000.0,2007-11-29,debt_consolidation,621.0,19.1%,025xx,MA,6 years,0.0
5000.0,2008-06-25,Rebound from divorce,439.0,1.04%,300xx,GA,1 year,0.0
6000.0,2008-09-29,House fixup for sale,643.0,2.26%,870xx,NM,3 years,0.0
5000.0,2008-07-28, ,713.0,0.5%,128xx,NY,< 1 year,0.0
7500.0,2009-05-15,Willing to pay higher interest rates,536.0,1.48%,282xx,SC,2 years,0.0
4000.0,2008-11-11,debt consolidation/home repairs,538.0,5.24%,120xx,NY,7 years,0.0
2000.0,2008-08-25,Rental Deposit for Home,700.0,9%,916xx,CA,1 year,0.0
5500.0,2008-03-24,Consolidation,587.0,15.63%,310xx,GA,< 1 year,0.0
11000.0,2009-02-10,New home after a year without.,669.0,43.75%,480xx,MI,< 1 year,0.0
7500.0,2008-12-17,$7500 To Consolidate Credit Cards,584.0,23.4%,244xx,VA,< 1 year,0.0
2500.0,2008-11-12,need a car,546.0,6.29%,551xx,MN,1 year,0.0
14000.0,2007-12-07,bmlongmire,603.0,41.33%,301xx,GA,< 1 year,0.0
8000.0,2009-03-03,seperating from alcholoic abusive wife,676.0,11.11%,070xx,NJ,10+ years,0.0
8000.0,2009-03-03,Mixed Loan,717.0,3.92%,328xx,FL,3 years,0.0
7500.0,2008-04-17,Please Help Me ,502.0,26.35%,780xx,TX,3 years,0.0
3000.0,2008-11-18,Catch up with past debt,534.0,1.38%,100xx,NY,5 years,0.0
15000.0,2008-03-21,Debt Consolidation,575.0,9.85%,254xx,WV,10+ years,0.0
15000.0,2009-02-26, ,663.0,27.99%,547xx,WI,7 years,0.0
18000.0,2009-02-18,Credit card colsolidation,702.0,27.2%,029xx,RI,3 years,0.0
12500.0,2009-03-26,Motorcycle Refinancing,584.0,22.38%,857xx,AZ,10+ years,0.0
4000.0,2008-04-05,Buying Auto,550.0,12.33%,273xx,NC,< 1 year,0.0
5000.0,2008-04-21,trying to pay off bills,407.0,14.7%,443xx,OH,9 years,0.0
10000.0,2008-12-30,Lawn Service Start up,439.0,9.34%,328xx,FL,9 years,0.0
15000.0,2009-04-17,hoping to get a loan,0.0,0%,601xx,IL,1 year,0.0
10000.0,2007-09-07,Have experiance need the money,580.0,2.3%,296xx,SC,1 year,0.0
25000.0,2009-01-27,Need to refinance credit cards,651.0,11.33%,100xx,NY,4 years,0.0
15000.0,2009-01-26,"Imagine, LLC  ",464.0,12.19%,871xx,NM,3 years,0.0
7500.0,2008-08-20,auto,731.0,0.36%,327xx,FL,9 years,0.0
500.0,2008-03-21,moving expense,474.0,24.1%,240xx,VA,3 years,0.0
1000.0,2008-02-11,zinrion,0.0,0%,442xx,OH,< 1 year,0.0
7500.0,2008-08-30,Post-Divorce Loan,595.0,10.16%,972xx,OR,< 1 year,0.0
3400.0,2008-01-14,myjohnny,598.0,25.69%,336xx,FL,10+ years,0.0
2500.0,2008-10-29,Coasta Rica trip and vehicle engine work,677.0,16.78%,186xx,PA,4 years,0.0
4500.0,2009-03-19,30% interest rate! ,630.0,37.92%,853xx,AZ,2 years,0.0
4500.0,2008-08-26,Consolidate debt and get back on t,573.0,21.12%,900xx,CA,10+ years,0.0
2000.0,2007-12-07,tjm83,0.0,0%,133xx,NY,4 years,0.0
8500.0,2007-09-05,Jenna9986,658.0,2.84%,233xx,VA,< 1 year,0.0
20650.0,2009-03-17, ,738.0,46.5%,967xx,HI,5 years,0.0
15000.0,2008-11-29,Furniture Maker looking to consolidate,658.0,17.05%,191xx,PA,5 years,0.0
25000.0,2009-04-19,unsecured personal loan ,668.0,28.38%,470xx,IL,6 years,0.0
6500.0,2008-12-14,Good Worker looking to Consolidate debt!,697.0,13.53%,606xx,IL,3 years,0.0
5000.0,2008-07-24,Major Vehicle Repair,0.0,0%,441xx,OH,3 years,0.0
5000.0,2008-11-25,Credit Card Consolodation,617.0,28.24%,900xx,CA,2 years,0.0
7000.0,2007-12-19,fuzzy,570.0,9.32%,156xx,PA,6 years,0.0
6000.0,2007-10-11,Mom_In_2004and5,503.0,2.43%,441xx,OH,9 years,0.0
10000.0,2008-01-17,pbuterfli,648.0,21.15%,610xx,IL,9 years,0.0
10000.0,2008-11-17,Future Home Buyer,571.0,11.5%,334xx,FL,9 years,0.0
3000.0,2008-12-09,Paying Off Past Dues Balances,463.0,19.42%,605xx,IL,2 years,0.0
6000.0,2009-03-30,Marketing,582.0,40.27%,981xx,WA,10+ years,0.0
10000.0,2008-11-04,I need to pay for my divorce,724.0,7.7%,441xx,OH,1 year,0.0
7000.0,2009-04-18,wedding,677.0,0.32%,610xx,IL,6 years,0.0
2500.0,2008-03-04,K.M.King,581.0,22.77%,480xx,MI,10+ years,0.0
2500.0,2008-02-17,zmhutchinson,516.0,0%,741xx,OK,< 1 year,0.0
1700.0,2008-04-07,Become current with Amex and BOA Credit ,621.0,38.46%,201xx,VA,< 1 year,0.0
15000.0,2008-12-04,Education,720.0,12.32%,209xx,MD,4 years,0.0
500.0,2008-02-15,Aqureal,570.0,17.28%,352xx,AL,5 years,0.0
1500.0,2008-03-24,Personal Credit Card Reduction,693.0,9.75%,774xx,TX,< 1 year,0.0
15000.0,2008-12-18,Personal Loan,714.0,2.27%,958xx,CA,2 years,0.0
7500.0,2009-02-26,$7500 loan will complete my hm purchase,678.0,2.4%,804xx,CO,< 1 year,0.0
8000.0,2008-07-17,loan,616.0,19.31%,685xx,NE,4 years,0.0
20000.0,2009-03-29, ,745.0,26%,564xx,MN,3 years,0.0
22000.0,2009-05-05, ,687.0,26.3%,563xx,MN,2 years,0.0
1000.0,2008-04-06,Home Loan,477.0,15.03%,750xx,TX,4 years,0.0
5500.0,2008-07-09,Need cash For security deposit,477.0,0%,130xx,NY,1 year,0.0
15000.0,2009-03-17,Lower interest rate,701.0,55.52%,640xx,MO,3 years,0.0
5000.0,2008-06-20,credit cards,502.0,194.4%,212xx,MD,7 years,0.0
8425.0,2008-02-08,faithinthestorm,398.0,8.75%,473xx,IN,3 years,0.0
3000.0,2009-04-13,We need to move,552.0,0%,173xx,PA,< 1 year,0.0
25000.0,2009-04-09,NEED TO PAY OFF STUDENT LOANS,676.0,46.8%,331xx,FL,< 1 year,0.0
4000.0,2008-12-10,Auto Loan,601.0,5.2%,802xx,CO,< 1 year,0.0
2000.0,2008-11-14,Growing Exhibit Company,690.0,45.87%,980xx,WA,5 years,0.0
8000.0,2008-10-16,Changing my Business Model,672.0,32.98%,968xx,HI,10+ years,0.0
5000.0,2008-12-22,Seeking loan to cover medical expenses,613.0,36.37%,331xx,FL,< 1 year,0.0
5000.0,2008-03-06,debt_consolidation,592.0,14.84%,857xx,AZ,8 years,0.0
4000.0,2008-11-12,GIVING MY GRANDKIDS A GOOD CHRISTMAS,497.0,0%,935xx,CA,10+ years,0.0
7000.0,2007-06-15,ctg5ny,533.0,136.56%,306xx,GA,2 years,0.0
2000.0,2008-12-08,Need to put down on my shoulder surgery,408.0,0%,704xx,LA,2 years,0.0
15000.0,2009-02-09,Golf Tournament Apparel Co. Loan,601.0,0%,787xx,TX,< 1 year,0.0
5000.0,2007-10-09,number1dad,0.0,0%,857xx,AZ,9 years,0.0
8200.0,2008-12-20,I love my car!,0.0,0%,800xx,CO,3 years,0.0
6500.0,2009-05-14,motorcycle Loan,678.0,21.48%,405xx,KY,2 years,0.0
16772.0,2009-04-06, ,647.0,11.18%,191xx,PA,2 years,0.0
20000.0,2008-04-07,Investment Property loan,431.0,24.86%,370xx,TN,10+ years,0.0
4000.0,2008-05-01,Personal,703.0,2.2%,223xx,VA,2 years,0.0
6000.0,2008-06-17,md help,696.0,3.08%,787xx,TX,3 years,0.0
12000.0,2008-04-05,Simpson Loan,478.0,24.6%,078xx,NJ,1 year,0.0
12000.0,2008-12-29,bills,649.0,22.7%,481xx,MI,3 years,0.0
1000.0,2008-08-02,medical,538.0,0%,300xx,GA,1 year,0.0
3500.0,2007-10-02,crested1,574.0,8.52%,336xx,FL,10+ years,0.0
1000.0,2008-01-02,jlmimpta,0.0,11.18%,273xx,NC,1 year,0.0
7500.0,2009-05-02,motorcycle loan,616.0,8.14%,233xx,VA,4 years,0.0
1500.0,2009-04-20,Help college grad make ends meet,489.0,17.03%,631xx,MO,< 1 year,0.0
16000.0,2008-01-23,islandguy,686.0,21.37%,850xx,AZ,1 year,0.0
1000.0,2009-05-12,SECURITY FOR NEW 2BD ROOM APT,433.0,13.65%,100xx,NY,1 year,0.0
23000.0,2009-03-10, ,678.0,26.77%,454xx,OH,6 years,0.0
3000.0,2009-03-22,Personal Loan,595.0,24.58%,967xx,HI,1 year,0.0
7000.0,2008-12-18,Car Loan...trustworthy,643.0,1.6%,341xx,FL,< 1 year,0.0
1000.0,2008-08-25,Credit and Loan Consolidation,594.0,38.57%,300xx,GA,< 1 year,0.0
3000.0,2007-12-03,i need to pay the taxes on my home,537.0,15.24%,757xx,TX,< 1 year,0.0
7500.0,2008-09-25,Wifes Business,506.0,74.74%,300xx,GA,2 years,0.0
10000.0,2008-04-05,Jim's Lending Club Loan,577.0,15.38%,774xx,TX,2 years,0.0
16000.0,2009-05-14,Study Abroad Loan,724.0,65.66%,983xx,WA,2 years,0.0
20000.0,2008-12-07,RENTAL BUSINESS,661.0,36.94%,794xx,TX,8 years,0.0
1500.0,2009-04-22, ,676.0,26.09%,752xx,TX,9 years,0.0
18000.0,2008-01-17,frenchfrym,679.0,20.64%,920xx,CA,< 1 year,0.0
6000.0,2009-01-15,personal loan,706.0,19.03%,750xx,TX,< 1 year,0.0
4500.0,2009-02-25,Consoolidating bills,641.0,36.09%,970xx,OR,4 years,0.0
20000.0,2008-11-20,Beauty Shop Loan,617.0,0.25%,773xx,TX,< 1 year,0.0
2500.0,2008-04-17,A little breathing room...,533.0,15.96%,934xx,CA,< 1 year,0.0
5000.0,2008-02-15,debt_consolidation,665.0,34.88%,418xx,KY,< 1 year,0.0
6500.0,2008-11-04,Debt consolidation,578.0,25.9%,809xx,CO,5 years,0.0
7500.0,2008-04-08,Building computer / web design co.,382.0,1%,616xx,IL,< 1 year,0.0
1000.0,2008-08-10,small purchase,449.0,10.46%,420xx,KY,9 years,0.0
5000.0,2009-04-23,personal,534.0,22.29%,071xx,NJ,3 years,0.0
15000.0,2008-02-11,debt_consolidation,599.0,20.68%,109xx,NY,10+ years,0.0
10500.0,2009-03-09, ,752.0,29.93%,628xx,IL,10+ years,0.0
2000.0,2009-02-21,Car Purchase,464.0,0%,336xx,FL,2 years,0.0
21200.0,2009-03-19, ,775.0,28.43%,779xx,TX,2 years,0.0
1000.0,2008-11-19,Debt loan,458.0,32.57%,108xx,NY,< 1 year,0.0
10000.0,2008-11-13,loan to free up debt and grow business,511.0,15.54%,441xx,OH,10+ years,0.0
5500.0,2008-12-09,Roe,506.0,7.94%,850xx,AZ,9 years,0.0
7500.0,2008-04-17,Educational expense consolidation,671.0,48.7%,021xx,MA,< 1 year,0.0
3500.0,2008-01-18,aurora,544.0,0%,787xx,TX,3 years,0.0
13500.0,2009-03-24, ,769.0,19.94%,752xx,TX,4 years,0.0
25000.0,2007-11-15,dmark1rm,644.0,29.04%,554xx,MN,4 years,0.0
1500.0,2008-10-30,bills and more bills,614.0,10.57%,431xx,OH,1 year,0.0
15000.0,2008-11-22,Consolidation Loan,670.0,8.38%,900xx,CA,1 year,0.0
8000.0,2008-01-29,vmehr,492.0,4.75%,383xx,TN,3 years,0.0
10000.0,2009-01-27,Debt consolidation,644.0,18.77%,950xx,CA,< 1 year,0.0
2400.0,2007-09-30,udi,666.0,5.53%,655xx,MO,< 1 year,0.0
20000.0,2008-03-18,other,769.0,58.94%,346xx,FL,< 1 year,0.0
20000.0,2007-09-25,texr.biz,683.0,26.47%,770xx,TX,< 1 year,0.0
14000.0,2008-01-02,debt_consolidation,703.0,65%,232xx,VA,< 1 year,0.0
4500.0,2008-11-09,Porcelain for my my Dental Lab,659.0,3.52%,975xx,OR,4 years,0.0
5000.0,2008-01-18,syi,604.0,69.26%,670xx,KS,10+ years,0.0
3000.0,2008-10-02, ,744.0,29.2%,175xx,PA,< 1 year,0.0
6500.0,2009-04-04,Flight School,557.0,8.06%,422xx,KY,5 years,0.0
7500.0,2007-12-03,joemyers1961,484.0,0.45%,292xx,SC,< 1 year,0.0
8000.0,2007-11-20,bigpop,535.0,20.66%,956xx,CO,8 years,0.0
6000.0,2008-02-20,home_improvement,646.0,0%,882xx,NM,4 years,0.0
20000.0,2009-01-22,Help Us Get Back On Track,568.0,19.58%,488xx,MI,3 years,0.0
5500.0,2009-01-13,personal loan,579.0,18.5%,364xx,AL,1 year,0.0
7500.0,2009-04-08, ,725.0,3.46%,983xx,WA,5 years,0.0
7500.0,2008-04-07,need extra money ,452.0,15%,338xx,FL,9 years,0.0
6000.0,2008-12-28,pay off ,642.0,1.57%,973xx,OR,2 years,0.0
6000.0,2009-05-04,i need a loan to help pay for,496.0,0%,161xx,PA,2 years,0.0
12500.0,2008-10-14,PAY OFF OTHER DEBT,593.0,14.32%,923xx,CA,10+ years,0.0
12000.0,2009-02-21, ,726.0,25.14%,021xx,MA,2 years,0.0
5000.0,2007-11-24,helpf,511.0,0%,100xx,NY,10+ years,0.0
25000.0,2008-11-24,p2pConsol,719.0,30.76%,606xx,IL,1 year,0.0
3000.0,2009-01-01,Fixing our plumbing,620.0,14.25%,495xx,MI,< 1 year,0.0
11625.0,2008-01-31,Debt Consolidation,654.0,26.52%,958xx,CA,< 1 year,0.0
5000.0,2009-01-13,money for a car,661.0,8.23%,908xx,CA,1 year,0.0
5000.0,2007-12-10,lrm,637.0,21.57%,666xx,KS,2 years,0.0
10000.0,2009-03-31,Hoover Special Investigations,601.0,17.35%,460xx,KY,< 1 year,0.0
3000.0,2008-01-13,rmhorton,445.0,27.82%,318xx,GA,10+ years,0.0
8125.0,2009-03-20,Trying To Save My House,489.0,22.8%,982xx,WA,10+ years,0.0
12000.0,2008-12-09,Startup to buy radio station,588.0,0%,881xx,NM,1 year,0.0
6000.0,2008-03-09,Trying to get ahead,510.0,33.78%,953xx,CA,7 years,0.0
5000.0,2008-06-26,Credit Card,516.0,19.71%,207xx,MD,< 1 year,0.0
9000.0,2009-04-14, ,751.0,0%,331xx,FL,< 1 year,0.0
5000.0,2009-05-04, ,650.0,28.99%,109xx,NY,2 years,0.0
5000.0,2009-05-04,Help with Moving Expenses ,570.0,0%,330xx,FL,< 1 year,0.0
5000.0,2009-01-14,Temporary Student Loan,660.0,0%,191xx,PA,< 1 year,0.0
3000.0,2008-11-01,Student Loan,596.0,12.48%,328xx,FL,< 1 year,0.0
7200.0,2008-02-27,parrotsave,503.0,0%,890xx,NV,< 1 year,0.0
10000.0,2009-04-25, ,703.0,0%,198xx,DE,2 years,0.0
4500.0,2008-11-08, ,669.0,10.01%,405xx,KY,1 year,0.0
5000.0,2009-04-09,Utilities and credit cards,423.0,5.06%,146xx,NY,8 years,0.0
1000.0,2009-05-13,School tuition,607.0,89.1%,797xx,TX,< 1 year,0.0
2000.0,2008-01-01,virgin islands,511.0,4.93%,008xx,FL,4 years,0.0
10000.0,2009-02-22,cheaper rate,677.0,26.25%,441xx,OH,10+ years,0.0
3000.0,2008-03-22,Car Loan,465.0,13.64%,390xx,MS,1 year,0.0
7000.0,2008-11-12,personal,715.0,13.84%,232xx,VA,10+ years,0.0
3500.0,2007-06-08,tmsworld,583.0,3.12%,100xx,NY,< 1 year,0.0
9000.0,2009-03-08,Consolidation Loan,651.0,33.52%,320xx,FL,9 years,0.0
23000.0,2009-05-12,Jasmine Kelly,0.0,24%,430xx,OH,< 1 year,0.0
25000.0,2008-03-24,business loan,0.0,0%,483xx,MI,3 years,0.0
5000.0,2008-05-18,Please Help Me To Build My Credit!,644.0,13.78%,469xx,IN,2 years,0.0
12500.0,2008-10-22, ,682.0,31.24%,142xx,NY,3 years,0.0
10000.0,2008-12-17,Starting a Buisness,0.0,0%,232xx,VA,2 years,0.0
8000.0,2009-04-17,Moving,529.0,7.69%,730xx,OK,9 years,0.0
7500.0,2008-08-19,Pay off high interest rate credit debt,616.0,33.98%,189xx,PA,1 year,0.0
16400.0,2008-11-05,Car Loan Needed,449.0,18.21%,981xx,WA,2 years,0.0
7500.0,2008-06-10,Pay Hospital Bills,603.0,10.37%,727xx,AR,< 1 year,0.0
15000.0,2008-02-18,helpingothers,699.0,9.39%,430xx,OH,4 years,0.0
4000.0,2008-12-23,Consolidating credit cards ,578.0,14.67%,305xx,GA,4 years,0.0
7500.0,2008-05-13,personal loan,747.0,7.13%,721xx,AR,10+ years,0.0
3000.0,2008-01-14,courttim05,494.0,116.04%,190xx,PA,1 year,0.0
5000.0,2008-04-23,Business Loan,549.0,0.69%,630xx,MO,4 years,0.0
6000.0,2009-03-22,credit card debt,698.0,35.4%,982xx,WA,< 1 year,0.0
4000.0,2009-03-29,I HAVE TO MOVE ASAP,524.0,0%,606xx,IL,3 years,0.0
5000.0,2007-11-03,personal loan,642.0,11.4%,535xx,WI,1 year,0.0
20000.0,2009-02-16,Florida Expansion,720.0,0%,662xx,KS,2 years,0.0
5000.0,2007-11-10,Debt Payback,659.0,3.36%,089xx,NJ,< 1 year,0.0
3800.0,2009-03-19,consolidating 3 credit cards down to 1,633.0,5%,212xx,MD,1 year,0.0
7500.0,2008-04-25,Project Loan,744.0,26.71%,906xx,CA,2 years,0.0
4000.0,2008-06-16,Paying off Truck and High Rate Cards,680.0,11.04%,871xx,NM,< 1 year,0.0
12000.0,2009-04-30,My daughter's wedding,573.0,18.42%,800xx,CO,10+ years,0.0
12000.0,2008-10-15, ,635.0,11.44%,077xx,NJ,6 years,0.0
18000.0,2008-10-22, ,703.0,29.35%,220xx,VA,< 1 year,0.0
5000.0,2009-04-12, ,717.0,3%,943xx,CA,< 1 year,0.0
10000.0,2009-04-09,credit line,536.0,22.78%,785xx,TX,< 1 year,0.0
7200.0,2009-02-13, ,567.0,2.91%,761xx,TX,2 years,0.0
3500.0,2008-10-15,Medical bills,646.0,34.25%,441xx,OH,1 year,0.0
10000.0,2009-03-05,"goodbye, high interest credit card debts",685.0,67.6%,652xx,MO,2 years,0.0
1000.0,2009-03-18,Credit card Consolidate,618.0,17.6%,402xx,KY,10+ years,0.0
5000.0,2008-06-28,  furnishing my dream home,647.0,165.36%,777xx,TX,2 years,0.0
5000.0,2008-12-11,One payment instead of three,586.0,18.15%,142xx,NY,3 years,0.0
8500.0,2008-03-09,pay my taxes,497.0,43.59%,650xx,MO,5 years,0.0
5000.0,2009-03-05,Family business,715.0,1.44%,030xx,MA,10+ years,0.0
7500.0,2008-09-05,home care investment,756.0,58.28%,379xx,TN,< 1 year,0.0
1000.0,2008-10-22,Need a vehicle desperately!!,519.0,0%,973xx,OR,6 years,0.0
20000.0,2009-04-07,upgrading homes ,576.0,8.47%,310xx,GA,3 years,0.0
25000.0,2009-04-22,College Money,691.0,42.65%,071xx,NJ,1 year,0.0
12500.0,2009-02-22,Credit Consolidation,654.0,10.22%,024xx,MA,< 1 year,0.0
800.0,2007-10-28,brandirocks336,471.0,9.47%,272xx,NC,1 year,0.0
14000.0,2008-02-15,ian,546.0,28.74%,801xx,CO,10+ years,0.0
7500.0,2008-07-28,Paying down higher interest credit card,696.0,2.76%,604xx,IL,< 1 year,0.0
3000.0,2008-04-22,For my family,441.0,279.6%,047xx,ME,< 1 year,0.0
15000.0,2008-07-22,Help me get in control.,687.0,57.95%,853xx,AZ,8 years,0.0
10000.0,2008-10-15,Loan 1,671.0,15.34%,906xx,CA,2 years,0.0
25000.0,2009-05-14,Loan to help get out of our recession,632.0,10.14%,334xx,FL,4 years,0.0
5000.0,2008-03-28,Help me please!,530.0,2.84%,454xx,OH,2 years,0.0
5000.0,2008-12-14, ,734.0,25.76%,254xx,WV,2 years,0.0
1000.0,2008-08-10,personal,402.0,21%,809xx,CO,7 years,0.0
8000.0,2009-04-10,Going to school for a better job,516.0,30%,458xx,OH,< 1 year,0.0
5000.0,2009-03-31,dental and household bills,691.0,32.15%,211xx,MD,2 years,0.0
6500.0,2009-05-08,VACATION,640.0,148.29%,777xx,TX,2 years,0.0
5000.0,2008-09-02,Personal Loan,628.0,1%,120xx,NY,1 year,0.0
10000.0,2008-12-11,Small Business start-up loan,496.0,3%,782xx,TX,1 year,0.0
7700.0,2008-11-30,ReFi Car,647.0,4.78%,020xx,MA,< 1 year,0.0
13000.0,2009-01-19,2006 HONDA ACCORD PURCHASE FROM PRIVATE ,609.0,0.6%,303xx,GA,1 year,0.0
9000.0,2009-03-19,motorcycle loan,559.0,29.52%,984xx,WA,1 year,0.0
2000.0,2009-03-21,Addition,439.0,15.56%,487xx,MN,4 years,0.0
1000.0,2009-02-05,Bollman guestroom,696.0,24.94%,967xx,HI,10+ years,0.0
5000.0,2009-04-21,Credit Card Dept,670.0,2.86%,080xx,NJ,1 year,0.0
1000.0,2009-02-10,getting out of debt,0.0,1.5%,770xx,TX,< 1 year,0.0
19000.0,2008-02-07,KATIEM,748.0,11.12%,077xx,NJ,10+ years,0.0
5000.0,2009-04-27,Need loan to improve home for child,499.0,34.04%,615xx,IL,< 1 year,0.0
2000.0,2008-12-28,Auto Loan,470.0,8.77%,853xx,AZ,1 year,0.0
3000.0,2008-07-12, ,680.0,7.63%,148xx,NY,2 years,0.0
25000.0,2008-03-19,consolidation,657.0,10.96%,273xx,NC,1 year,0.0
1000.0,2009-03-04,to better myself,507.0,272.47%,212xx,MD,5 years,0.0
10000.0,2009-05-07,Single mother trying to go to school,538.0,684%,660xx,KS,< 1 year,0.0
18334.0,2009-01-14, ,663.0,5.33%,606xx,IL,3 years,0.0
4000.0,2008-01-08,DianaP17,514.0,36.94%,953xx,CA,3 years,0.0
1200.0,2008-06-12,Last Minute Wedding Expenses,510.0,38.48%,494xx,MI,< 1 year,0.0
18000.0,2009-01-28, ,755.0,21.69%,608xx,IL,6 years,0.0
10000.0,2008-02-10,licia295,646.0,24.12%,303xx,GA,2 years,0.0
20000.0,2008-03-31,did'nt realise how easy this could be.,725.0,8.78%,117xx,NY,9 years,0.0
6000.0,2009-01-21,115hp Yamaha Outboard Engine,769.0,7.77%,330xx,FL,2 years,0.0
20000.0,2008-04-01,paying debt,630.0,734.4%,121xx,NY,< 1 year,0.0
5500.0,2008-04-22, ,704.0,30.51%,981xx,WA,< 1 year,0.0
4500.0,2009-01-19,4500 for my education,613.0,11.2%,141xx,NY,3 years,0.0
10000.0,2008-12-28,Paying off bills,434.0,0%,980xx,WA,< 1 year,0.0
6000.0,2009-03-12,Mortgage Rental Payment,435.0,6.06%,750xx,TX,10+ years,0.0
15335.0,2009-04-01, ,688.0,33.85%,707xx,LA,1 year,0.0
25000.0,2008-01-29,baabyg,652.0,16.27%,935xx,CA,10+ years,0.0
10000.0,2009-03-03,During the past few months,524.0,26.91%,726xx,AR,7 years,0.0
12000.0,2009-02-25,Need to buy a new car!,624.0,23.16%,441xx,OH,1 year,0.0
10000.0,2009-05-11,personal,518.0,0%,087xx,NJ,4 years,0.0
7000.0,2008-04-29,debt destroyer,474.0,14.31%,071xx,NJ,2 years,0.0
7000.0,2008-07-03,father of 4 needs a break ,481.0,14.24%,786xx,TX,2 years,0.0
3000.0,2008-10-16,I want to get married in January,621.0,26.01%,600xx,IL,4 years,0.0
2000.0,2009-05-12,Flight School,456.0,1.22%,286xx,SC,2 years,0.0
7500.0,2008-08-27,Pay-off High Interest Credit Card,666.0,47.53%,853xx,AZ,10+ years,0.0
4000.0,2009-04-19, ,662.0,2.4%,076xx,NJ,1 year,0.0
15000.0,2008-03-14,debt_consolidation,670.0,49.05%,765xx,TX,< 1 year,0.0
15000.0,2009-04-26,education loan,620.0,16.87%,105xx,NY,4 years,0.0
1000.0,2009-04-10,Home Improvement,0.0,0%,704xx,LA,3 years,0.0
3000.0,2008-05-26,Motercycle Loan,482.0,0%,767xx,TX,< 1 year,0.0
6500.0,2008-06-20,Business Inventory Financing,664.0,0.84%,907xx,CA,3 years,0.0
10000.0,2009-03-09,vacation,768.0,5.05%,238xx,VA,10+ years,0.0
25000.0,2009-01-26,Express Employment Professionals,711.0,28.36%,945xx,CA,1 year,0.0
18000.0,2009-04-09,pay off,0.0,0%,935xx,CA,10+ years,0.0
25000.0,2008-10-18,Situation redevelopment,608.0,46.19%,322xx,FL,1 year,0.0
18000.0,2009-03-07,Removal of high interest CC debit,628.0,37.26%,630xx,MO,2 years,0.0
15000.0,2008-12-08,Invest in Foreclosures,712.0,4.62%,773xx,TX,1 year,0.0
20000.0,2008-04-06,Still paying off college,723.0,30.39%,199xx,DE,7 years,0.0
3000.0,2009-03-31,Personal Loan,734.0,0.82%,958xx,CA,2 years,0.0
1000.0,2007-11-09,mrs_barbie,544.0,23.37%,432xx,OH,7 years,0.0
10000.0,2009-03-18,Yamaha Motorcycle,676.0,3.07%,171xx,PA,5 years,0.0
19000.0,2008-01-17,regularguy,524.0,25.56%,190xx,PA,5 years,0.0
6000.0,2009-05-12,Undergrad Educational Loan,687.0,0.96%,320xx,FL,1 year,0.0
10000.0,2007-11-24,smitty30,620.0,0%,070xx,NJ,10+ years,0.0
16000.0,2009-05-12,abdominal plasty (tummy tuck),728.0,7.42%,180xx,PA,10+ years,0.0
10000.0,2008-12-03,Personal unsecure loan,731.0,17.85%,900xx,CA,2 years,0.0
20000.0,2009-02-26,BAKERY RENOVATION,588.0,6.8%,923xx,CA,1 year,0.0
24000.0,2008-11-17,Business funding - liquor store,684.0,1.12%,554xx,MN,< 1 year,0.0
2000.0,2009-05-06,Overpayment Coverage,467.0,0%,393xx,MS,3 years,0.0
15000.0,2009-04-20,slu,629.0,25.2%,704xx,LA,< 1 year,0.0
2000.0,2009-05-14, ,637.0,45.97%,967xx,HI,9 years,0.0
5500.0,2009-03-31,personal,683.0,127.59%,335xx,FL,10+ years,0.0
6500.0,2008-04-15,Need help consolidating family's debt,461.0,13.59%,760xx,TX,2 years,0.0
7500.0,2008-04-08,personal,497.0,43.14%,112xx,NY,4 years,0.0
20000.0,2007-07-01,coldspring2000,724.0,19.49%,410xx,KY,3 years,0.0
25000.0,2008-04-06,Lower Rate for Auto,448.0,21.4%,786xx,TX,1 year,0.0
10000.0,2007-11-07,FiddleFort,634.0,23.43%,840xx,UT,< 1 year,0.0
7500.0,2008-08-04,Want to get out of debt,0.0,0%,080xx,NJ,1 year,0.0
5000.0,2008-04-23,Getting out from under,503.0,55.5%,530xx,WI,9 years,0.0
4000.0,2009-03-12, ,724.0,0%,450xx,OH,3 years,0.0
1000.0,2008-12-28,necessity,498.0,2.45%,113xx,NY,3 years,0.0
14000.0,2008-11-26,Consolidate loans,664.0,34.27%,951xx,CA,7 years,0.0
10000.0,2008-01-06,seapacer,677.0,5.35%,945xx,CA,10+ years,0.0
2000.0,2009-05-09,for living expences,0.0,0%,718xx,AR,< 1 year,0.0
5900.0,2008-10-20,Taking care of back taxes,0.0,0%,553xx,MN,10+ years,0.0
23000.0,2008-01-18,Loan with Confidence,713.0,27.96%,608xx,IL,10+ years,0.0
1000.0,2009-02-15,need to move,423.0,36.67%,191xx,PA,10+ years,0.0
5000.0,2009-03-08,Looking for a loan secured by my pension,567.0,13.91%,784xx,TX,10+ years,0.0
17000.0,2009-02-11, ,709.0,39.19%,554xx,MN,7 years,0.0
15000.0,2009-05-06, ,722.0,35.21%,328xx,FL,10+ years,0.0
4000.0,2008-11-05,Please help 19 yrs old!,522.0,2.07%,190xx,PA,1 year,0.0
7000.0,2008-02-22,JKL,616.0,23.31%,301xx,GA,< 1 year,0.0
6000.0,2008-03-06,other,623.0,0.92%,018xx,MA,10+ years,0.0
20000.0,2007-10-17,Pay Off Debt,677.0,17.5%,217xx,MD,9 years,0.0
25000.0,2008-02-10,Diaz755,565.0,1.47%,913xx,CA,2 years,0.0
15000.0,2008-12-06,Refinance Credit Cards,672.0,40.27%,926xx,CA,< 1 year,0.0
7500.0,2008-05-30,Pay off debt,399.0,0.58%,658xx,MO,5 years,0.0
6000.0,2008-06-02, ,772.0,41.25%,250xx,WV,2 years,0.0
25000.0,2009-04-27,pay off cc,611.0,21.5%,791xx,TX,10+ years,0.0
5000.0,2008-03-20,home_improvement,604.0,9999%,103xx,NY,< 1 year,0.0
6000.0,2009-02-18,HELP THE LITTLE GUY,461.0,4.29%,985xx,WA,4 years,0.0
6000.0,2008-06-06,graduate school,599.0,66.24%,185xx,PA,1 year,0.0
12000.0,2008-02-13,consolidate debt,666.0,18.13%,293xx,SC,< 1 year,0.0
2000.0,2009-04-28,medical,438.0,18.12%,201xx,VA,2 years,0.0
4000.0,2008-08-24,new/business,577.0,12.23%,302xx,GA,10+ years,0.0
1500.0,2009-02-17, ,690.0,2%,481xx,MI,1 year,0.0
20000.0,2007-12-06,major_purchase,715.0,5.55%,335xx,FL,4 years,0.0
5000.0,2008-03-22,personal,546.0,0%,647xx,MO,< 1 year,0.0
3000.0,2008-12-10,Personal,472.0,4.68%,708xx,LA,< 1 year,0.0
15000.0,2009-03-06,Debt consolidation,506.0,51.21%,652xx,MO,2 years,0.0
3000.0,2008-06-29,Looking to purchase a motocycle ,474.0,0%,301xx,GA,1 year,0.0
3000.0,2008-05-01,personal loan  can you help,458.0,7.53%,191xx,PA,8 years,0.0
6000.0,2009-05-14,Consolidate debt and pay off medical ,597.0,8%,397xx,MS,2 years,0.0
1500.0,2008-12-29,To get out of debt,612.0,22.99%,975xx,OR,< 1 year,0.0
5000.0,2009-04-27,wedding,664.0,58.43%,606xx,IL,2 years,0.0
5000.0,2009-01-19,"The introductory 0% interest rate on my $5,000 credit card will expire soon, and I would like to do a balance transfer to lending club with repayment in 3 years.",674.0,24.68%,841xx,UT,< 1 year,0.0
7500.0,2007-12-06,debt_consolidation,627.0,35.73%,136xx,NY,10+ years,0.0
5000.0,2007-09-26,KEwers,468.0,14.55%,073xx,NJ,< 1 year,0.0
8000.0,2009-01-14,A shoulder to lean on,519.0,1.76%,233xx,VA,< 1 year,0.0
8000.0,2007-12-10,down payment,782.0,0.68%,305xx,GA,6 years,0.0
3000.0,2008-06-09,new car,586.0,18.12%,631xx,MO,2 years,0.0
5000.0,2009-01-20,credit cards,591.0,2.44%,230xx,VA,3 years,0.0
10000.0,2008-12-30,loan #1,529.0,72%,907xx,CA,5 years,0.0
2000.0,2009-02-24,Jennys,572.0,9.69%,207xx,MD,3 years,0.0
5000.0,2007-10-02,hearing for a school counselor,475.0,13.29%,769xx,TX,10+ years,0.0
3000.0,2008-01-13,manykids,428.0,4.25%,662xx,KS,2 years,0.0
3000.0,2008-08-13,Personal,641.0,3.27%,152xx,PA,10+ years,0.0
24000.0,2009-03-14, ,702.0,2.18%,925xx,CA,7 years,0.0
1000.0,2008-02-09,techis,514.0,36.48%,902xx,CA,< 1 year,0.0
3000.0,2008-11-11,Getting out of a high interest card,795.0,14.29%,100xx,NY,6 years,0.0
3000.0,2009-05-03,playing catch up,473.0,15.33%,631xx,MO,1 year,0.0
6000.0,2008-06-18,Trying to stay a float!,451.0,31.1%,467xx,IN,5 years,0.0
10000.0,2009-02-02,Credit Repair,446.0,10.3%,906xx,CA,4 years,0.0
15000.0,2008-07-22,Need loan for wedding expenses,681.0,0.86%,921xx,CA,1 year,0.0
6000.0,2009-03-13, ,703.0,1.67%,329xx,FL,2 years,0.0
6500.0,2008-06-27,Protege,0.0,1.64%,168xx,PA,5 years,0.0
3000.0,2008-02-08,mstewart,573.0,17.52%,706xx,LA,3 years,0.0
12000.0,2007-12-12,mscouture,501.0,10.92%,302xx,GA,< 1 year,0.0
10000.0,2008-11-07, ,738.0,34.53%,255xx,WV,3 years,0.0
1500.0,2009-04-04,Money to Help Myself and Others,654.0,15.25%,472xx,IL,1 year,0.0
10000.0,2009-01-24,Preparing for the Future,666.0,1.86%,303xx,GA,1 year,0.0
5000.0,2009-04-23,Home Loan,471.0,9.1%,293xx,SC,5 years,0.0
25000.0,2009-04-05,"$25,000 Loan Needed",635.0,10.73%,297xx,SC,4 years,0.0
15000.0,2008-03-21,Personal,697.0,5.67%,787xx,TX,4 years,0.0
15000.0,2009-01-13,Victim in $ crisis after being assaulted,470.0,22.12%,852xx,AZ,4 years,0.0
14000.0,2008-12-12,Rare Manuscript,785.0,0%,100xx,NY,5 years,0.0
5000.0,2009-05-09,Cindy's Loan,479.0,7.35%,958xx,CA,10+ years,0.0
12500.0,2008-10-15,Securing the future with stability ,644.0,16.83%,331xx,FL,2 years,0.0
10000.0,2008-03-31,fresh start,484.0,20.89%,462xx,IN,9 years,0.0
4000.0,2008-04-08,Tuition and Books,406.0,0.67%,613xx,IL,< 1 year,0.0
5000.0,2008-03-31,Car Loan,684.0,11.22%,902xx,CA,6 years,0.0
15000.0,2009-01-05,Improvements,571.0,15.41%,890xx,NV,8 years,0.0
15000.0,2008-07-10,Consolidating high interest credit cards,651.0,6.66%,220xx,VA,1 year,0.0
5000.0,2009-02-13,Need Working Capital for Inventory,641.0,0.52%,900xx,CA,6 years,0.0
5000.0,2009-02-14,My Loan,658.0,16.71%,852xx,AZ,10+ years,0.0
5000.0,2008-10-14,Need cash to get us through ,448.0,1.6%,234xx,VA,1 year,0.0
6000.0,2008-12-01,Help keep family together,470.0,0%,430xx,OH,6 years,0.0
25000.0,2009-04-21,Debt free,669.0,10.76%,376xx,WA,< 1 year,0.0
2500.0,2009-01-09,Down In The Dirt,615.0,20.11%,323xx,FL,3 years,0.0
5000.0,2009-04-06,landscape,551.0,15.4%,954xx,CA,5 years,0.0
3000.0,2009-04-21, ,711.0,30.76%,481xx,MI,3 years,0.0
20000.0,2009-05-08,consolidate high interest credit cards,692.0,36.88%,936xx,CA,10+ years,0.0
5000.0,2008-06-16,Purchase 2004 Kia Spectra,778.0,0%,199xx,DE,2 years,0.0
7500.0,2008-06-23,Need A Fence and Security System,472.0,0%,661xx,KS,2 years,0.0
15000.0,2009-01-02,Debt Consolidation - Breaking the Cycle!,613.0,25.27%,209xx,MD,2 years,0.0
10000.0,2009-04-21,sophmore year loan,659.0,1%,935xx,CA,< 1 year,0.0
10000.0,2009-04-09,BILL CONSOLIDATION LOAN,473.0,2.94%,300xx,GA,10+ years,0.0
3000.0,2009-04-01, ,707.0,27.03%,631xx,MO,6 years,0.0
3000.0,2008-10-13,HELP! Fell behind cant get ahead!,579.0,25.4%,857xx,AZ,4 years,0.0
15000.0,2008-12-16,Reduce Credit Card Rates,682.0,25.45%,481xx,MI,1 year,0.0
10000.0,2009-01-28,help maddog,621.0,31.45%,930xx,CA,10+ years,0.0
25000.0,2008-03-19,business expansion,731.0,53.23%,442xx,OH,< 1 year,0.0
3500.0,2009-02-24,28' Home Trailer Purchase,530.0,0%,323xx,FL,1 year,0.0
1500.0,2008-10-13,new place..need to cover moving expenses,627.0,1.94%,010xx,MA,< 1 year,0.0
5000.0,2008-01-15,lewis67,455.0,20.4%,283xx,NC,9 years,0.0
4000.0,2009-01-28,My dads Funeral,516.0,0%,104xx,NY,2 years,0.0
20000.0,2009-02-15, ,621.0,18.4%,953xx,CA,1 year,0.0
1000.0,2008-01-02,Education Help,528.0,350%,455xx,OH,< 1 year,0.0
20000.0,2009-03-09,building a future,798.0,1.5%,076xx,NJ,6 years,0.0
1500.0,2009-04-24,Better my credit score,0.0,6.5%,293xx,SC,< 1 year,0.0
3000.0,2008-02-15,other,685.0,2.56%,967xx,HI,4 years,0.0
3000.0,2008-04-24,medical expenses: wife needs surgery,632.0,28.1%,785xx,TX,< 1 year,0.0
5000.0,2008-12-29,Had baby ,556.0,10.6%,956xx,CA,4 years,0.0
1000.0,2009-02-21,Paying off bills,613.0,8.29%,955xx,CA,< 1 year,0.0
5000.0,2008-07-13,First home for a Second Chancer,528.0,0%,440xx,OH,< 1 year,0.0
25000.0,2009-04-13,I need Help Consolidating Credit Cards,671.0,59.91%,307xx,GA,10+ years,0.0
500.0,2007-12-21,wallyboy,546.0,0%,941xx,CA,2 years,0.0
15000.0,2009-04-12,other ,482.0,0%,117xx,NY,2 years,0.0
10000.0,2008-03-16,other,634.0,2.22%,174xx,PA,< 1 year,0.0
2500.0,2007-11-18,tiff,436.0,24.96%,464xx,IN,7 years,0.0
20000.0,2008-02-10,misskittilee,514.0,0%,372xx,TN,1 year,0.0
4000.0,2008-09-04,Purchasing a secondary vehicle,621.0,9.68%,442xx,OH,6 years,0.0
1500.0,2008-11-01,Personal Loan,519.0,0%,937xx,CA,3 years,0.0
20000.0,2009-05-06,Pay off Debts,649.0,17.7%,856xx,AZ,10+ years,0.0
5000.0,2007-11-29,BlueMax,615.0,21.16%,631xx,MO,10+ years,0.0
13000.0,2008-02-24,enterx12,639.0,14.7%,109xx,NY,10+ years,0.0
5800.0,2009-02-22,Help me get out of debt faster!,662.0,8.38%,773xx,TX,6 years,0.0
6000.0,2008-01-13,simonmaria,673.0,22.2%,604xx,IL,< 1 year,0.0
7500.0,2008-07-31,Refinancing credit card at a better rate,678.0,11.73%,339xx,FL,9 years,0.0
7500.0,2008-04-08,Consolidate Debt ,559.0,40.05%,773xx,TX,4 years,0.0
25000.0,2008-12-12,American Bed and Breakfast in Germany,652.0,21.38%,091xx,NY,8 years,0.0
8500.0,2009-01-21, ,599.0,46.04%,259xx,WV,6 years,0.0
2000.0,2008-04-17,Personal,481.0,23.68%,083xx,NJ,6 years,0.0
3000.0,2009-03-11,consolidate debt,581.0,12.94%,989xx,WA,6 years,0.0
8000.0,2008-02-04,debt_consolidation,654.0,32%,770xx,TX,1 year,0.0
5000.0,2009-01-05,Credit card debts refinancing,682.0,28.17%,972xx,OR,2 years,0.0
5000.0,2007-12-01,Mike2055,648.0,19.24%,852xx,AZ,6 years,0.0
9000.0,2008-03-08,HOME PURCHASE AND REPAIRS,506.0,0%,233xx,VA,10+ years,0.0
12000.0,2009-03-27, ,683.0,33.11%,945xx,CA,2 years,0.0
10000.0,2007-12-12,debt_consolidation,700.0,23.9%,214xx,MD,4 years,0.0
3500.0,2009-04-17,Wanting to Establish my credit. ,544.0,1.33%,618xx,IL,2 years,0.0
5000.0,2009-03-22,credit card pay,486.0,0%,852xx,AZ,5 years,0.0
8000.0,2009-04-13, ,733.0,1.73%,482xx,MI,5 years,0.0
25000.0,2008-03-10,Needing a 2nd chance!,529.0,32.31%,640xx,MO,6 years,0.0
5000.0,2009-01-21,Family Room Remodel,804.0,0.61%,303xx,GA,10+ years,0.0
12000.0,2009-01-26, ,618.0,23.47%,773xx,TX,4 years,0.0
20000.0,2008-01-04,loan consolidation,691.0,19.64%,331xx,FL,< 1 year,0.0
25000.0,2008-12-11,Personal ,712.0,32.01%,350xx,AL,3 years,0.0
25000.0,2008-01-14,rubyruby,0.0,0%,565xx,MN,10+ years,0.0
8000.0,2009-05-14,Educational Expences,449.0,0%,787xx,TX,1 year,0.0
25000.0,2008-02-15,hiltrev,647.0,17.48%,019xx,MA,10+ years,0.0
7500.0,2008-03-21,Credit Help,433.0,20.67%,928xx,CA,< 1 year,0.0
7500.0,2008-06-06,Debt Consolidation,630.0,33.77%,335xx,FL,4 years,0.0
6500.0,2009-01-27,Want to Pay Off Credit Cards,674.0,20.06%,622xx,IL,4 years,0.0
3000.0,2008-07-13,Equipment for Small Business,507.0,12.43%,080xx,NJ,10+ years,0.0
6000.0,2008-12-16,Our first house,728.0,32.94%,937xx,CA,9 years,0.0
12000.0,2008-12-30,business loan,536.0,5.61%,871xx,NM,2 years,0.0
12000.0,2007-10-20,Crazyshaggy2004,464.0,35.33%,636xx,MO,1 year,0.0
20000.0,2007-12-03,justkell,628.0,12.91%,119xx,NY,5 years,0.0
25000.0,2008-04-07,hope to restart my life,683.0,34.11%,383xx,TN,6 years,0.0
10000.0,2008-03-10,major_purchase,690.0,1%,787xx,TX,< 1 year,0.0
9200.0,2008-11-24, ,730.0,1.37%,806xx,CO,3 years,0.0
6500.0,2008-08-06,MORE INVENTORY FOR BUSINESS,580.0,1.2%,936xx,CA,2 years,0.0
15300.0,2009-03-21, ,699.0,31.05%,750xx,TX,4 years,0.0
4000.0,2007-10-15,destind,0.0,0%,325xx,FL,< 1 year,0.0
10000.0,2008-12-11,Tim,709.0,32.55%,547xx,WI,10+ years,0.0
1000.0,2009-04-29,"Need a loan quick, today or tomorrow",542.0,12.84%,725xx,AR,2 years,0.0
10000.0,2008-11-04,CAR LOAN,476.0,0.94%,640xx,MO,9 years,0.0
7500.0,2008-07-29,Investing in education,537.0,33.41%,606xx,IL,< 1 year,0.0
20000.0,2009-04-20,gerardtpm,719.0,22.96%,333xx,FL,2 years,0.0
7500.0,2008-06-13,al's loan,508.0,12.29%,857xx,AZ,4 years,0.0
1000.0,2009-04-17,laptop and books,532.0,0%,328xx,FL,< 1 year,0.0
20000.0,2008-10-23,debt consolidation and taxes,466.0,4.9%,921xx,CA,2 years,0.0
8000.0,2009-02-02,Business loan,554.0,0%,860xx,AZ,5 years,0.0
7500.0,2008-08-26,Refinance,727.0,43%,958xx,CA,2 years,0.0
10000.0,2008-02-26,other,630.0,4.83%,489xx,MI,10+ years,0.0
10000.0,2008-11-04,Debt consolidation,677.0,31.04%,125xx,NY,10+ years,0.0
5000.0,2008-02-06,New job relocation!,688.0,0.49%,157xx,PA,4 years,0.0
5000.0,2008-12-11,personal loan,497.0,12.94%,165xx,PA,10+ years,0.0
25000.0,2008-10-29,off season working capital,660.0,0.54%,975xx,OR,3 years,0.0
25000.0,2008-04-07,misc. debts,551.0,0%,018xx,MA,8 years,0.0
8000.0,2008-11-13,Repay Prosper Loan at lower rate,656.0,13.66%,801xx,CO,5 years,0.0
10500.0,2009-05-10, ,796.0,28.68%,195xx,PA,10+ years,0.0
15000.0,2009-04-27,Moving expenses and Car Repairs,498.0,55.3%,346xx,FL,< 1 year,0.0
18000.0,2009-03-20,Day Trading Loan,726.0,8.71%,209xx,MD,1 year,0.0
3500.0,2007-12-02,kmoregon,586.0,9.98%,274xx,NC,1 year,0.0
8000.0,2009-05-07,Short term bridge loan,649.0,12.04%,891xx,NV,6 years,0.0
5000.0,2008-12-28,Personal,495.0,19.5%,945xx,CA,1 year,0.0
5000.0,2009-02-20,Wedding,558.0,9.17%,913xx,CA,2 years,0.0
15000.0,2009-01-05, ,707.0,3.32%,913xx,CA,< 1 year,0.0
2700.0,2008-11-13,Tenured teacher dabbles in P2P CC loan,687.0,26.85%,631xx,MO,5 years,0.0
5000.0,2008-01-11,overunder21,0.0,0%,985xx,WA,1 year,0.0
7000.0,2009-05-05, ,682.0,4.08%,082xx,NJ,5 years,0.0
6000.0,2009-04-04,Youthful Credit Card Debt,624.0,515%,301xx,GA,1 year,0.0
17500.0,2008-11-25,Payoff auto loan,656.0,31.98%,921xx,CA,4 years,0.0
25000.0,2008-01-15,OSCARBEAR05,590.0,50.88%,486xx,MI,10+ years,0.0
25000.0,2009-03-17,Credit  cards  loans  combination,741.0,13.87%,920xx,CA,< 1 year,0.0
10000.0,2008-12-28,Loan for newly single mom,615.0,0%,934xx,CA,10+ years,0.0
7500.0,2009-05-09,medical and school tuition,680.0,42.04%,746xx,OK,5 years,0.0
1500.0,2009-04-06,loan for 1500 to 2500,512.0,0%,945xx,CA,< 1 year,0.0
1500.0,2009-01-01, ,716.0,5.88%,906xx,CA,3 years,0.0
5000.0,2009-04-18,study abroad,711.0,22.8%,020xx,MA,< 1 year,0.0
7275.0,2009-01-22,David's Debt Consolidation Loan,625.0,11.78%,191xx,PA,2 years,0.0
5000.0,2009-05-18,Start-Up Capital / Home Renovation,671.0,37.06%,782xx,TX,3 years,0.0
10000.0,2008-12-01,Investment in new tech business,651.0,29.65%,986xx,WA,2 years,0.0
19500.0,2009-03-17,Fresh Start,528.0,19.68%,465xx,IL,10+ years,0.0
1500.0,2009-01-23,School Help,594.0,12.6%,809xx,CO,4 years,0.0
1500.0,2008-03-24,re-payment,511.0,2.5%,722xx,AR,< 1 year,0.0
16000.0,2008-12-30,Payoff High Int Rate Credit Card Balance,675.0,16.47%,941xx,CA,1 year,0.0
5000.0,2008-11-06, ,636.0,18.03%,190xx,PA,< 1 year,0.0
5000.0,2009-02-11,I need to pay my rent and other bills,471.0,10.73%,800xx,CO,2 years,0.0
10000.0,2008-12-16,Patton Apparel Designs,429.0,3.77%,928xx,CA,4 years,0.0
7500.0,2008-12-22,Personal Loan,656.0,11.7%,152xx,PA,2 years,0.0
3500.0,2008-12-17,Need to improve credit and payoff debt ,572.0,12.66%,746xx,OK,1 year,0.0
5000.0,2009-04-14,Wedding Expences,619.0,13.78%,430xx,OH,1 year,0.0
3000.0,2008-03-22,pay down credit cards,560.0,12.94%,280xx,NC,2 years,0.0
3000.0,2008-03-24,Workers comp,574.0,12.06%,600xx,IL,3 years,0.0
2000.0,2008-05-23,My Rent,617.0,6.35%,949xx,CA,< 1 year,0.0
6000.0,2007-06-12,dirtbag05,454.0,21.6%,240xx,VA,< 1 year,0.0
15000.0,2008-11-16,Honda,544.0,9.22%,300xx,GA,3 years,0.0
4000.0,2008-04-28,Wedding,763.0,36.32%,148xx,NY,6 years,0.0
10000.0,2009-04-27,Debt Consolidation loan,620.0,15.54%,558xx,MN,< 1 year,0.0
15000.0,2009-04-18,Fresh Start,648.0,330.46%,302xx,GA,1 year,0.0
2500.0,2008-11-22,auto repair,486.0,285.82%,714xx,LA,1 year,0.0
2000.0,2008-02-22,home_improvement,660.0,21.58%,152xx,PA,1 year,0.0
25000.0,2009-05-10,Return to School Loan,411.0,2.74%,154xx,PA,< 1 year,0.0
10000.0,2008-10-22,Business loan,654.0,31.25%,265xx,WV,5 years,0.0
25000.0,2008-11-20,Internet Video Product Launch,541.0,0%,017xx,MA,1 year,0.0
1000.0,2009-01-29,Cacth  up on Rent  payment,545.0,4.5%,100xx,NY,< 1 year,0.0
4000.0,2008-07-05,personal,679.0,0.92%,325xx,FL,< 1 year,0.0
6000.0,2008-07-15,Payoff final Credit Debt,534.0,3.29%,921xx,CA,2 years,0.0
25000.0,2008-10-21,"Buying a Coffee Shop,  Old Town Pasadena",764.0,27.6%,902xx,CA,2 years,0.0
7500.0,2008-08-29,Graduate school,696.0,7.08%,480xx,MI,4 years,0.0
10000.0,2008-04-05,Small Business Loan,613.0,0.87%,322xx,FL,3 years,0.0
9500.0,2008-10-17,Debt Consolidation Help,0.0,0%,221xx,VA,3 years,0.0
7500.0,2008-07-31,Paying for my mother's funeral,413.0,1.5%,150xx,PA,4 years,0.0
1500.0,2009-04-13,monthly personal loan,460.0,0%,700xx,LA,3 years,0.0
15000.0,2008-01-23,debt_consolidation,676.0,24.36%,553xx,MN,3 years,0.0
5000.0,2009-05-18,Consolidate and move,641.0,22.54%,770xx,TX,< 1 year,0.0
5000.0,2009-02-03, ,690.0,10.59%,923xx,CA,10+ years,0.0
3000.0,2007-11-02,chocolatebrownies,556.0,18.41%,921xx,CT,1 year,0.0
5500.0,2008-11-24,Major Problem -Must pay off CC by Dec 17,486.0,6.16%,217xx,MD,1 year,0.0
12500.0,2008-02-04,DunamosTNT,672.0,27.29%,330xx,FL,5 years,0.0
1500.0,2009-03-21,Car Repair,588.0,41.78%,207xx,MD,< 1 year,0.0
20000.0,2008-01-14,jimbo14,671.0,16.62%,850xx,AZ,1 year,0.0
2000.0,2009-03-25,used car,526.0,7.09%,117xx,NY,5 years,0.0
2000.0,2008-08-09,loan to pay debts,665.0,11%,917xx,CA,10+ years,0.0
4000.0,2008-01-15,debt_consolidation,638.0,12.17%,980xx,WA,2 years,0.0
16000.0,2009-03-13, ,646.0,10.71%,891xx,NV,2 years,0.0
14000.0,2007-12-26,debt_consolidation,697.0,31.63%,121xx,NY,10+ years,0.0
10000.0,2008-02-06,debt_consolidation,0.0,0%,012xx,MA,10+ years,0.0
20000.0,2008-01-07,seeking help,463.0,12.72%,067xx,CT,7 years,0.0
15000.0,2009-01-01,Consolidate Debt,490.0,46.8%,117xx,NY,7 years,0.0
3500.0,2008-12-17,Medical,518.0,36.84%,330xx,FL,< 1 year,0.0
15000.0,2009-04-12, ,624.0,25.61%,765xx,TX,3 years,0.0
22000.0,2009-04-11, ,652.0,25.79%,331xx,FL,3 years,0.0
12500.0,2009-03-09,College Girl Needs a Hand,649.0,2.82%,086xx,NJ,< 1 year,0.0
15000.0,2008-12-15,Consolidating The Last of my Debt,592.0,27.09%,932xx,CA,5 years,0.0
7500.0,2008-10-07,Baby on the way. Need to consolidate,581.0,29.88%,908xx,CA,< 1 year,0.0
13000.0,2008-01-18,mikie47,660.0,26.4%,463xx,IN,9 years,0.0
25000.0,2008-01-07,suzyg,815.0,33.6%,381xx,TN,10+ years,0.0
1000.0,2009-01-11,McLemore,515.0,0%,395xx,MS,2 years,0.0
7500.0,2008-04-13,High Interest Credit Card Debt Consolida,676.0,12.45%,010xx,MA,10+ years,0.0
1500.0,2008-06-07,Getting Back on my feet,477.0,15.6%,295xx,SC,3 years,0.0
2500.0,2008-08-21, ,756.0,15.3%,420xx,KY,< 1 year,0.0
7300.0,2008-08-10,phone system,689.0,5.09%,189xx,PA,10+ years,0.0
12500.0,2009-02-08,converting revolving debt to fixed loan,731.0,36.71%,448xx,OH,10+ years,0.0
12000.0,2009-02-25,Consolidate debt,665.0,6.87%,112xx,NY,3 years,0.0
25000.0,2008-03-14,consolidation,637.0,18.76%,430xx,OH,6 years,0.0
20000.0,2008-11-12,Personel ,577.0,30.89%,337xx,FL,4 years,0.0
3200.0,2008-10-13,I'm trying to make this the happiest...,469.0,1.76%,342xx,FL,2 years,0.0
20000.0,2008-01-13,pasha47,690.0,28.11%,325xx,FL,< 1 year,0.0
15000.0,2008-12-18,New Dad thinks ahead,525.0,21.72%,113xx,NY,5 years,0.0
2000.0,2009-04-25,Buying a Car,592.0,0%,787xx,TX,5 years,0.0
15000.0,2009-01-03, ,734.0,0.48%,731xx,OK,1 year,0.0
10000.0,2009-04-28,consolidate & repairs,559.0,10.29%,117xx,NY,4 years,0.0
5000.0,2008-09-05,personal loan,564.0,14.32%,303xx,GA,7 years,0.0
5000.0,2008-02-03,mdoc151,597.0,12.66%,190xx,PA,1 year,0.0
6000.0,2009-02-12,Debt consolidation for college student,588.0,10.12%,891xx,NV,1 year,0.0
4000.0,2008-07-24,myloan,653.0,33.38%,775xx,TX,9 years,0.0
8000.0,2009-04-09,personal loan,486.0,9.05%,082xx,NJ,1 year,0.0
15000.0,2007-10-05,Cutting up my cards,614.0,4.91%,982xx,WA,1 year,0.0
7000.0,2008-04-04,Recession Proof Investment,579.0,16.4%,219xx,MD,3 years,0.0
15000.0,2008-12-12,real estate,598.0,17.42%,951xx,CA,2 years,0.0
25000.0,2008-10-22,G & J CCP,699.0,49.48%,540xx,WI,4 years,0.0
15000.0,2009-04-29,PLZ INVEST IN ME ,485.0,0%,601xx,IL,< 1 year,0.0
10000.0,2008-01-13,RuthAnn,590.0,26.86%,980xx,WA,5 years,0.0
20000.0,2009-02-17,Kids Classes,720.0,5.99%,912xx,CA,8 years,0.0
5000.0,2008-06-18,Used vehicle,737.0,18.92%,199xx,DE,5 years,0.0
15000.0,2009-01-13, ,689.0,27.47%,228xx,VA,2 years,0.0
20000.0,2008-01-29,spanky2,614.0,28.86%,391xx,MS,< 1 year,0.0
15000.0,2009-04-05,personal loan,597.0,3.01%,449xx,OH,5 years,0.0
10000.0,2009-04-16,education,479.0,1.75%,551xx,MN,< 1 year,0.0
10000.0,2008-01-02,sw12,483.0,4.33%,067xx,CT,5 years,0.0
5000.0,2007-11-27,BRAD001,666.0,10.36%,236xx,VA,10+ years,0.0
7000.0,2008-03-21,Paying off old debt.,618.0,14.4%,310xx,GA,10+ years,0.0
1000.0,2009-01-17,To get a furnace,454.0,42.86%,263xx,WV,1 year,0.0
10000.0,2009-04-23,student loan,525.0,11.15%,952xx,CA,4 years,0.0
4800.0,2009-05-17,Refinancing Car Loan,695.0,45.96%,300xx,GA,1 year,0.0
15000.0,2009-01-11,Wood pellet business loan,583.0,17%,105xx,NY,10+ years,0.0
1000.0,2009-02-04,Single Mom Needs Help Paying for College,443.0,0%,317xx,GA,2 years,0.0
7500.0,2008-08-02,Debt Consolidation,656.0,40.09%,921xx,CA,< 1 year,0.0
10000.0,2008-07-22,Help with Credit Card Debt,614.0,28.93%,600xx,IL,5 years,0.0
25000.0,2009-05-12,zha,703.0,0.62%,112xx,NY,7 years,0.0
1500.0,2008-03-17,Home Improvement and car repair,481.0,6.43%,365xx,AL,3 years,0.0
16000.0,2008-11-15, ,651.0,13.17%,982xx,WA,7 years,0.0
17000.0,2008-01-04,debt_consolidation,691.0,39.84%,148xx,NY,4 years,0.0
5000.0,2008-08-05,Buisness Funds,697.0,4.96%,330xx,FL,8 years,0.0
6000.0,2008-12-27,Used car Financing,495.0,5.1%,532xx,WI,< 1 year,0.0
17000.0,2009-01-08, ,670.0,45.13%,217xx,MD,10+ years,0.0
10000.0,2009-04-06,soft pretzel concession trailer,686.0,2.24%,170xx,PA,10+ years,0.0
5000.0,2008-12-26,Photography business loan,530.0,4.8%,615xx,IL,10+ years,0.0
15000.0,2009-04-27, ,777.0,0%,730xx,OK,2 years,0.0
25000.0,2008-10-18,personal,647.0,17.53%,146xx,NY,10+ years,0.0
2500.0,2009-04-16,Car loan,0.0,0%,327xx,FL,< 1 year,0.0
3000.0,2008-05-02,consolidation,417.0,6.81%,330xx,FL,< 1 year,0.0
15000.0,2009-03-23, ,779.0,54.41%,026xx,MA,< 1 year,0.0
25000.0,2009-05-15,Low interest rates will expire soon,574.0,29.1%,484xx,MI,3 years,0.0
3000.0,2008-12-28,Personal Loan,687.0,2.64%,970xx,OR,2 years,0.0
25000.0,2008-02-11,EdJohn,667.0,18.7%,930xx,CA,3 years,0.0
8700.0,2009-03-11,Motorcycle loan,672.0,28.1%,809xx,CO,< 1 year,0.0
2000.0,2008-06-26,Mike's wedding,603.0,1.8%,325xx,FL,2 years,0.0
3000.0,2008-10-10,Getting Help,422.0,1.33%,995xx,AK,2 years,0.0
2500.0,2008-01-02,medmunds,460.0,10.44%,236xx,VA,6 years,0.0
1600.0,2008-06-21,Production Company.,0.0,0%,301xx,GA,< 1 year,0.0
2000.0,2008-06-04,Going home to Europe after 5 years,665.0,15.87%,945xx,CA,< 1 year,0.0
7500.0,2009-02-27, ,627.0,9.92%,481xx,MI,10+ years,0.0
5000.0,2009-04-23, ,670.0,10.6%,597xx,MT,2 years,0.0
5000.0,2009-03-15,pay off auto loan.,563.0,0.86%,362xx,AL,< 1 year,0.0
13000.0,2009-05-10,Please! Help me see my wife and kids!,616.0,7.29%,208xx,MD,< 1 year,0.0
1200.0,2009-02-12,reasons why i really need this loan,0.0,62.8%,300xx,GA,< 1 year,0.0
5500.0,2007-11-19,jherron,621.0,33.2%,368xx,AL,1 year,0.0
4000.0,2008-01-31,graduate student loan,614.0,33.69%,598xx,MT,1 year,0.0
500.0,2007-09-21,USMC Chick,473.0,26.55%,300xx,GA,2 years,0.0
20000.0,2008-02-18,major_purchase,738.0,0.91%,386xx,MS,1 year,0.0
25000.0,2009-03-31,New Kitchen and Basement Upgrades,721.0,9.62%,606xx,IL,10+ years,0.0
10000.0,2008-10-26,School loan,468.0,60.18%,973xx,OR,< 1 year,0.0
10000.0,2009-01-07, ,756.0,38.61%,395xx,MS,6 years,0.0
25000.0,2007-10-19,JuiceTrading,521.0,29.57%,750xx,TX,< 1 year,0.0
24000.0,2008-02-10,ABELREVELO,486.0,3.81%,913xx,CA,10+ years,0.0
2000.0,2008-06-28,Please help a struggling college grad,474.0,22.13%,077xx,NJ,< 1 year,0.0
8500.0,2009-02-05,Refinancing High Interest Credit Cards,669.0,23.9%,336xx,FL,2 years,0.0
21000.0,2009-04-20,Consolidate My Debt,710.0,28.26%,338xx,FL,3 years,0.0
2500.0,2008-03-11,Consolidate Debt,657.0,5.63%,303xx,GA,2 years,0.0
10000.0,2008-02-18,debt_consolidation,656.0,17.94%,544xx,WI,1 year,0.0
25000.0,2007-11-28,ziskey27,471.0,21.15%,436xx,OH,< 1 year,0.0
20000.0,2009-03-18,"Moving , purchasing a vehicle",633.0,4.44%,012xx,MA,< 1 year,0.0
5000.0,2007-11-02,tburtonjr,526.0,14.58%,402xx,KY,1 year,0.0
7500.0,2007-09-30,SecurityAnalyst,588.0,18.63%,430xx,OH,5 years,0.0
3000.0,2008-03-03,Dar,515.0,15.03%,740xx,OK,< 1 year,0.0
9000.0,2009-02-27,personal,730.0,17.89%,668xx,KS,< 1 year,0.0
3000.0,2008-06-04,Refinance HIGH interest Prosper Loan,619.0,18.57%,846xx,UT,< 1 year,0.0
5000.0,2008-11-17,Pay off all my credit cards...,595.0,2.63%,895xx,NV,< 1 year,0.0
6000.0,2009-01-27,Consolidate a high interest credit card,740.0,14.17%,553xx,MN,1 year,0.0
10000.0,2008-03-17,home_improvement,735.0,0%,190xx,PA,< 1 year,0.0
10000.0,2009-02-27,Personal Loan,0.0,0%,804xx,CO,< 1 year,0.0
3000.0,2009-04-27,We Educate Client About Credit & Debt,554.0,8.56%,481xx,MI,2 years,0.0
2500.0,2008-11-23,Help Getting Through Tough Times,678.0,15.42%,190xx,PA,1 year,0.0
5000.0,2008-12-28,personal,431.0,179%,977xx,OR,< 1 year,0.0
25000.0,2009-04-23,business,499.0,8.26%,779xx,TX,5 years,0.0
5000.0,2009-03-11,Getting ahead at 21!,686.0,24.48%,720xx,AR,5 years,0.0
1000.0,2008-06-29,"rent,light,water",0.0,0%,334xx,FL,3 years,0.0
10000.0,2008-01-13,debt_consolidation,681.0,45.88%,597xx,MT,8 years,0.0
4000.0,2007-10-20,karabryan,631.0,29.25%,435xx,OH,8 years,0.0
25000.0,2009-04-18,School Loan,614.0,68.67%,750xx,TX,5 years,0.0
6000.0,2009-02-18,Segway to cut costs,554.0,19.26%,881xx,NM,2 years,0.0
5000.0,2008-04-07,credit card problems,549.0,26.5%,114xx,NY,3 years,0.0
15000.0,2008-01-13,Anderson Help,448.0,12.83%,681xx,NE,10+ years,0.0
15000.0,2009-05-08,Credit Cards are evil,647.0,17.85%,606xx,IL,< 1 year,0.0
10000.0,2008-04-10,help me out of a bind,453.0,26.54%,542xx,WI,2 years,0.0
15000.0,2008-04-03,Help me keep it together,651.0,0%,223xx,VA,3 years,0.0
8500.0,2009-04-19,"Hello,  I'm looking to purchase a used 2007 Dodge Caliber from a local car dealership. I currently own a 1999 Pontiac Sunfire that is quickly approaching 200k miles.  I have great credit, however I have a high debt to income ratio. However, I do make it by each month, and am on time for all payments.  I have one negative rating on my credit -- for a $33 medical bill which I never received and thus never paid. I am working to have it removed.  I look forward to working with you.  Thanks.",637.0,53.06%,218xx,MD,9 years,0.0
2000.0,2008-02-18,Grad school relocation,537.0,218.38%,481xx,MI,< 1 year,0.0
25000.0,2009-03-24,Personal,517.0,25.55%,765xx,TX,< 1 year,0.0
15000.0,2009-02-13,NoteGiant.com investment,588.0,23.49%,480xx,MI,< 1 year,0.0
5000.0,2009-01-08,Student Loan - Newlywed Relocation,553.0,15.88%,923xx,CA,3 years,0.0
2500.0,2008-04-17,personal,491.0,27.89%,190xx,PA,4 years,0.0
3000.0,2007-12-25,euroallday,450.0,0.95%,600xx,IL,3 years,0.0
7500.0,2008-09-16,Home improvement project,730.0,2.11%,852xx,AZ,2 years,0.0
10000.0,2009-01-07, ,707.0,39.87%,774xx,TX,2 years,0.0
8000.0,2008-07-05, ,632.0,16.24%,121xx,NY,5 years,0.0
3000.0,2008-12-24,Pay off debt,573.0,1.43%,796xx,TX,< 1 year,0.0
25000.0,2008-10-16,Remodel Loan,648.0,24.16%,982xx,WA,< 1 year,0.0
15000.0,2009-01-09,help with start up loan,582.0,7.02%,220xx,VA,< 1 year,0.0
12500.0,2008-02-05,lpn1234,653.0,32.55%,783xx,TX,< 1 year,0.0
15000.0,2008-11-28,My first and last BIG day!!!,590.0,11.03%,207xx,MD,7 years,0.0
15000.0,2009-02-12,amyshepherd photography,538.0,33.98%,671xx,KS,< 1 year,0.0
2000.0,2009-04-25,need help w school,381.0,451.64%,530xx,WI,3 years,0.0
10540.0,2009-02-08, ,700.0,17.76%,144xx,NY,< 1 year,0.0
2800.0,2007-12-17,Sura,578.0,1.67%,921xx,CA,5 years,0.0
3000.0,2008-07-16,HD,712.0,11.79%,786xx,TX,4 years,0.0
2500.0,2008-11-10,Emergency Loan Nov2008,564.0,51.21%,805xx,CO,< 1 year,0.0
10000.0,2009-02-04,My Husband got Laid-Off,445.0,138.8%,787xx,TX,7 years,0.0
1000.0,2009-05-09,personal loan for lens,597.0,52.23%,445xx,OH,5 years,0.0
1000.0,2009-02-04,Car Repair,508.0,0%,313xx,GA,1 year,0.0
3500.0,2007-09-26,MakingaPositiveChange,542.0,28.07%,175xx,MD,1 year,0.0
10000.0,2009-03-31, ,662.0,10.03%,981xx,WA,6 years,0.0
12000.0,2008-03-10,other,702.0,0.36%,570xx,SD,< 1 year,0.0
2000.0,2009-04-23,A little help,455.0,0%,982xx,WA,4 years,0.0
1500.0,2007-06-30,suprstrmandie,0.0,14.4%,662xx,KS,2 years,0.0
5000.0,2008-09-20,Private car purchase,549.0,3.86%,133xx,NY,1 year,0.0
4000.0,2008-10-19, ,0.0,0.88%,891xx,NV,< 1 year,0.0
15450.0,2008-02-12,I am eliminating my debt,690.0,23.24%,381xx,TN,4 years,0.0
3500.0,2009-02-03, ,698.0,25.68%,928xx,CA,10+ years,0.0
10000.0,2007-10-27,mcgtrans,503.0,0%,701xx,LA,1 year,0.0
2500.0,2008-07-17,need money for school,0.0,5.14%,548xx,WI,< 1 year,0.0
15000.0,2008-03-19,Planning to be debt free in five years,658.0,6.65%,374xx,TN,10+ years,0.0
1000.0,2008-12-07,Paying Off CRedit Cards,517.0,16.77%,950xx,CA,10+ years,0.0
5000.0,2007-12-29,TheAvid1,435.0,18.51%,787xx,TX,< 1 year,0.0
7500.0,2008-08-21,Home Project ,678.0,17.19%,911xx,CA,< 1 year,0.0
4500.0,2008-10-15, ,538.0,16.82%,191xx,PA,2 years,0.0
7000.0,2008-04-23,Graduate student trying to make it,564.0,22.67%,913xx,CA,2 years,0.0
16000.0,2008-11-26,Auto Loan,569.0,5.61%,923xx,CA,2 years,0.0
10000.0,2009-03-07, ,774.0,0.51%,132xx,NY,3 years,0.0
3000.0,2008-03-25,Car woes,620.0,20.37%,282xx,NC,< 1 year,0.0
19500.0,2008-04-07,Debt Help,586.0,6.96%,799xx,TX,< 1 year,0.0
20000.0,2008-03-11,Health Problems,422.0,34.48%,238xx,VA,< 1 year,0.0
3000.0,2008-01-30,soylentgreen,562.0,3.77%,234xx,VA,< 1 year,0.0
6000.0,2008-09-11,Landscaping for new home.,738.0,0.78%,450xx,OH,1 year,0.0
7000.0,2008-12-19, ,658.0,31.13%,553xx,MN,4 years,0.0
2650.0,2008-01-03,greenpoint,709.0,31.56%,293xx,SC,3 years,0.0
4000.0,2008-10-06,baby expenses,622.0,0.22%,207xx,MD,< 1 year,0.0
2500.0,2009-04-14,Looking to consolidate Debt,482.0,13.13%,342xx,FL,3 years,0.0
25000.0,2008-11-12,Help Me Pay Down Credit Cards,643.0,28.01%,483xx,MI,10+ years,0.0
2500.0,2008-11-19,Consolidate Debt,668.0,17.6%,208xx,MD,2 years,0.0
9000.0,2009-04-10,Adoption expenses,516.0,0%,982xx,WA,8 years,0.0
14500.0,2009-03-04,Please Help us consolidate our Debt....,657.0,16.88%,445xx,OH,6 years,0.0
10000.0,2009-05-05, ,644.0,19.5%,344xx,FL,< 1 year,0.0
3000.0,2007-08-23,Need to payoff high interest payday loan,542.0,0.85%,891xx,NV,2 years,0.0
5000.0,2008-04-05,This loan will be payed off in 6 months ,465.0,1.16%,986xx,WA,10+ years,0.0
7500.0,2008-10-02,Consolidate debt ,581.0,60.08%,083xx,NJ,9 years,0.0
6000.0,2008-07-28,college,464.0,10.58%,725xx,AR,< 1 year,0.0
3000.0,2009-03-12,Moving from TX to DE,696.0,7.26%,750xx,TX,3 years,0.0
15000.0,2009-04-28,Investing in my future,592.0,0%,445xx,OH,< 1 year,0.0
25000.0,2009-03-17,Everything,694.0,41.65%,802xx,CO,3 years,0.0
4000.0,2008-12-14,2008 Credit Cards payoff,713.0,47.8%,024xx,MA,10+ years,0.0
7500.0,2009-04-20, ,707.0,1.02%,554xx,MN,4 years,0.0
3600.0,2009-04-28,0% rate on credit card going bye-bye,734.0,4.88%,920xx,CA,10+ years,0.0
10000.0,2009-01-25,Property improvements,702.0,33.09%,232xx,VA,6 years,0.0
15000.0,2007-12-06,rbennett,578.0,14.43%,112xx,NY,3 years,0.0
6000.0,2009-02-17,Car Crash - and other,747.0,1.47%,207xx,MD,3 years,0.0
8000.0,2009-04-02,Coast Guard Contract,685.0,10.7%,225xx,VA,10+ years,0.0
25000.0,2008-12-01,Short Sale,699.0,30.96%,346xx,FL,3 years,0.0
3000.0,2008-08-08,Wedding,688.0,0.69%,112xx,NY,4 years,0.0
23000.0,2007-12-07,mnordin,694.0,17.5%,995xx,AK,1 year,0.0
22000.0,2007-07-01,john123,595.0,17.11%,112xx,NY,1 year,0.0
5000.0,2009-05-01,pay for wedding,531.0,1.71%,809xx,CO,5 years,0.0
13000.0,2007-06-25,terbehr,583.0,45.78%,843xx,UT,10+ years,0.0
1500.0,2009-01-06,Trying to  get back on my feet ,465.0,10.42%,972xx,OR,< 1 year,0.0
1000.0,2009-02-16,to pay the debt,615.0,16.95%,945xx,CA,6 years,0.0
12000.0,2009-04-29, ,694.0,5.11%,170xx,PA,6 years,0.0
5000.0,2008-03-17,For a individual trying to get on track,0.0,0%,155xx,PA,1 year,0.0
15000.0,2008-03-05,other,633.0,1.41%,604xx,IL,10+ years,0.0
19000.0,2008-12-28, ,695.0,25.33%,156xx,PA,2 years,0.0
2000.0,2008-09-17,Single Mom paying off high interest loan,520.0,17.46%,980xx,WA,3 years,0.0
3000.0,2008-11-16,PERSONAL,522.0,22.1%,953xx,CA,1 year,0.0
2000.0,2008-10-03,Finally going for my dream,612.0,0%,984xx,WA,< 1 year,0.0
7500.0,2008-05-15,Student Loan,0.0,0%,801xx,CO,5 years,0.0
1200.0,2007-06-30,twinsno1,586.0,3.63%,100xx,NY,< 1 year,0.0
5000.0,2009-04-14,Divorce did in this Dad.......,463.0,32.82%,992xx,WA,< 1 year,0.0
25000.0,2008-03-24,PURCASE RENTAL PROPERTY,699.0,5.73%,460xx,IN,4 years,0.0
17000.0,2008-11-08,debt consolidation,687.0,43.54%,178xx,PA,< 1 year,0.0
7500.0,2009-01-28,Wheels 4 U Loan,463.0,0%,620xx,IL,< 1 year,0.0
10000.0,2007-12-17,"I would like a $10,000 loan with @ 13% intrest over 60 monthes.",697.0,23.17%,330xx,FL,5 years,0.0
6000.0,2009-05-15,Going back to school for nursing,650.0,16.54%,080xx,NJ,6 years,0.0
15000.0,2009-01-05,Virginia School of the Arts,496.0,7.13%,974xx,OR,9 years,0.0
7500.0,2008-11-23,payoof some old bills ,647.0,12%,233xx,VA,10+ years,0.0
20000.0,2008-01-23,josephlloydzacker,0.0,0%,184xx,PA,< 1 year,0.0
10000.0,2008-12-05,Nursing Student - Mother of 3,494.0,1.4%,986xx,WA,< 1 year,0.0
5000.0,2009-04-06,Debt and taxes,663.0,38.59%,749xx,OK,8 years,0.0
15000.0,2008-11-28,Engagement Ring Purchase,672.0,8.42%,089xx,NJ,1 year,0.0
1825.0,2008-04-20,Covering Moving expences,565.0,34.63%,488xx,MI,1 year,0.0
7500.0,2008-07-24,start-up,562.0,1.92%,410xx,KY,2 years,0.0
20000.0,2007-11-15,hYDSYS,672.0,14.46%,871xx,NM,10+ years,0.0
20000.0,2008-01-31,debt_consolidation,659.0,20.83%,490xx,MI,6 years,0.0
8000.0,2009-03-09, ,655.0,18.66%,182xx,PA,5 years,0.0
10000.0,2008-11-01, ,677.0,25.6%,137xx,NY,< 1 year,0.0
2000.0,2008-06-23,Other,650.0,1.14%,073xx,NJ,10+ years,0.0
3000.0,2009-05-03,Car financing ,653.0,20.52%,554xx,MN,< 1 year,0.0
14000.0,2008-03-03,other,640.0,3.44%,535xx,WI,10+ years,0.0
1000.0,2009-03-22,Debt with Spouse,563.0,580.42%,444xx,OH,1 year,0.0
8000.0,2008-05-05, ,717.0,5.6%,070xx,NJ,< 1 year,0.0
5000.0,2008-04-18,Wedding Expenses,491.0,6.36%,770xx,TX,1 year,0.0
6000.0,2009-04-16,education,510.0,0%,303xx,GA,1 year,0.0
10000.0,2008-11-18,Home Sale Closing,720.0,19.6%,301xx,GA,10+ years,0.0
3000.0,2008-02-09,Tired,481.0,11.11%,855xx,AZ,1 year,0.0
15000.0,2009-03-28,Debt Consolidation/Wedding Expenses,720.0,11.6%,100xx,NY,3 years,0.0
19000.0,2008-10-25, ,733.0,30.51%,118xx,NY,4 years,0.0
25000.0,2007-08-17,M_Designs,469.0,13.95%,331xx,FL,< 1 year,0.0
1000.0,2009-04-16,personal,615.0,40.69%,613xx,IL,2 years,0.0
10000.0,2008-03-10,other,645.0,3.37%,716xx,AR,< 1 year,0.0
3000.0,2008-07-24,I'm investing to further my dreams of...,567.0,0%,403xx,KY,1 year,0.0
5500.0,2009-03-08, ,654.0,10.04%,935xx,CA,2 years,0.0
8000.0,2009-01-03,Consolidation loan,652.0,147.29%,773xx,TX,8 years,0.0
5000.0,2009-04-21, ,713.0,4.63%,774xx,TX,2 years,0.0
24800.0,2009-03-19,Get out of Debt,718.0,28.72%,293xx,SC,6 years,0.0
3000.0,2008-07-24,Help Me Help You...,542.0,27.18%,972xx,OR,1 year,0.0
16000.0,2008-11-29,Debt Consolidation Loan,592.0,12.14%,333xx,FL,1 year,0.0
5000.0,2009-03-24,bill consolidation and wedding expenses,455.0,36.64%,546xx,WI,10+ years,0.0
5000.0,2009-01-26,HELP,625.0,4.8%,190xx,PA,2 years,0.0
7500.0,2008-10-07,betterrate,678.0,49.04%,206xx,MD,3 years,0.0
5000.0,2008-11-14, ,683.0,31.86%,932xx,CA,7 years,0.0
3000.0,2007-06-06,Keith24601,612.0,6.72%,081xx,NJ,< 1 year,0.0
5000.0,2008-03-24,personal,548.0,47.7%,920xx,CA,< 1 year,0.0
8500.0,2008-12-11,Consolidate at lower rate,703.0,19.26%,117xx,NY,1 year,0.0
2000.0,2008-11-05,LaTara's basic necessities,461.0,104.1%,363xx,AL,< 1 year,0.0
6000.0,2009-01-28,Printing cost for self-published book,767.0,25.82%,992xx,WA,1 year,0.0
20000.0,2009-03-12,Consolidating credit card debt,612.0,52.02%,070xx,NJ,3 years,0.0
25000.0,2009-03-29,Ready To Expand,421.0,0.6%,913xx,CA,10+ years,0.0
7000.0,2007-08-07,anonymous1303,559.0,5.31%,775xx,TX,1 year,0.0
15000.0,2007-12-21,taxguy,660.0,15.73%,834xx,ID,2 years,0.0
19000.0,2008-03-09,New Car,554.0,4.71%,660xx,KS,1 year,0.0
10000.0,2008-04-07,Car Loan,0.0,0%,486xx,MI,3 years,0.0
2000.0,2009-05-05,Personal Education Loan,440.0,12.36%,285xx,SC,5 years,0.0
1000.0,2008-03-24,Starting new job,481.0,20.4%,371xx,TN,2 years,0.0
1000.0,2009-03-17,House,688.0,2.86%,312xx,GA,6 years,0.0
5000.0,2008-01-15,Angelyn,548.0,5.76%,179xx,PA,1 year,0.0
17000.0,2008-02-28,debt_consolidation,660.0,24.88%,191xx,PA,10+ years,0.0
15000.0,2009-04-27, ,682.0,29.81%,451xx,OH,3 years,0.0
6000.0,2009-01-15,Dental Co-Pays and Moving Company,638.0,13.3%,945xx,CA,< 1 year,0.0
2600.0,2008-11-01,Debt Consolidation,497.0,11.57%,934xx,CA,3 years,0.0
12929.98,2009-04-07, ,675.0,6.05%,940xx,CA,5 years,0.0
25000.0,2008-11-19,GOAL LOAN,624.0,17.05%,322xx,FL,< 1 year,0.0
1000.0,2009-02-06,PARAMEDIC LISCENSE ,482.0,0%,412xx,KY,2 years,0.0
3050.0,2009-04-26,To Publish New Technique Book and DVD,596.0,38.94%,762xx,TX,2 years,0.0
2500.0,2007-06-15,djdecibal,475.0,42.55%,557xx,MN,1 year,0.0
2500.0,2008-12-10,Mortgage Payment,477.0,11.61%,300xx,GA,10+ years,0.0
1000.0,2008-04-08,DeChandra Swayzer,508.0,0%,712xx,LA,3 years,0.0
20000.0,2009-04-23, ,662.0,25.36%,761xx,TX,9 years,0.0
4100.0,2008-02-21,home_improvement,784.0,23.5%,745xx,OK,< 1 year,0.0
700.0,2007-11-17,mz. downing,0.0,0%,119xx,NY,1 year,0.0
9000.0,2008-07-11, ,746.0,34.96%,170xx,PA,< 1 year,0.0
10000.0,2009-04-20,Education Expenses,501.0,878.4%,456xx,OH,2 years,0.0
3800.0,2008-08-16,Pay off payday loans!,452.0,17.55%,945xx,CA,1 year,0.0
25000.0,2009-04-21,student loans,0.0,0%,606xx,IL,< 1 year,0.0
5000.0,2008-01-04,nascar88,0.0,0%,844xx,UT,< 1 year,0.0
15000.0,2009-04-30,Debt consolidation,668.0,40.17%,328xx,FL,2 years,0.0
6000.0,2009-01-11,Desperate Need Help,474.0,8.21%,932xx,CA,6 years,0.0
3500.0,2009-01-22,Paying off a few bills,536.0,0%,225xx,VA,< 1 year,0.0
7000.0,2009-01-07, ,739.0,50.94%,840xx,UT,< 1 year,0.0
5000.0,2009-04-23,Personal,475.0,0%,240xx,VA,1 year,0.0
6000.0,2009-03-22,get out of debt,477.0,15.71%,988xx,WA,1 year,0.0
6000.0,2008-10-03, ,723.0,30.69%,571xx,SD,< 1 year,0.0
13000.0,2009-04-09,Tax help!,640.0,11.81%,770xx,TX,2 years,0.0
1500.0,2007-10-09,ChristinaDeLine,520.0,53.15%,156xx,DE,2 years,0.0
25000.0,2009-01-22,Will pay 40% interest,630.0,29.24%,919xx,CA,10+ years,0.0
5000.0,2008-11-20,Moving into Prosperity 4Family&I.,566.0,10.4%,945xx,CA,3 years,0.0
8500.0,2008-04-06,Credit Card & Medical Bills,530.0,0.79%,480xx,MI,1 year,0.0
9000.0,2008-12-27,09 payoff,721.0,40.8%,765xx,TX,10+ years,0.0
8000.0,2008-01-16,spoiled4sure,629.0,22.3%,350xx,AL,9 years,0.0
5000.0,2009-04-13, ,665.0,2.83%,641xx,MO,5 years,0.0
5000.0,2009-03-26,personal loan,553.0,38.82%,293xx,SC,2 years,0.0
8000.0,2009-04-22,Path to Wellness,717.0,21.12%,349xx,FL,4 years,0.0
10000.0,2009-04-07, ,720.0,81.49%,442xx,OH,6 years,0.0
6000.0,2009-04-20,I need a loan for a new/or used car,588.0,20.72%,129xx,NY,8 years,0.0
3000.0,2008-08-11,Replacement of Direct Deposits,455.0,23.12%,027xx,MA,< 1 year,0.0
3000.0,2008-04-04,personal loan,471.0,10.62%,107xx,NY,10+ years,0.0
3000.0,2008-11-24,Debt Help,471.0,28.01%,197xx,DE,3 years,0.0
3000.0,2008-03-07,other,636.0,2.17%,113xx,NY,< 1 year,0.0
10000.0,2009-05-17,Debt Consolidation/ Business Expansion,614.0,21.98%,207xx,MD,2 years,0.0
16000.0,2009-04-10,Start-Up Costs for Book Store,658.0,16.35%,636xx,MO,< 1 year,0.0
7500.0,2009-03-31, ,695.0,4.27%,926xx,CA,< 1 year,0.0
3000.0,2008-01-13,fossyh4188,623.0,24.48%,142xx,NY,2 years,0.0
10000.0,2008-02-15,aziz,595.0,45.71%,900xx,CA,4 years,0.0
5000.0,2009-02-09,Personal,526.0,20.18%,117xx,NY,9 years,0.0
12000.0,2008-01-07,chadandkeyesy,745.0,2.86%,388xx,MS,10+ years,0.0
3000.0,2009-05-04,business equipment,530.0,1.68%,462xx,IL,2 years,0.0
1700.0,2008-02-17,mojo2020,666.0,12.22%,493xx,MI,2 years,0.0
2000.0,2007-12-13,josh803,391.0,25.05%,337xx,FL,< 1 year,0.0
1000.0,2008-12-16,my own place,588.0,0%,403xx,KY,< 1 year,0.0
3000.0,2009-04-01,nursing school,583.0,38.18%,956xx,CA,< 1 year,0.0
10000.0,2008-12-02,"Desperate, Need Help, Money for Family",412.0,60.82%,840xx,UT,< 1 year,0.0
3000.0,2007-12-09,abqmalenurse,530.0,7.3%,871xx,NM,1 year,0.0
6500.0,2009-04-21,Start School,445.0,49.03%,714xx,LA,< 1 year,0.0
5000.0,2008-03-13,Getting Work equipment,491.0,0%,330xx,FL,7 years,0.0
600.0,2008-03-28,Car Payment,448.0,3.37%,601xx,IL,4 years,0.0
3000.0,2008-01-03,beblack32,0.0,0%,717xx,AR,4 years,0.0
16000.0,2008-03-12,Car loan,692.0,0.55%,060xx,CT,10+ years,0.0
10000.0,2008-12-28,Student getting out of debt ,653.0,43.16%,981xx,WA,< 1 year,0.0
2000.0,2007-11-23,debt_consolidation,670.0,30.9%,461xx,IN,4 years,0.0
15000.0,2008-07-17,Credit Builder Business,645.0,0.21%,152xx,PA,3 years,0.0
5000.0,2007-06-25,dwgallo,600.0,18.22%,088xx,NJ,10+ years,0.0
10000.0,2008-03-31,Bevt,686.0,35.57%,917xx,CA,10+ years,0.0
3500.0,2008-06-29,outofthehole,614.0,10.64%,134xx,NY,9 years,0.0
7000.0,2008-03-03,liam_and_lani,507.0,17.71%,189xx,PA,4 years,0.0
6000.0,2008-07-26,emergency,609.0,32900%,109xx,NY,< 1 year,0.0
10000.0,2008-04-07,Repair for 2 house trailers  that I rent,677.0,22.06%,188xx,PA,10+ years,0.0
8500.0,2008-12-12,Catching up from first home and wedding,548.0,16.56%,483xx,MI,5 years,0.0
15000.0,2007-07-02,ttallent,621.0,40.73%,379xx,TN,1 year,0.0
5000.0,2008-04-28,One Payment versus six!,600.0,38.01%,974xx,OR,5 years,0.0
20000.0,2008-12-11, ,711.0,28.92%,800xx,CO,< 1 year,0.0
7000.0,2007-10-27,Vitor,0.0,1.15%,333xx,FL,< 1 year,0.0
5000.0,2008-05-31, ,623.0,5.84%,100xx,NY,1 year,0.0
1500.0,2009-04-01, ,742.0,5.5%,957xx,CA,3 years,0.0
5000.0,2007-12-05,Dental/Personal Loan,715.0,23.15%,324xx,FL,1 year,0.0
5000.0,2008-03-21,School Loan,695.0,7.32%,328xx,FL,< 1 year,0.0
7500.0,2007-12-26,PACFDAWORLD,590.0,13.25%,708xx,LA,< 1 year,0.0
4000.0,2009-03-21,Andrew Loan,693.0,0%,362xx,AL,< 1 year,0.0
15000.0,2008-12-22,consolidate to 1 payment ,673.0,37.77%,029xx,RI,6 years,0.0
5000.0,2009-04-22,Backyard Buildup,677.0,32.03%,441xx,OH,3 years,0.0
10000.0,2009-04-17, ,738.0,11.94%,553xx,MN,10+ years,0.0
12500.0,2008-01-13,hshields44,668.0,65.75%,881xx,NM,4 years,0.0
20000.0,2009-05-13,Home Improvement,642.0,37.87%,239xx,VA,< 1 year,0.0
7000.0,2008-07-28, ,629.0,34.65%,178xx,PA,8 years,0.0
5000.0,2009-02-20,Debt,432.0,30.83%,090xx,NY,5 years,0.0
8000.0,2008-12-08,Personal Loan ,602.0,18.31%,585xx,MN,< 1 year,0.0
15000.0,2008-12-14,better future a head,614.0,3.9%,800xx,CO,3 years,0.0
1000.0,2008-12-04,Christmas Presents and Groceries,479.0,0%,310xx,GA,8 years,0.0
3000.0,2008-09-03,Payroll Gap,558.0,11.91%,144xx,NY,10+ years,0.0
1000.0,2009-01-11,Loan needed to get out of a hole,622.0,0%,672xx,KS,3 years,0.0
1500.0,2008-01-16,rrigg2,653.0,10.89%,627xx,IL,1 year,0.0
1300.0,2007-12-28,tjsuko,0.0,0%,080xx,NJ,4 years,0.0
14000.0,2008-02-15,debt_consolidation,697.0,18.5%,973xx,OR,10+ years,0.0
5500.0,2007-08-12,urbanphoenyx,600.0,17.97%,100xx,NY,1 year,0.0
10000.0,2009-01-08,Debt Payoff,599.0,6.75%,894xx,NV,2 years,0.0
5000.0,2009-01-13,Invention,509.0,0%,641xx,MO,2 years,0.0
10000.0,2008-11-05,personal,0.0,0%,424xx,KY,3 years,0.0
7000.0,2008-05-01,Credit card debts,444.0,33.12%,255xx,WV,< 1 year,0.0
5000.0,2008-01-13,jbcuffe,649.0,43.93%,443xx,OH,9 years,0.0
2000.0,2009-01-08,school loan,496.0,10.37%,323xx,FL,< 1 year,0.0
3000.0,2009-04-16,School loan for books and apartment,682.0,144.8%,435xx,OH,< 1 year,0.0
1500.0,2008-11-06,Student Loan,532.0,0%,629xx,IL,1 year,0.0
3500.0,2008-04-25,Pay off credit cards balance,695.0,38.49%,220xx,VA,2 years,0.0
1000.0,2009-05-11,tuition bill,716.0,34.68%,439xx,OH,1 year,0.0
10000.0,2008-11-05,A safe investment,539.0,13.47%,217xx,MD,10+ years,0.0
20000.0,2008-11-03, ,697.0,39.78%,906xx,CA,1 year,0.0
15000.0,2008-03-19,debt_consolidation,643.0,19.92%,280xx,NC,< 1 year,0.0
14000.0,2009-02-26,Paying off Credit cards that are at 20% ,672.0,28.96%,752xx,TX,4 years,0.0
10000.0,2009-02-03,To purchase a company ,703.0,11.92%,303xx,GA,10+ years,0.0
20000.0,2008-01-13,rxdm156,661.0,32.82%,180xx,PA,10+ years,0.0
8000.0,2008-04-07,Need a fresh start,561.0,42.4%,894xx,NV,2 years,0.0
15000.0,2008-03-05,cheffy,546.0,23.54%,945xx,CA,2 years,0.0
17000.0,2008-12-04,Car Loan,0.0,0%,333xx,FL,1 year,0.0
5000.0,2007-10-30,Proverbs Woman,474.0,18.3%,070xx,NJ,2 years,0.0
1000.0,2009-01-19,student loan,580.0,33.84%,240xx,VA,4 years,0.0
8000.0,2009-03-28,Lower Monthly Payment,455.0,16.96%,175xx,PA,3 years,0.0
3500.0,2009-05-04,help,0.0,0%,960xx,CA,7 years,0.0
8000.0,2009-03-28,231232322323232,529.0,0%,342xx,FL,< 1 year,0.0
10000.0,2009-04-21,Automotive Purchase,676.0,4.32%,128xx,NY,< 1 year,0.0
25000.0,2009-03-26,Small Business hit by economy WBV,539.0,219.75%,856xx,AZ,< 1 year,0.0
5000.0,2008-03-24,Start-Up Expenses on Lawn Care Business,616.0,16.5%,636xx,MO,< 1 year,0.0
20000.0,2008-11-02,Bridge to the future,525.0,8.4%,925xx,CA,< 1 year,0.0
10000.0,2008-11-12,Seagraves House,563.0,9.18%,793xx,TX,< 1 year,0.0
4000.0,2008-12-12,Saving a home,464.0,0%,825xx,WY,9 years,0.0
5000.0,2009-05-08,heat & Air up grade,757.0,20.7%,719xx,AR,6 years,0.0
18000.0,2008-11-17,Pay for a Car,481.0,59.62%,712xx,LA,1 year,0.0
15000.0,2008-11-26, ,657.0,7.96%,330xx,FL,< 1 year,0.0
25000.0,2008-11-21,personal loan,759.0,14.14%,945xx,CA,7 years,0.0
7500.0,2008-04-29,medical,634.0,0.95%,070xx,NJ,10+ years,0.0
1000.0,2009-01-04,Help Pay Unpaid Bills,437.0,13.15%,628xx,IL,3 years,0.0
1500.0,2009-01-27, ,647.0,41.41%,487xx,MI,10+ years,0.0
800.0,2007-10-14,siera,692.0,39.8%,322xx,FL,3 years,0.0
10000.0,2008-03-26,debt consolidation for home remodel,620.0,5.27%,871xx,NM,3 years,0.0
1000.0,2009-02-04,personal loan,0.0,0%,403xx,KY,4 years,0.0
15000.0,2009-01-22,Event,680.0,5.6%,850xx,AZ,6 years,0.0
5000.0,2008-03-23,Car Repair and Home Rental Down payment,499.0,16.69%,982xx,WA,< 1 year,0.0
2500.0,2008-02-07,other,664.0,27.13%,550xx,MN,1 year,0.0
5000.0,2008-07-03,CapOne ,599.0,31.52%,325xx,FL,2 years,0.0
20000.0,2007-08-04,Foxylady,664.0,8.55%,333xx,FL,1 year,0.0
10000.0,2008-07-11,INTREST WAY TO HIGH,646.0,11.99%,440xx,OH,3 years,0.0
4500.0,2008-02-18,debt_consolidation,657.0,18.7%,070xx,NJ,< 1 year,0.0
25000.0,2007-11-17,Education Loan,519.0,0.6%,104xx,NY,3 years,0.0
25000.0,2008-04-07,Get a Loan,527.0,45.08%,323xx,FL,6 years,0.0
1000.0,2009-04-15,Student Loan,498.0,24.63%,221xx,VA,1 year,0.0
25000.0,2009-05-02,Debt consolidation,768.0,10.98%,281xx,SC,10+ years,0.0
10000.0,2008-03-22,Catch 22 on life.,651.0,328.15%,641xx,MO,< 1 year,0.0
2000.0,2008-03-27,Daughter,485.0,2.68%,295xx,SC,2 years,0.0
20000.0,2009-04-07,pay off high interest loans,605.0,19.57%,781xx,TX,10+ years,0.0
15000.0,2009-05-02, ,673.0,0%,215xx,MD,< 1 year,0.0
10000.0,2009-04-16,Fed Up just wanna catch up now!!!!,487.0,134.44%,952xx,CA,4 years,0.0
5000.0,2008-10-23, ,579.0,27.17%,928xx,CA,7 years,0.0
12000.0,2008-04-07,My future looks bright!,551.0,41.16%,767xx,TX,< 1 year,0.0
15000.0,2008-03-05,JoelJohnson,617.0,13.49%,983xx,WA,1 year,0.0
10000.0,2009-01-08,Credit Card Consolidation,642.0,20.45%,554xx,MN,1 year,0.0
8000.0,2009-02-05,josh ,654.0,7.57%,902xx,CA,< 1 year,0.0
5000.0,2009-01-24,Dealers24,395.0,16.84%,357xx,AK,4 years,0.0
1300.0,2007-12-03,ShawnP911,574.0,2.27%,750xx,TX,1 year,0.0
25000.0,2009-03-30,Down Payment for my parents,409.0,5.76%,087xx,NJ,3 years,0.0
5000.0,2009-04-27,School / education,532.0,0%,958xx,CA,1 year,0.0
7500.0,2008-08-01,debt consolidation,520.0,7.28%,322xx,FL,< 1 year,0.0
4000.0,2009-03-11,I would like to buy a nice used car.,580.0,0%,751xx,TX,1 year,0.0
10000.0,2009-01-30,www.five-senses.biz Loan,0.0,0%,972xx,OR,1 year,0.0
5000.0,2009-04-07,Business Loan,584.0,15.69%,652xx,MO,10+ years,0.0
10000.0,2008-07-14,start up,613.0,5.97%,761xx,TX,2 years,0.0
1000.0,2009-01-06,Moving Loan,430.0,0.92%,323xx,FL,< 1 year,0.0
15000.0,2008-11-25,Medical Expenses,551.0,9.89%,070xx,NJ,4 years,0.0
4000.0,2007-11-24,shawreb,447.0,15.6%,880xx,NM,1 year,0.0
5000.0,2007-10-09,Amylu828,497.0,28.26%,322xx,FL,3 years,0.0
3000.0,2008-10-21,Personal Loan,483.0,0.3%,281xx,NC,< 1 year,0.0
3500.0,2009-05-16,automobile,473.0,0%,765xx,TX,1 year,0.0
10000.0,2008-11-09,Debt Consolidation After Medical Scare,555.0,0.89%,970xx,OR,2 years,0.0
1600.0,2008-05-02,Help me study abroad in London,662.0,0%,727xx,AR,< 1 year,0.0
5000.0,2008-12-12,Broke My Shoulder and Lost My Job,731.0,37.25%,338xx,FL,8 years,0.0
2500.0,2007-12-04,rusty1,432.0,48.61%,782xx,TX,< 1 year,0.0
3000.0,2008-06-24,Get life together,530.0,40.87%,481xx,MI,10+ years,0.0
3000.0,2008-06-16,Purchase Computer for Business,535.0,0.64%,941xx,CA,3 years,0.0
10000.0,2009-03-27, ,696.0,13.41%,956xx,CA,4 years,0.0
4000.0,2008-02-03,bones1111,498.0,26.3%,431xx,OH,5 years,0.0
7000.0,2008-04-25,boat,737.0,24.63%,080xx,NJ,10+ years,0.0
2000.0,2009-03-18,My Wedding ,701.0,26.13%,480xx,MI,3 years,0.0
10000.0,2007-09-12,seasterday,585.0,23.89%,461xx,IN,3 years,0.0
5000.0,2009-04-23,Home Improvement,413.0,32.19%,616xx,IL,4 years,0.0
25000.0,2008-01-16,ralyndesign,649.0,48.24%,604xx,IL,8 years,0.0
3000.0,2009-02-17,bills,570.0,6.97%,601xx,IL,10+ years,0.0
5000.0,2009-04-08,I want to start from scratch,525.0,7.85%,083xx,NJ,< 1 year,0.0
7500.0,2008-05-17,Consolidating Debt,645.0,18.64%,554xx,MN,3 years,0.0
5000.0,2009-02-13,car loan,511.0,9.92%,294xx,SC,10+ years,0.0
2500.0,2007-07-10,voteforeric,599.0,0%,841xx,UT,1 year,0.0
2500.0,2008-03-18,School,602.0,164%,347xx,FL,< 1 year,0.0
14500.0,2009-05-16,Consolidate Education Debt,659.0,13.06%,060xx,CT,< 1 year,0.0
5000.0,2009-03-30,personal loan,520.0,30.19%,016xx,MA,8 years,0.0
1000.0,2009-04-09,Payday Loan Debt,492.0,33.92%,891xx,NV,4 years,0.0
15000.0,2009-05-02, ,670.0,27.93%,142xx,NY,3 years,0.0
11000.0,2009-05-08, ,695.0,1.5%,112xx,NY,3 years,0.0
2000.0,2008-12-17, ,659.0,15.77%,926xx,CA,1 year,0.0
3500.0,2008-01-08,klynnw2,526.0,35.93%,915xx,CA,1 year,0.0
7500.0,2008-09-25,Auto,597.0,0.84%,330xx,FL,2 years,0.0
1000.0,2008-05-17,education loan,549.0,2.14%,209xx,MD,< 1 year,0.0
25000.0,2008-04-06,MyStarSite.com entertainment website,709.0,65.7%,890xx,NV,2 years,0.0
5000.0,2007-06-23,VTNurse,650.0,11%,052xx,VT,2 years,0.0
3500.0,2008-12-29,small business,0.0,0%,371xx,TX,4 years,0.0
7500.0,2009-05-10, ,679.0,0.97%,917xx,CA,4 years,0.0
20400.0,2009-02-03, ,653.0,86.4%,879xx,NM,3 years,0.0
8000.0,2008-03-24,Help! My roof is leaking BAD!!!,579.0,6.15%,291xx,SC,10+ years,0.0
12000.0,2008-03-27,Paid off Credit Card,663.0,13.48%,207xx,MD,9 years,0.0
3500.0,2009-04-07,Insurance Loan,554.0,0%,303xx,GA,4 years,0.0
10000.0,2009-04-27,Credit card consolidation,629.0,15.64%,900xx,CA,3 years,0.0
4000.0,2009-02-12, ,691.0,10.72%,728xx,AR,< 1 year,0.0
15000.0,2008-01-27,debt_consolidation,707.0,14.89%,920xx,CA,5 years,0.0
10000.0,2007-06-21,SFPT,474.0,12.93%,546xx,WI,< 1 year,0.0
2000.0,2008-10-26,car loan,447.0,14.35%,827xx,WY,1 year,0.0
10000.0,2009-03-24,apartment and car,0.0,0%,300xx,GA,< 1 year,0.0
3000.0,2008-04-02,business equipment,541.0,25.2%,440xx,OH,3 years,0.0
10000.0,2008-01-14,susan42,643.0,11.97%,148xx,NY,2 years,0.0
5000.0,2009-05-10,vendor,629.0,5.72%,152xx,PA,1 year,0.0
5000.0,2007-11-26,Yanksgt723,484.0,4.2%,117xx,NY,2 years,0.0
5000.0,2007-11-30,carllane,474.0,7.18%,339xx,FL,4 years,0.0
10000.0,2009-04-17, ,686.0,61.54%,153xx,PA,10+ years,0.0
1500.0,2009-04-30,Getting Debt Off,0.0,38.85%,207xx,MD,1 year,0.0
25000.0,2008-12-03,CBXMAN.com Lending Club Loan Request #1,741.0,14.84%,187xx,PA,5 years,0.0
15000.0,2009-01-21,Simafranca Investment Properties Inc. lo,709.0,36.78%,967xx,HI,10+ years,0.0
2000.0,2009-05-02,rent,573.0,22.6%,658xx,MO,< 1 year,0.0
5000.0,2009-03-22,24-36 month motorcycle loan,495.0,4.71%,730xx,OK,3 years,0.0
1500.0,2008-11-03,rent loan,587.0,0%,110xx,NY,5 years,0.0
1000.0,2009-02-04,ADB,0.0,0%,323xx,FL,< 1 year,0.0
12000.0,2009-04-06,Financial Freedom,0.0,0%,338xx,FL,< 1 year,0.0
15000.0,2008-12-06,Need financing for car,571.0,20.7%,750xx,TX,6 years,0.0
15000.0,2009-03-03, ,630.0,13.76%,071xx,NJ,10+ years,0.0
2700.0,2009-02-10,Refinancing Prosper loan to a lower rate,654.0,9.63%,132xx,NY,2 years,0.0
5400.0,2008-01-13,daboop,612.0,17.31%,284xx,NC,5 years,0.0
13500.0,2009-03-09, ,735.0,27.14%,605xx,IL,10+ years,0.0
5000.0,2008-04-30,pay off debt,621.0,33.03%,235xx,VA,4 years,0.0
25000.0,2008-10-22,CREDIT REPAIR/ FRESH START,584.0,35.64%,900xx,CA,2 years,0.0
15000.0,2009-01-04,business loan,689.0,3.3%,871xx,NM,10+ years,0.0
10000.0,2008-01-28,juliachamp,435.0,36.68%,373xx,TN,< 1 year,0.0
16000.0,2009-03-26,I want to have my dream wedding.,625.0,2.69%,550xx,MN,< 1 year,0.0
13000.0,2009-03-17, ,765.0,3.91%,900xx,CA,4 years,0.0
5000.0,2007-12-31,cubswin2008,458.0,10.83%,626xx,IL,1 year,0.0
10000.0,2008-05-01, ,638.0,14.43%,038xx,NH,3 years,0.0
2000.0,2008-04-09,BACK TO SCHOOL,582.0,18.13%,331xx,FL,2 years,0.0
10000.0,2007-09-14,smknflams,592.0,23.24%,216xx,MD,5 years,0.0
5000.0,2008-11-03, ,699.0,3.6%,068xx,CT,1 year,0.0
25000.0,2009-05-10,Marine family in need of assistance,563.0,16.75%,920xx,CA,10+ years,0.0
25000.0,2007-09-16,ca_da_hawka,0.0,0%,840xx,UT,< 1 year,0.0
5000.0,2008-07-06, ,682.0,1.5%,759xx,TX,< 1 year,0.0
25000.0,2009-03-17,Debt Consolidation,744.0,41.24%,272xx,SC,6 years,0.0
2000.0,2009-03-02,Getting back on our feet,580.0,22.8%,339xx,FL,4 years,0.0
10000.0,2007-12-04,NEWJERSEY1979,515.0,9.84%,303xx,GA,3 years,0.0
3500.0,2008-04-16,Pay off high interest loans,447.0,8.88%,977xx,OR,2 years,0.0
7000.0,2009-03-28, ,704.0,181.1%,150xx,PA,1 year,0.0
5000.0,2008-04-28,schooling,706.0,27.5%,956xx,CA,10+ years,0.0
1000.0,2008-06-12,Bills,587.0,34.51%,963xx,CA,1 year,0.0
10000.0,2007-09-23,Dren,514.0,0%,721xx,AR,< 1 year,0.0
11000.0,2008-11-17,"11,000",645.0,13.93%,495xx,MI,7 years,0.0
5000.0,2008-10-15, ,506.0,0.44%,532xx,WI,6 years,0.0
6000.0,2009-04-14,Expenses,703.0,8.04%,590xx,MT,10+ years,0.0
7500.0,2008-05-07,kitchen reno,669.0,2.75%,100xx,NY,6 years,0.0
17325.0,2009-05-16,School Tuition for Cosmetology School,625.0,14.88%,975xx,OR,2 years,0.0
4000.0,2008-01-31,MICHELLEBELL1974,520.0,0%,382xx,TN,< 1 year,0.0
25000.0,2008-11-19,Better Rate,676.0,22.03%,173xx,PA,10+ years,0.0
6000.0,2008-04-24,Office Supply company start-up,591.0,0%,465xx,IN,< 1 year,0.0
12000.0,2009-04-28,debt,746.0,60.23%,762xx,TX,< 1 year,0.0
10000.0,2008-12-19,Business start-up,677.0,28.28%,958xx,CA,2 years,0.0
9000.0,2009-05-05,Bundle debt & medical expenses ,716.0,19.13%,328xx,FL,5 years,0.0
7500.0,2008-06-04,high rate credit card,623.0,8.57%,101xx,NY,6 years,0.0
15000.0,2008-02-10,nicjoe1102,670.0,7.16%,070xx,NJ,8 years,0.0
1000.0,2008-05-14,pay a medical bill,469.0,5.72%,656xx,MO,1 year,0.0
5000.0,2008-05-21,get a fresh start,692.0,17.76%,852xx,AZ,2 years,0.0
3000.0,2009-04-27,emerald,541.0,23.29%,755xx,TX,4 years,0.0
2000.0,2008-04-07,DOWN PAYMENT FOR NEW CAR,497.0,7.58%,462xx,IN,< 1 year,0.0
600.0,2008-03-28,Behind on payment due to illness,405.0,846%,605xx,IL,4 years,0.0
25000.0,2008-11-15,Vault Cash,745.0,44.3%,937xx,CA,10+ years,0.0
5000.0,2007-12-17,cbiby,623.0,50.5%,810xx,CO,5 years,0.0
8000.0,2008-02-26,debt_consolidation,668.0,30.8%,798xx,TX,2 years,0.0
4500.0,2008-11-17,We need to move,0.0,0%,114xx,NY,3 years,0.0
6000.0,2009-03-15,Trying to get the IRS straight.,644.0,22.03%,210xx,MD,10+ years,0.0
7500.0,2008-09-09,high interest cc,594.0,23.47%,981xx,WA,10+ years,0.0
5000.0,2008-08-10,Paying for the Last odds and ends,632.0,10.58%,274xx,NC,10+ years,0.0
1000.0,2009-02-11,Need an extremely short-term $1000 Loan,0.0,0%,604xx,IL,< 1 year,0.0
2500.0,2008-10-09,auto repair,542.0,16.75%,478xx,IN,4 years,0.0
2000.0,2009-04-14,Living expenses while searching for job,493.0,3.11%,701xx,LA,< 1 year,0.0
10000.0,2008-03-21,Vehicle Purchase,475.0,13.07%,951xx,CA,3 years,0.0
10000.0,2009-04-28, ,654.0,6.29%,331xx,FL,4 years,0.0
6000.0,2008-10-24,Desperate,652.0,38.36%,200xx,DC,3 years,0.0
6200.0,2008-05-14,Help Payoff my Franchise,483.0,37.11%,782xx,TX,4 years,0.0
20000.0,2007-12-06,"I have an obligation of child support that I thought had been rectified when the ex had said(in court) I owed her 10,000 dollars,and that was all she wanted.The state continued to add on to this debt and again I am in the red with this obligation.I am on retirement income(fixed)but do pay my bills.If this loan is granted I will aquire a life insurance policy on my life and have the grantor of this loan as the beneficiary while I continue to make payments in a timely manner.",681.0,444.75%,535xx,WI,10+ years,0.0
12000.0,2007-12-05,lulu13551,673.0,8.76%,770xx,TX,5 years,0.0
5000.0,2009-05-09,debt consol.,644.0,49.09%,857xx,AZ,2 years,0.0
3000.0,2008-10-27,personal,564.0,3.66%,432xx,OH,2 years,0.0
700.0,2007-10-28,cpark,543.0,2.52%,300xx,GA,2 years,0.0
6000.0,2009-01-01,pay off credit card ,777.0,0.03%,606xx,IL,4 years,0.0
1000.0,2009-04-29,school loan ,435.0,79.11%,191xx,PA,< 1 year,0.0
3000.0,2008-11-08,personal,511.0,14.7%,490xx,MI,4 years,0.0
15000.0,2009-03-16,Money to Happiness,624.0,24.07%,550xx,MN,5 years,0.0
2500.0,2009-04-06,Help to back on track,659.0,16.75%,193xx,PA,1 year,0.0
12000.0,2007-12-26,debt_consolidation,724.0,32.09%,601xx,IL,1 year,0.0
2500.0,2007-10-18,zoe2007,581.0,20.23%,437xx,OH,10+ years,0.0
10000.0,2009-05-01,I've shredded all cards and need help,707.0,13.64%,806xx,CO,1 year,0.0
5000.0,2008-04-24,I Want to Consolidate My Bills,532.0,4.08%,959xx,CA,7 years,0.0
1000.0,2009-01-07,Pay for EMT Training,417.0,0%,562xx,MN,< 1 year,0.0
7500.0,2008-04-06,Business loan,571.0,0%,280xx,NC,2 years,0.0
20000.0,2009-04-30,Starting Over,657.0,31.34%,300xx,GA,9 years,0.0
1000.0,2008-11-25,Car Down Payment,440.0,13.27%,750xx,TX,5 years,0.0
500.0,2007-08-04,Daisan,570.0,0%,234xx,VA,10+ years,0.0
7500.0,2008-06-29,Motorcycle,521.0,0%,221xx,VA,< 1 year,0.0
10000.0,2009-05-12,land for needed expansion,475.0,16.21%,751xx,TX,5 years,0.0
7500.0,2008-04-08,Dept Elimanation,511.0,11.03%,786xx,TX,6 years,0.0
7000.0,2009-01-25,HELP A GUY OUT PLEASE,476.0,4.29%,606xx,IL,3 years,0.0
3000.0,2008-03-10,take care of hospital bills,532.0,0%,543xx,WI,1 year,0.0
1200.0,2008-09-23,Living expenses for a college student,673.0,71.31%,770xx,TX,< 1 year,0.0
1500.0,2009-01-17,No medical insurance need surgery on ear,408.0,0%,986xx,WA,1 year,0.0
4000.0,2008-12-11,Personal  Loan,522.0,12.82%,245xx,VA,< 1 year,0.0
7000.0,2009-04-09,Wedding,455.0,0%,359xx,AL,10+ years,0.0
5000.0,2009-01-19,Furniture needed!,536.0,6.62%,021xx,MA,2 years,0.0
10000.0,2008-03-17,personnel,506.0,31.51%,279xx,NC,< 1 year,0.0
15000.0,2009-01-20,Completion of Sales Showroom,660.0,16.2%,301xx,GA,2 years,0.0
10000.0,2009-04-24,combining all bills into one,623.0,11.66%,356xx,AL,< 1 year,0.0
15000.0,2009-02-20,HOME IMPROVMENT,638.0,16.95%,760xx,TX,3 years,0.0
4000.0,2008-06-05,"Help, I need a car!",490.0,0%,161xx,PA,2 years,0.0
25000.0,2008-01-13,big moe,669.0,41.64%,175xx,PA,10+ years,0.0
15000.0,2007-11-23,liljudy0514,598.0,28.42%,331xx,FL,< 1 year,0.0
15000.0,2009-03-12, ,806.0,0.51%,331xx,FL,2 years,0.0
5000.0,2009-05-13,Credit Card Eraser,707.0,11.1%,770xx,TX,2 years,0.0
5000.0,2008-03-23,other,628.0,4.07%,331xx,FL,< 1 year,0.0
2000.0,2008-12-10,Small Business loan,598.0,20.35%,441xx,OH,< 1 year,0.0
1000.0,2008-11-24,Catch up loan,507.0,45.38%,620xx,IL,< 1 year,0.0
10000.0,2009-04-09,Alan's Debts,481.0,4.55%,323xx,FL,10+ years,0.0
20000.0,2008-04-02,personal loan,699.0,26.2%,113xx,NY,10+ years,0.0
7000.0,2009-04-12,2008 Honda Shadow,524.0,0%,992xx,WA,5 years,0.0
20000.0,2008-03-31,paying off dept,573.0,14.56%,301xx,GA,< 1 year,0.0
7500.0,2008-04-10,Consolidate debt into one payment,588.0,9.45%,463xx,IN,1 year,0.0
21000.0,2008-01-14,stinch,576.0,4%,481xx,MI,6 years,0.0
10000.0,2009-01-14,watercraft purchase,653.0,20.61%,644xx,MO,5 years,0.0
9500.0,2009-04-14, ,684.0,19.37%,064xx,CT,5 years,0.0
10000.0,2007-07-12,Wendigo,472.0,33.05%,537xx,WI,< 1 year,0.0
5000.0,2007-11-29,AzBaron,544.0,31.23%,850xx,AZ,2 years,0.0
8000.0,2008-04-02,fresh start,546.0,1.8%,846xx,UT,2 years,0.0
6000.0,2008-03-13,other,716.0,2.6%,325xx,FL,< 1 year,0.0
20000.0,2008-01-13,educator05,680.0,34.94%,763xx,TX,2 years,0.0
5000.0,2008-01-13,Consolidate debt,617.0,44.03%,114xx,NY,2 years,0.0
1000.0,2008-11-03,Debt consolidation loan,481.0,13.18%,531xx,WI,1 year,0.0
5000.0,2008-04-07,Jumpstart My Apple Computer Affliation,602.0,10.97%,209xx,MD,10+ years,0.0
5000.0,2007-11-23,home_improvement,647.0,47.56%,208xx,MD,10+ years,0.0
5000.0,2008-02-17,other,678.0,26.74%,770xx,TX,4 years,0.0
24500.0,2009-04-11, ,670.0,37.23%,931xx,CA,7 years,0.0
2000.0,2008-09-04,Moving from Denver to LA,656.0,24%,802xx,CO,< 1 year,0.0
6000.0,2008-04-15,Nursing School,533.0,88.38%,890xx,NV,< 1 year,0.0
4000.0,2008-12-25,Project Uplift!,538.0,20.4%,820xx,WY,10+ years,0.0
3500.0,2009-03-29,personal loan,492.0,35.21%,148xx,NY,2 years,0.0
2000.0,2008-05-01,credit cards,652.0,2.31%,207xx,MD,7 years,0.0
10000.0,2008-01-14,Lucky58,645.0,10.2%,581xx,ND,1 year,0.0
8500.0,2009-05-10,camper,523.0,16.18%,387xx,MS,10+ years,0.0
1450.0,2007-09-04,fltmaiden,489.0,16.59%,907xx,CO,10+ years,0.0
3500.0,2009-02-23,personal,609.0,7.95%,350xx,AL,< 1 year,0.0
3500.0,2008-04-14,Consolidating for savings,398.0,22.6%,300xx,GA,2 years,0.0
2000.0,2008-01-14,MRD456,465.0,43.06%,786xx,TX,9 years,0.0
25000.0,2007-10-25,Cindyq45,464.0,47.4%,201xx,VA,10+ years,0.0
23000.0,2008-02-18,debt_consolidation,692.0,32.94%,967xx,HI,10+ years,0.0
3000.0,2008-09-07,College,520.0,0%,440xx,OH,< 1 year,0.0
5000.0,2008-04-05,Desperate need of a personal loan,426.0,22.45%,357xx,AL,< 1 year,0.0
5000.0,2008-04-07,auto,449.0,6.26%,377xx,TN,3 years,0.0
5000.0,2008-01-19,tiff48,657.0,7.3%,832xx,ID,6 years,0.0
4000.0,2008-01-18,other,692.0,64.36%,754xx,TX,8 years,0.0
24000.0,2007-11-26,debt_consolidation,680.0,24.7%,088xx,NJ,10+ years,0.0
2500.0,2008-01-15,Compassionate Rn,529.0,6.59%,986xx,WA,< 1 year,0.0
5000.0,2008-11-21,My Kids,467.0,0%,752xx,TX,4 years,0.0
15000.0,2008-12-30,Payoff credit cards/college tuition ,702.0,29.86%,196xx,PA,< 1 year,0.0
12000.0,2009-04-20,Debt consolidation,705.0,11.34%,531xx,WI,5 years,0.0
10000.0,2008-10-21,truck for new bussines,608.0,32.13%,913xx,CA,6 years,0.0
18000.0,2008-03-22,Trying to get back on my feet!,496.0,8.38%,729xx,AR,7 years,0.0
25000.0,2009-03-17,Get rid of credit cards!,696.0,38.18%,067xx,CT,6 years,0.0
3600.0,2008-03-18,debt_consolidation,611.0,15.94%,752xx,TX,< 1 year,0.0
10000.0,2008-11-19,Looking to expand existing business,641.0,9.36%,891xx,NV,2 years,0.0
7500.0,2007-06-24,coffeeman,510.0,3.94%,211xx,MD,6 years,0.0
10000.0,2007-06-18,hungwilfredo,693.0,31.65%,333xx,FL,3 years,0.0
8000.0,2008-01-17,cut cards,655.0,15.37%,983xx,WA,2 years,0.0
5000.0,2007-10-02,tdsidbury,669.0,9.05%,200xx,DC,1 year,0.0
5200.0,2008-05-16,401K Payoff,471.0,5.85%,852xx,AZ,2 years,0.0
5000.0,2008-07-30,"$5,000 loan, Home Furnishing and School",700.0,63.28%,342xx,FL,< 1 year,0.0
4200.0,2009-04-21,Credit Card Consolidate,625.0,42.12%,402xx,KY,1 year,0.0
10000.0,2008-01-13,nphillips88,427.0,42.55%,347xx,FL,< 1 year,0.0
8000.0,2007-10-22,corleone123,497.0,13%,229xx,VA,< 1 year,0.0
3500.0,2008-01-20,home_improvement,689.0,32.96%,775xx,TX,10+ years,0.0
3000.0,2009-01-16,Getting Back on Track,430.0,25.25%,172xx,PA,< 1 year,0.0
2000.0,2008-01-19,MagicianGirl,620.0,70.87%,088xx,NJ,2 years,0.0
1000.0,2009-01-07,Primary Automobile Loan,624.0,0%,640xx,MO,< 1 year,0.0
24000.0,2008-05-13,IMPORT & DISTRIBUTION sports goods/CHINA,639.0,22.72%,840xx,UT,5 years,0.0
7000.0,2008-01-20,Mover Dudes,640.0,19.35%,226xx,VA,1 year,0.0
14400.0,2008-03-03,Auto,673.0,4.67%,633xx,MO,5 years,0.0
10000.0,2008-11-05,Education Loan,481.0,62.74%,606xx,IL,< 1 year,0.0
10000.0,2008-10-20,MY LOAN,705.0,24.14%,341xx,FL,10+ years,0.0
12000.0,2008-12-28,consolidate debt,587.0,23.64%,958xx,CA,3 years,0.0
3000.0,2009-01-08, ,650.0,4.84%,900xx,CA,3 years,0.0
15000.0,2009-01-07,$15000 Debt Consolidation,727.0,7.03%,303xx,GA,< 1 year,0.0
3000.0,2009-01-11,Student Loan to continue College,0.0,67%,280xx,SC,< 1 year,0.0
2500.0,2007-12-10,Gr8full1,0.0,0%,321xx,FL,1 year,0.0
5000.0,2009-05-05,PERSONAL,485.0,9.5%,720xx,AR,3 years,0.0
4000.0,2008-04-02,Pay off some debt & nasty divorce,417.0,5.02%,496xx,MI,6 years,0.0
15000.0,2007-11-20,Sharon1968,677.0,52%,347xx,FL,< 1 year,0.0
15000.0,2009-03-24,personal debt,628.0,24.67%,066xx,CT,2 years,0.0
20000.0,2009-03-03,for buying house,586.0,6%,460xx,KY,10+ years,0.0
18000.0,2008-03-23,Get my debt on track!,633.0,26.44%,294xx,SC,< 1 year,0.0
7500.0,2008-01-15,sakuranicole,663.0,30.39%,322xx,FL,1 year,0.0
1000.0,2009-05-17,TO FURTHER MY EDUCATION,390.0,0%,770xx,TX,2 years,0.0
3000.0,2008-04-07,monthly catchup,514.0,20.4%,600xx,IL,6 years,0.0
6000.0,2008-03-23,other,674.0,2.29%,305xx,GA,< 1 year,0.0
25000.0,2009-04-25,HOME,624.0,25.48%,591xx,MT,7 years,0.0
3800.0,2008-10-16,PAY OFF HIGH INTEREST RATE DEBT,608.0,9.09%,410xx,KY,10+ years,0.0
15000.0,2008-02-19,loan 21,657.0,19.74%,115xx,NY,10+ years,0.0
12000.0,2009-01-13,starting over!,644.0,25.62%,460xx,IL,2 years,0.0
15000.0,2007-11-29,debt_consolidation,710.0,60.21%,705xx,LA,10+ years,0.0
5000.0,2008-12-03,getting my life back together,516.0,0%,330xx,FL,3 years,0.0
3000.0,2009-03-13,Med Grad  needs $ 4 summer fieldwork,565.0,14.08%,305xx,GA,< 1 year,0.0
9700.0,2008-12-30,refinance car better than 19.9%?,614.0,9.17%,980xx,WA,1 year,0.0
10000.0,2008-03-19,Help need to consolidate fast!!!,588.0,47.92%,940xx,CA,1 year,0.0
25000.0,2007-11-13,MORRISLEON,463.0,0.6%,191xx,NY,6 years,0.0
2500.0,2007-10-15,ATV,672.0,6.08%,105xx,NY,< 1 year,0.0
3000.0,2008-12-15, ,442.0,42.64%,290xx,SC,7 years,0.0
500.0,2008-02-07,ssmit429,489.0,8.78%,314xx,GA,2 years,0.0
1200.0,2009-04-17,Living Expenses,574.0,433%,329xx,FL,< 1 year,0.0
2500.0,2007-07-31,TXAngel1983,561.0,23.5%,778xx,TX,< 1 year,0.0
5000.0,2008-11-07,Linzey Catch-up,463.0,7.64%,786xx,TX,1 year,0.0
15000.0,2009-04-20,Stafford Loan,485.0,1.92%,368xx,AL,1 year,0.0
3500.0,2009-02-28,Unexpected Legal Fees,631.0,27.9%,601xx,IL,1 year,0.0
2500.0,2008-07-07,Rich,669.0,22.69%,170xx,PA,10+ years,0.0
25000.0,2008-11-21,small business,643.0,16.99%,611xx,IL,1 year,0.0
5000.0,2009-02-08,buying first house,653.0,0.9%,617xx,IL,1 year,0.0
3500.0,2008-08-26,Landlord lost 16 properties!,568.0,15.05%,986xx,WA,1 year,0.0
5000.0,2008-04-27,personal,552.0,0%,237xx,VA,5 years,0.0
3500.0,2008-03-10,Payoff CC and auto repairs.,637.0,12.05%,217xx,MD,3 years,0.0
4000.0,2009-04-08,wheeler,749.0,22.52%,129xx,NY,8 years,0.0
3500.0,2008-03-23,Personal Loan ,527.0,9.48%,302xx,GA,< 1 year,0.0
25000.0,2007-12-30,LRelia,599.0,26.23%,900xx,CA,10+ years,0.0
3250.0,2009-02-06, ,640.0,1.88%,021xx,MA,2 years,0.0
6000.0,2008-06-22,Hope,659.0,0%,071xx,NJ,10+ years,0.0
8000.0,2008-01-08,debt_consolidation,704.0,24.15%,787xx,TX,< 1 year,0.0
15000.0,2007-12-03,other,578.0,38.95%,871xx,NM,6 years,0.0
12000.0,2009-04-29,Auto ,635.0,23.77%,640xx,MO,2 years,0.0
5000.0,2008-04-08,A Mothers Dream.. ,543.0,75.09%,948xx,CA,1 year,0.0
20000.0,2008-10-29,Down payment for rehab project,704.0,19.44%,017xx,MA,< 1 year,0.0
5000.0,2008-10-21,moving and deposit,475.0,0%,329xx,FL,2 years,0.0
2000.0,2009-05-12,Seeking loan in order to start over.,452.0,2.89%,208xx,MD,< 1 year,0.0
7200.0,2007-12-10,Engagement Ring,670.0,12.16%,300xx,GA,5 years,0.0
3000.0,2008-09-29,personal loan,496.0,0.67%,302xx,GA,7 years,0.0
8000.0,2007-10-02,HOPELYPRAYING,484.0,20.31%,350xx,AL,10+ years,0.0
2300.0,2008-01-18,ELLEN,448.0,21%,647xx,MO,10+ years,0.0
5000.0,2008-01-28,parker4021,612.0,37.82%,440xx,OH,< 1 year,0.0
16000.0,2007-12-28,BLACKHOVA772,410.0,8.01%,193xx,PA,10+ years,0.0
7000.0,2008-09-25,Bill catch up due to medical bills,466.0,12.64%,641xx,MO,< 1 year,0.0
2000.0,2007-09-09,havok410,587.0,7.97%,100xx,NY,1 year,0.0
3000.0,2008-07-23,Student Loan,581.0,55.02%,495xx,MI,< 1 year,0.0
8400.0,2008-02-23,I need my emergency medical fee,716.0,0%,911xx,CA,< 1 year,0.0
2900.0,2008-02-21,jojobee,418.0,0%,546xx,WI,6 years,0.0
5000.0,2007-11-08,GreeneSR,517.0,18.18%,633xx,MO,10+ years,0.0
7500.0,2008-08-25,Dreams await...,456.0,9.17%,542xx,WI,1 year,0.0
7500.0,2008-04-26,personal,656.0,26.18%,481xx,MI,8 years,0.0
14000.0,2008-02-08,debt_consolidation,686.0,40.78%,272xx,NC,6 years,0.0
14000.0,2009-01-15,Credit card debt,605.0,32.31%,631xx,MO,< 1 year,0.0
2000.0,2008-01-04,penguine,481.0,14.23%,937xx,CA,10+ years,0.0
20000.0,2009-04-23, ,687.0,48.22%,331xx,FL,2 years,0.0
500.0,2008-03-28,Need help consolidating,628.0,15.2%,029xx,RI,3 years,0.0
1000.0,2008-07-23,Temporary Assistance,510.0,2.62%,240xx,VA,< 1 year,0.0
8000.0,2009-01-12,Clean up Credit,667.0,25.68%,212xx,MD,< 1 year,0.0
5000.0,2008-12-15,Credit Card Debt,627.0,44.4%,712xx,LA,4 years,0.0
3500.0,2009-03-13,PhilRubio - Design and Photography,670.0,11.62%,953xx,CA,1 year,0.0
7500.0,2008-06-02,Need to pay off high interest loans,598.0,34.34%,352xx,AL,< 1 year,0.0
20000.0,2009-01-28,Credit Card Debts,621.0,9.13%,109xx,NY,< 1 year,0.0
7500.0,2008-04-26,Debt Buster,702.0,22.88%,921xx,CA,10+ years,0.0
1100.0,2009-04-09,Helping hand,0.0,0%,322xx,FL,5 years,0.0
17000.0,2009-04-29, ,679.0,1.83%,553xx,MN,1 year,0.0
8325.0,2009-03-07,credit cards,521.0,13.86%,841xx,UT,1 year,0.0
10000.0,2009-05-15,Purchase Inventory,685.0,18.19%,373xx,TX,5 years,0.0
25000.0,2008-11-26,operating capitol,599.0,22.45%,480xx,MI,9 years,0.0
25000.0,2009-05-11,Danny Lambert's Needed Loan,498.0,34.37%,456xx,OH,8 years,0.0
9000.0,2009-01-17,Need to refi my high apr cards...,634.0,39.5%,224xx,VA,1 year,0.0
7500.0,2008-04-19,car loan,556.0,7.96%,190xx,PA,1 year,0.0
12000.0,2008-10-20,"Own House, Excellent Payment History",648.0,34.7%,197xx,DE,3 years,0.0
5000.0,2007-08-18,ready4achange,549.0,17.05%,326xx,FL,4 years,0.0
15000.0,2009-02-01,Debt Help,717.0,20.62%,115xx,NY,8 years,0.0
1000.0,2009-04-27,Circuit City Credit Card Refinance,636.0,13.65%,928xx,CA,2 years,0.0
10000.0,2008-11-13,DESPERATE NEED OF FUNDS,0.0,0%,070xx,NJ,1 year,0.0
20000.0,2008-03-22,debt_consolidation,686.0,80.5%,782xx,TX,< 1 year,0.0
1000.0,2008-11-15,No heat in Chicago -- new apt. fast!!!,497.0,4.97%,606xx,IL,1 year,0.0
25000.0,2008-04-28,Looking for a Loan to work on my houses.,644.0,13.03%,638xx,MO,10+ years,0.0
10000.0,2009-04-23,mustang ,0.0,0%,660xx,KS,< 1 year,0.0
5000.0,2008-05-05,car stuff,661.0,5.38%,335xx,FL,< 1 year,0.0
2000.0,2009-03-23,Bills,0.0,0%,439xx,OH,1 year,0.0
3500.0,2009-03-19,Last 1/3 Payment,650.0,14.15%,606xx,IL,1 year,0.0
4000.0,2007-10-15,mr.branch1,674.0,36.9%,232xx,VA,< 1 year,0.0
9000.0,2009-04-20, ,752.0,0.88%,074xx,NJ,4 years,0.0
1000.0,2008-05-01,Consolidate all my credit cards ,591.0,3.6%,356xx,AL,< 1 year,0.0
25000.0,2009-04-23,Trevor Loan,575.0,14.68%,658xx,MO,< 1 year,0.0
7000.0,2007-11-23,sleepinglion,575.0,23.53%,021xx,MA,2 years,0.0
4000.0,2009-03-10, ,678.0,1.48%,605xx,IL,< 1 year,0.0
2000.0,2008-05-20,CAR FROM PRIVATE OWNER,610.0,2.53%,441xx,OH,< 1 year,0.0
7500.0,2008-05-17, ,0.0,11.69%,300xx,GA,4 years,0.0
7500.0,2007-07-18,Nick67,582.0,8.6%,554xx,MN,< 1 year,0.0
1000.0,2009-03-02,Schooling,0.0,0%,171xx,PA,2 years,0.0
22500.0,2008-12-02,Help me consolidate my debt!,694.0,23.02%,300xx,GA,1 year,0.0
500.0,2007-10-09,austingal25,423.0,19.41%,787xx,TX,< 1 year,0.0
1600.0,2009-03-02,Paying off high rate CC,704.0,3.81%,112xx,NY,2 years,0.0
5000.0,2009-05-14,Very Short Term Business Loan,554.0,1.94%,170xx,PA,1 year,0.0
15000.0,2008-01-27,musikman,461.0,15.04%,913xx,CA,10+ years,0.0
5000.0,2008-11-15,Need short term loan for heart surgery,597.0,4.33%,263xx,WV,< 1 year,0.0
7000.0,2008-04-15,El Paso Mexican Grille,676.0,21.75%,440xx,OH,4 years,0.0
12000.0,2009-02-11, ,656.0,13.56%,891xx,NV,2 years,0.0
20000.0,2009-03-12,personal,0.0,0%,071xx,NJ,5 years,0.0
7500.0,2008-06-10,Debt Consolidation,496.0,28.53%,658xx,MO,< 1 year,0.0
2000.0,2008-03-08,Help with school,498.0,3.38%,662xx,KS,< 1 year,0.0
2625.0,2007-11-15,LOSTVALLEY5537,547.0,24.25%,633xx,MO,< 1 year,0.0
2500.0,2009-04-09,Paying Off Bills & Tuition!,635.0,78.9%,363xx,AL,2 years,0.0
10000.0,2009-01-13,Vehicle,661.0,11.38%,201xx,VA,5 years,0.0
2000.0,2008-11-09,Debt Consolidation Loan,626.0,48.91%,974xx,OR,8 years,0.0
5000.0,2008-12-20,Debt consolidation/Build Credit  ,592.0,15.04%,802xx,CO,10+ years,0.0
4775.0,2008-11-12,Car purchase and Insurance,675.0,10.77%,883xx,NM,< 1 year,0.0
3000.0,2008-08-22,trying to get back on track,496.0,2.3%,600xx,IL,1 year,0.0
25000.0,2007-12-10,piggles57,663.0,54.73%,770xx,TX,10+ years,0.0
18000.0,2008-02-12,ajgilb,688.0,7.23%,914xx,CA,8 years,0.0
15000.0,2009-04-01,Loan for Debt Consolidation,738.0,38.13%,787xx,TX,8 years,0.0
15000.0,2008-03-13,debt_consolidation,653.0,32.87%,387xx,MS,< 1 year,0.0
3000.0,2008-09-18,Assistance with home down payment,626.0,6.6%,209xx,MD,2 years,0.0
8500.0,2009-05-04,Sea Ray Investment Loan,622.0,6.26%,212xx,MD,2 years,0.0
4500.0,2009-02-07,personal loan,646.0,51.08%,173xx,PA,1 year,0.0
2000.0,2008-08-23,Help to pay for bills,495.0,14.75%,919xx,CA,8 years,0.0
10000.0,2008-03-19,Need help fast.,455.0,12.16%,166xx,PA,< 1 year,0.0
7000.0,2008-05-13,Consolidation,676.0,16.89%,631xx,MO,6 years,0.0
14975.0,2008-03-17,Used car to replace broken one,517.0,7.78%,537xx,WI,< 1 year,0.0
25000.0,2008-01-05,cj_c1,687.0,26.43%,461xx,IN,10+ years,0.0
15000.0,2008-12-26,$250K salon in upscale area for $100k,587.0,25.6%,333xx,FL,< 1 year,0.0
25000.0,2007-11-20,DOS ARBOLITOS,651.0,25.32%,339xx,FL,10+ years,0.0
16000.0,2009-03-01,Expand The Website at www.DebtHelp.tv,787.0,13.76%,191xx,PA,10+ years,0.0
5000.0,2009-01-31,Single mom needs education,580.0,0%,852xx,AZ,< 1 year,0.0
15000.0,2007-07-07,dwelters,473.0,8.25%,326xx,FL,7 years,0.0
1500.0,2009-02-28,Eliminate Many Accounts,668.0,32.87%,786xx,TX,5 years,0.0
2000.0,2009-05-01,Personal loan,493.0,22.32%,183xx,PA,3 years,0.0
25000.0,2009-04-13,Debt Consolidation,704.0,8.53%,276xx,IL,5 years,0.0
15000.0,2008-12-16,Purchasing Landscape Business,732.0,12.01%,787xx,TX,3 years,0.0
11000.0,2007-11-21,baldwism,528.0,24.64%,080xx,NJ,2 years,0.0
25000.0,2008-04-06,business loan,618.0,9.48%,337xx,FL,7 years,0.0
5000.0,2008-05-06,Prestamo,669.0,32.73%,208xx,MD,< 1 year,0.0
3600.0,2008-03-18,Used car purchase,737.0,6.67%,770xx,TX,4 years,0.0
500.0,2008-02-03,captainborrowofficer,783.0,6.63%,019xx,MA,10+ years,0.0
10000.0,2007-12-03,Larry Love,476.0,16.59%,422xx,KY,< 1 year,0.0
10000.0,2007-07-10,Richard0716,603.0,43.26%,331xx,FL,4 years,0.0
5300.0,2009-04-12,dodge stealth,478.0,32.4%,805xx,CO,8 years,0.0
10000.0,2008-11-22,Courtney and Mom's New Beginnings,650.0,0%,945xx,CA,< 1 year,0.0
5000.0,2007-07-31,jamphat,628.0,3.9%,201xx,VA,< 1 year,0.0
4000.0,2007-11-28,Chicago Actor on rise: Need Headshots,683.0,3.84%,465xx,IN,< 1 year,0.0
17000.0,2008-03-30,debt consolidation,660.0,14.27%,331xx,FL,5 years,0.0
5500.0,2008-05-20,Debt Conolidation,680.0,29.25%,357xx,AL,10+ years,0.0
3000.0,2007-12-27,dah1247,488.0,18.89%,784xx,TX,1 year,0.0
4000.0,2008-04-01,PAY OFF CURRENT DEBT FINALLY,533.0,37.25%,030xx,NH,8 years,0.0
5000.0,2008-03-11,Getting bills paid,669.0,13.08%,740xx,OK,< 1 year,0.0
10000.0,2008-02-06,debt_consolidation,686.0,22.58%,116xx,NY,6 years,0.0
25000.0,2009-04-14,Building our Dream Home,683.0,19.92%,906xx,CA,10+ years,0.0
25000.0,2008-03-08,Loan to lower our monthly payments ,702.0,11.8%,926xx,CA,< 1 year,0.0
12000.0,2008-11-12,Debt consolidation,688.0,27.93%,750xx,TX,10+ years,0.0
6000.0,2008-02-02,personal,707.0,16.74%,600xx,IL,8 years,0.0
7000.0,2009-05-11,Looking for a loan,479.0,4.44%,941xx,CA,2 years,0.0
1200.0,2008-05-07,small business,435.0,0.62%,233xx,VA,4 years,0.0
10000.0,2009-03-30,consolidation,516.0,11.14%,451xx,OH,9 years,0.0
20000.0,2009-03-22,Making a positive change..,637.0,33.56%,082xx,NJ,< 1 year,0.0
6500.0,2008-10-22,Consolidate to term Loan,665.0,2.59%,945xx,CA,10+ years,0.0
15000.0,2008-12-25,Debt Consolidation,615.0,39.96%,471xx,HI,6 years,0.0
7500.0,2008-05-29,Credit card refinance,670.0,33.34%,535xx,WI,10+ years,0.0
20000.0,2009-03-04,HOME IMPROVEMENT PROJECT,477.0,4.02%,765xx,TX,10+ years,0.0
10000.0,2008-02-29,bederet,0.0,0%,482xx,MI,10+ years,0.0
2500.0,2008-01-12,markgravy,573.0,20.97%,631xx,MO,10+ years,0.0
10000.0,2008-12-17,Little Misses Creations,415.0,8.2%,303xx,GA,< 1 year,0.0
8000.0,2008-07-14,home improvement project,638.0,25.17%,761xx,TX,< 1 year,0.0
17000.0,2008-02-19,debt_consolidation,693.0,39.91%,841xx,UT,8 years,0.0
3000.0,2009-01-20,Need help financing auto for family use,580.0,18.12%,486xx,MI,10+ years,0.0
5000.0,2008-04-05,car loan,546.0,0%,378xx,TN,< 1 year,0.0
1500.0,2008-10-21, ,687.0,25.03%,604xx,IL,1 year,0.0
5000.0,2009-04-08, ,699.0,15.77%,946xx,CA,3 years,0.0
20000.0,2009-01-29,fourplex financing,621.0,19.26%,900xx,CA,< 1 year,0.0
15000.0,2008-04-06,medical,598.0,15.98%,760xx,TX,2 years,0.0
8950.0,2008-02-06,Credit Card Consolidation ,691.0,3.12%,853xx,AZ,< 1 year,0.0
4500.0,2009-01-07,Please Help. ,0.0,0%,724xx,AR,1 year,0.0
20000.0,2009-04-21,improvement,0.0,0%,441xx,OH,5 years,0.0
5000.0,2008-04-06,gas saver,506.0,18.13%,674xx,KS,1 year,0.0
15000.0,2008-11-06,The perils of credit cards and youth,657.0,61.85%,850xx,AZ,3 years,0.0
1000.0,2009-02-16,Wedding expenses,518.0,1.2%,323xx,FL,1 year,0.0
25000.0,2008-04-05,Consolidation,655.0,24.23%,972xx,OR,< 1 year,0.0
7000.0,2008-10-16,Investing in my computer business,656.0,1.93%,312xx,GA,4 years,0.0
8500.0,2009-03-09,Refinance my loan Please!!,660.0,3.33%,920xx,CA,1 year,0.0
3700.0,2009-03-10,Debt,586.0,18.12%,797xx,TX,< 1 year,0.0
8500.0,2007-12-13,other,661.0,17.11%,272xx,NC,10+ years,0.0
1000.0,2008-04-11,Medical Expense Loan,480.0,2.56%,439xx,OH,10+ years,0.0
18000.0,2009-02-25,Debt Consolidation,634.0,15%,605xx,IL,< 1 year,0.0
15000.0,2008-12-05,CASH4LIFE,705.0,30.57%,303xx,GA,10+ years,0.0
3000.0,2009-01-22,first one,0.0,0%,300xx,GA,2 years,0.0
7500.0,2008-03-22,Fresh start,506.0,41.34%,278xx,NC,< 1 year,0.0
3000.0,2008-11-26,Personal,618.0,19.2%,532xx,WI,9 years,0.0
16000.0,2009-05-14, ,784.0,9.06%,597xx,MT,10+ years,0.0
21000.0,2008-03-25,Pay Credit cards to continue business ,626.0,0.57%,949xx,CA,4 years,0.0
2200.0,2008-08-06,Loan For My blessed wedding,545.0,11.17%,920xx,CA,1 year,0.0
4500.0,2008-03-19,middle age crisis,595.0,1.47%,360xx,AL,2 years,0.0
25000.0,2009-05-13,Business Expansion,492.0,25.47%,956xx,CA,2 years,0.0
7500.0,2008-08-26,My Second Year at School,701.0,26.1%,134xx,NY,10+ years,0.0
3000.0,2008-10-29,pay off capital one,560.0,55.68%,850xx,AZ,10+ years,0.0
8000.0,2009-02-01,Get me down from 26% so I can refi!,640.0,6.09%,972xx,OR,2 years,0.0
15000.0,2009-04-01, ,696.0,7.26%,151xx,PA,10+ years,0.0
14000.0,2009-05-01,Looking to buy a good used vehicle,534.0,0%,060xx,CT,1 year,0.0
7500.0,2008-06-26,personal,686.0,1.25%,787xx,TX,< 1 year,0.0
5000.0,2008-07-15,Getting a new job,459.0,4.8%,112xx,NY,< 1 year,0.0
8500.0,2009-05-06,Glass Restoration Contracts,481.0,9.38%,775xx,TX,3 years,0.0
6000.0,2008-03-06,joe78,555.0,15.05%,535xx,WI,6 years,0.0
5000.0,2008-04-03,Consolidation,537.0,4.79%,488xx,MI,< 1 year,0.0
2500.0,2008-04-05,Borrowing,401.0,8.4%,218xx,MD,10+ years,0.0
9000.0,2007-10-30,JTLOVESK,512.0,0%,751xx,TX,2 years,0.0
5000.0,2009-01-13,everyone needs help Im asking you for it,619.0,22.12%,148xx,NY,3 years,0.0
5000.0,2007-12-07,FoxysWorld,422.0,1.04%,212xx,MD,2 years,0.0
7800.0,2008-02-29,LaKolbenschlag,632.0,26.44%,926xx,CA,3 years,0.0
15000.0,2008-04-06,Baby on the way!,635.0,3.06%,300xx,GA,10+ years,0.0
11000.0,2008-03-27,Opportunity to move forward,421.0,15.24%,352xx,AL,7 years,0.0
5000.0,2008-09-28, ,566.0,30%,238xx,VA,5 years,0.0
15000.0,2008-02-08,other,660.0,13.94%,927xx,CA,1 year,0.0
1000.0,2007-10-15,Athena811,574.0,0%,043xx,ME,3 years,0.0
1900.0,2009-04-17,Personal Loan,536.0,0%,489xx,MI,< 1 year,0.0
22000.0,2009-04-21,Paying off credit cards,732.0,36.95%,765xx,TX,< 1 year,0.0
6000.0,2009-05-05,school loan,529.0,17.4%,723xx,AR,< 1 year,0.0
25000.0,2009-04-19,amanda school,476.0,23.28%,120xx,NY,8 years,0.0
25000.0,2008-01-13,Thomas A.,729.0,20.58%,466xx,IN,4 years,0.0
5000.0,2008-12-20,new career,539.0,11.79%,706xx,LA,< 1 year,0.0
10000.0,2008-11-09,Need loan to consolidate- purchase home,623.0,26.88%,658xx,MO,< 1 year,0.0
6000.0,2007-11-09,acolemanou,527.0,36.62%,731xx,OK,5 years,0.0
9000.0,2009-03-27,Fix car,612.0,13.14%,305xx,GA,7 years,0.0
15000.0,2009-03-01,Debt Consolidation,579.0,31.58%,331xx,FL,5 years,0.0
3000.0,2007-07-15,AskMatt,651.0,28.42%,980xx,WA,< 1 year,0.0
7500.0,2008-08-14, ,725.0,0%,805xx,CO,1 year,0.0
10000.0,2009-04-28,Sandy loan,688.0,88.06%,950xx,CA,10+ years,0.0
5000.0,2009-05-05,Antoinette Byron,667.0,2.52%,112xx,NY,< 1 year,0.0
6600.0,2008-10-02,Consolidating debt at a better interest,709.0,8.8%,300xx,GA,4 years,0.0
2000.0,2008-05-26,Credit con.,468.0,3.65%,463xx,IN,8 years,0.0
15000.0,2008-01-31,debt_consolidation,737.0,63.02%,354xx,AL,< 1 year,0.0
5000.0,2007-12-13,Meidi18,614.0,24.86%,921xx,CA,< 1 year,0.0
25000.0,2009-04-12,consolidate credit card debt,697.0,35.1%,240xx,VA,10+ years,0.0
10000.0,2007-12-12,kevin irby,631.0,3.88%,319xx,GA,2 years,0.0
23000.0,2009-01-13, ,707.0,27.86%,145xx,NY,4 years,0.0
25000.0,2009-05-13,I NEED HELP GETTING OUT OF DEBT,484.0,0%,299xx,SC,2 years,0.0
2000.0,2008-10-08,car loan,566.0,4.44%,061xx,CT,3 years,0.0
13500.0,2008-07-21,Getting things back on track,718.0,5.98%,852xx,AZ,8 years,0.0
1475.0,2008-06-21,Paying off old student account balance,621.0,9.72%,286xx,NC,1 year,0.0
15000.0,2008-12-20,Business loan for single mom,653.0,27.34%,853xx,AZ,< 1 year,0.0
3000.0,2009-02-12, ,660.0,28.48%,176xx,PA,4 years,0.0
1000.0,2008-11-12,Brittany Brown,549.0,6.35%,711xx,LA,2 years,0.0
5500.0,2008-11-04,Personal,468.0,0%,802xx,CO,10+ years,0.0
5000.0,2008-11-04,business,0.0,0%,296xx,SC,4 years,0.0
3950.0,2008-05-29,legal fees,736.0,3.56%,138xx,NY,< 1 year,0.0
16000.0,2009-04-30, ,691.0,1.71%,104xx,NY,1 year,0.0
3200.0,2008-07-08,My Loan,548.0,17.31%,972xx,OR,10+ years,0.0
18875.0,2008-01-15,Ambitious Entrepreneur ,647.0,13.98%,441xx,OH,9 years,0.0
1500.0,2008-09-09,Video Camera,645.0,0%,421xx,KY,< 1 year,0.0
8500.0,2009-04-29,Student Loan,594.0,4.9%,786xx,TX,10+ years,0.0
5000.0,2009-02-13,Church Recording Studio Finance!,547.0,18.85%,282xx,SC,< 1 year,0.0
6500.0,2008-02-25,Maui-stl-investor,422.0,1.23%,630xx,MO,1 year,0.0
6000.0,2008-03-06,richiecindy,457.0,0%,327xx,FL,1 year,0.0
13000.0,2009-03-02, ,698.0,25.89%,606xx,IL,1 year,0.0
15000.0,2008-12-01,To start a new business.,619.0,0.5%,907xx,CA,5 years,0.0
20000.0,2009-02-27,working capital/debt consolidatio,478.0,5.11%,980xx,WA,< 1 year,0.0
5000.0,2009-03-23,Help Me Sweep My Wife Away,648.0,41.67%,322xx,FL,4 years,0.0
4400.0,2009-02-22,Refinance my Suzuki,637.0,37.91%,985xx,WA,3 years,0.0
25000.0,2007-10-07,I would like to take this money and pay off high interest credit cards and loans. I pay over $1600 a month in minimum payments and this loan will cut my payments in half. Thanks in advance to all!!,663.0,37.45%,775xx,TX,8 years,0.0
1900.0,2007-11-23,other,640.0,2.8%,133xx,NY,8 years,0.0
4500.0,2008-09-24,Used Motorcycle,758.0,21.37%,935xx,CA,8 years,0.0
4000.0,2008-06-02,Final Expenses,660.0,33.21%,945xx,CA,7 years,0.0
4000.0,2009-03-25,Cab driver,465.0,0%,142xx,NY,3 years,0.0
3000.0,2008-10-16,Home and Car Repairs,486.0,8.65%,927xx,CA,< 1 year,0.0
4000.0,2009-04-26,Need money to cancel my credit card,606.0,24.27%,850xx,AZ,2 years,0.0
10000.0,2009-03-31,Start up capital,625.0,67.27%,754xx,TX,4 years,0.0
25000.0,2009-03-29,pay off credit cards,523.0,44.47%,236xx,VA,10+ years,0.0
5000.0,2008-10-05,Debt Consolidation Loan,666.0,13.65%,598xx,MT,2 years,0.0
5000.0,2007-08-04,jrw023,476.0,17.28%,100xx,NY,< 1 year,0.0
5000.0,2008-01-01,Breathing Again,536.0,20.9%,750xx,TX,4 years,0.0
1000.0,2008-12-31,MEDICAL,651.0,0.54%,905xx,CA,1 year,0.0
3500.0,2007-09-21,RICM,550.0,3.85%,980xx,WA,< 1 year,0.0
1000.0,2008-08-23,Trying to pay down debt after divorce,427.0,14.59%,751xx,TX,7 years,0.0
7500.0,2008-09-24,Acquire a LUNCH TRUCK in Los Angeles,723.0,15.74%,900xx,CA,10+ years,0.0
3200.0,2009-04-27,Moving Expenses,757.0,16.49%,620xx,IL,2 years,0.0
20000.0,2008-01-10,other,700.0,43.16%,550xx,MN,10+ years,0.0
15000.0,2008-01-13,daddy3boys,581.0,14.52%,261xx,WV,3 years,0.0
1500.0,2009-01-11,finally,468.0,1.17%,802xx,CO,< 1 year,0.0
1200.0,2008-07-15,Need loan for multiple purposes,610.0,0%,759xx,TX,< 1 year,0.0
15000.0,2007-11-12,dlw,606.0,15.54%,365xx,AL,1 year,0.0
11000.0,2009-03-20, ,736.0,39.5%,221xx,VA,3 years,0.0
7000.0,2008-08-25,Our growing business,593.0,5.18%,759xx,TX,3 years,0.0
1500.0,2008-01-07,ridgewood184,571.0,31.14%,776xx,TX,10+ years,0.0
19000.0,2008-01-17,lawyerlady724,702.0,7.77%,282xx,NC,< 1 year,0.0
25000.0,2008-04-06,Mobil 1 ,519.0,11.83%,450xx,OH,10+ years,0.0
20000.0,2009-02-04, ,651.0,18.15%,104xx,NY,10+ years,0.0
1000.0,2009-04-30,Continuing education,545.0,1176.31%,762xx,TX,< 1 year,0.0
7500.0,2008-08-27,Paying off Debt - The Smart Way,706.0,12.17%,105xx,NY,9 years,0.0
2700.0,2007-08-22,buttercup-1970,526.0,31.69%,731xx,OK,6 years,0.0
20000.0,2008-01-07,major_purchase,755.0,0%,120xx,NY,4 years,0.0
3000.0,2007-06-20,JoelBacon,683.0,4.69%,481xx,OH,2 years,0.0
3000.0,2008-11-17,professional title searcher,529.0,4.11%,151xx,PA,2 years,0.0
20000.0,2008-11-12,Consolidate Debt,687.0,55.44%,330xx,FL,4 years,0.0
15000.0,2008-02-16,debt_consolidation,756.0,122.8%,857xx,AZ,< 1 year,0.0
8000.0,2008-01-10,Audi loan,675.0,0%,070xx,NJ,< 1 year,0.0
15000.0,2009-02-20,HOME IMPROVEMENT,673.0,30.2%,760xx,TX,3 years,0.0
1500.0,2009-03-23,medical bills are pilling up ,462.0,29.24%,435xx,OH,< 1 year,0.0
6000.0,2009-01-12, ,629.0,18.96%,750xx,TX,1 year,0.0
3000.0,2008-12-18,Trying to pay off credit cards,486.0,396%,352xx,AL,1 year,0.0
2500.0,2008-04-02,Payoff payday loan,632.0,51.6%,760xx,TX,< 1 year,0.0
7500.0,2009-04-10, ,747.0,3.57%,326xx,FL,3 years,0.0
2500.0,2008-10-24,Student Loan,591.0,16.29%,172xx,PA,1 year,0.0
20000.0,2009-03-07,Entrepreneurs In Recovery,519.0,0%,900xx,CA,2 years,0.0
15000.0,2009-04-21,private,537.0,26.32%,452xx,OH,< 1 year,0.0
1500.0,2009-03-20,Refinancing one high APR card,681.0,53.58%,787xx,TX,1 year,0.0
4000.0,2008-10-20,Start up loan,469.0,25.04%,201xx,VA,4 years,0.0
8000.0,2009-04-06,HELP,699.0,6.84%,900xx,CA,< 1 year,0.0
2500.0,2008-07-31,Newlywed in need of cash,474.0,13.12%,782xx,TX,< 1 year,0.0
15000.0,2009-02-27, ,721.0,80.43%,402xx,KY,2 years,0.0
20000.0,2009-02-22,Home,567.0,0%,066xx,CT,1 year,0.0
6000.0,2009-04-03,To pay off payday loans and car payment,490.0,8.98%,606xx,IL,10+ years,0.0
7500.0,2008-06-30,Refinance High Credit card ,669.0,26.79%,325xx,FL,10+ years,0.0
2500.0,2009-05-12,Student Loan,443.0,0%,425xx,KY,3 years,0.0
1000.0,2008-05-27,Get out of Coos Bay fund,0.0,0%,974xx,OR,< 1 year,0.0
10000.0,2009-02-03,Frozen Yogurt Business,0.0,0%,606xx,IL,10+ years,0.0
7500.0,2008-09-16,Financial management after b-school,629.0,9.49%,021xx,MA,< 1 year,0.0
5000.0,2008-11-18,Equipment for Business,494.0,9%,604xx,IL,2 years,0.0
14500.0,2008-01-17,major_purchase,674.0,14.04%,107xx,NY,10+ years,0.0
3000.0,2009-04-24,consolidation,684.0,13.91%,551xx,MN,10+ years,0.0
5000.0,2009-01-02,Vacation,649.0,17.51%,300xx,GA,5 years,0.0
6000.0,2008-01-06,major_purchase,699.0,8.6%,339xx,FL,4 years,0.0
5000.0,2008-10-04,consolidate debts,462.0,8.28%,142xx,NY,10+ years,0.0
25000.0,2008-11-23,Family Vacation,689.0,21.74%,331xx,FL,10+ years,0.0
14650.0,2008-12-15,nuvell credit company,533.0,33.19%,782xx,TX,3 years,0.0
5000.0,2009-04-16,School Loan,0.0,0%,342xx,FL,< 1 year,0.0
15000.0,2009-04-03, ,716.0,28.64%,038xx,NH,10+ years,0.0
10000.0,2008-03-30,Credit Card Debt Fiasco,666.0,27.23%,594xx,MT,3 years,0.0
25000.0,2009-03-22,rental property,607.0,0%,487xx,MI,< 1 year,0.0
12000.0,2008-02-15,cliffrenee,579.0,14.15%,295xx,SC,5 years,0.0
3000.0,2009-02-03,Car Finance,717.0,27.3%,303xx,GA,< 1 year,0.0
5000.0,2009-05-05,Make my life better for me and my family,598.0,48.32%,441xx,OH,1 year,0.0
3800.0,2007-10-15,mlane,570.0,13.37%,750xx,TX,7 years,0.0
4000.0,2008-12-13,Money for last year of college,650.0,31.4%,606xx,IL,< 1 year,0.0
6000.0,2008-01-06,VUGUY07,466.0,34.03%,463xx,IN,3 years,0.0
7500.0,2008-05-07,Summer Semester Loan Needed,609.0,26.07%,064xx,CT,1 year,0.0
15000.0,2007-12-16,SMJohnson,517.0,8.72%,606xx,IL,1 year,0.0
5000.0,2008-12-28,catch up on bills,437.0,6.82%,890xx,NV,6 years,0.0
15000.0,2009-02-09,Best Value In Town Internet Business ,475.0,0%,840xx,UT,4 years,0.0
20000.0,2009-04-19,consolidate a high interest loans,594.0,6.24%,454xx,OH,10+ years,0.0
6500.0,2008-02-20,NALA5,651.0,36.41%,183xx,PA,< 1 year,0.0
3000.0,2007-10-19,bnmein05,0.0,0%,330xx,FL,3 years,0.0
4000.0,2008-09-26,diabetes medical expenses,550.0,0%,488xx,MI,1 year,0.0
1000.0,2009-04-17,Rent Help/Student Loans,520.0,25%,973xx,OR,< 1 year,0.0
4000.0,2008-10-20,Auto Lon,713.0,0.62%,943xx,CA,< 1 year,0.0
5000.0,2008-04-04,Taxes and Credit Cards,581.0,17.08%,330xx,FL,4 years,0.0
10800.0,2008-12-06,mbna loan needs lower rate,621.0,18.48%,926xx,CA,8 years,0.0
5725.0,2008-09-23,"Seasonal Firefighter, starting over.",606.0,12%,961xx,CA,9 years,0.0
10000.0,2009-02-17,Advanta hijacked my rate,715.0,20.07%,954xx,CA,5 years,0.0
15000.0,2008-11-09, ,706.0,25.73%,658xx,MO,3 years,0.0
3000.0,2008-04-21,Credit Card payoff,602.0,5.54%,940xx,CA,3 years,0.0
3000.0,2008-11-12,Need to consolidate debt,576.0,2.88%,356xx,AL,3 years,0.0
15000.0,2009-04-13,project 21,0.0,0%,616xx,IL,1 year,0.0
1000.0,2009-04-22,credit debt ,552.0,12.64%,123xx,NY,2 years,0.0
5000.0,2009-04-09,Need Help,454.0,8.88%,112xx,NY,< 1 year,0.0
10000.0,2008-09-29,Last Year Of School,561.0,3.6%,320xx,FL,< 1 year,0.0
10000.0,2009-04-30, ,678.0,0%,319xx,GA,10+ years,0.0
6000.0,2008-01-28,villa77,638.0,40.24%,926xx,CA,9 years,0.0
25000.0,2009-05-12,Home Expansion Project,638.0,13.73%,357xx,AL,3 years,0.0
25000.0,2009-04-06,Home Improvement,699.0,2.44%,674xx,KS,3 years,0.0
6000.0,2008-07-13,"need used car, please help",0.0,0%,590xx,MT,8 years,0.0
7500.0,2008-11-02,Debt Restructuring,665.0,0.55%,229xx,VA,< 1 year,0.0
10000.0,2008-07-11,Emergency,437.0,12.41%,115xx,NY,6 years,0.0
1000.0,2008-04-09,Loan to cover bills,534.0,23.83%,112xx,NY,< 1 year,0.0
25000.0,2009-04-21,Graduate School,665.0,46.46%,464xx,IL,4 years,0.0
10000.0,2009-04-09,small business loan,576.0,36.14%,370xx,KY,3 years,0.0
10000.0,2008-12-09,Wedding Ring,631.0,8.62%,020xx,MA,1 year,0.0
17500.0,2008-11-05, ,645.0,24.43%,063xx,CT,1 year,0.0
2000.0,2009-04-19,help with bills,368.0,32.34%,625xx,IL,4 years,0.0
5000.0,2008-10-21,Pay off back taxes,528.0,0%,104xx,NY,3 years,0.0
5000.0,2008-12-09,mature couple needing help!,470.0,12.87%,451xx,OH,10+ years,0.0
3000.0,2008-12-28,Car,460.0,0%,986xx,WA,10+ years,0.0
3000.0,2008-12-13,Close and consolidate credit cards,679.0,26.49%,800xx,CO,10+ years,0.0
8000.0,2007-11-11,marlopez73,423.0,27.49%,280xx,NC,4 years,0.0
15000.0,2008-12-28,Business Loan,567.0,21.68%,956xx,CA,10+ years,0.0
7500.0,2008-05-01, turning 30 and don't want to be in debt,518.0,10.59%,655xx,MO,< 1 year,0.0
500.0,2007-08-14,msteckler,591.0,0%,980xx,WA,2 years,0.0
2500.0,2009-01-17,Capital One,567.0,3.51%,618xx,IL,8 years,0.0
20000.0,2008-01-15,tdavis,629.0,36.48%,809xx,CO,< 1 year,0.0
1000.0,2009-05-02,Help to pay my debt,611.0,25.86%,021xx,MA,< 1 year,0.0
10000.0,2008-12-05,Funeral,632.0,11.89%,919xx,CA,8 years,0.0
20000.0,2007-11-29,nita1105,531.0,27.04%,383xx,TN,10+ years,0.0
2500.0,2009-04-01,personal,557.0,25.5%,916xx,CA,10+ years,0.0
12500.0,2008-11-16,New Poker Product Ready after 1 yr Dev !,673.0,0.81%,941xx,CA,2 years,0.0
25000.0,2008-04-07,Looking to better our home,417.0,27.2%,440xx,OH,4 years,0.0
1000.0,2008-12-11,KIDS,507.0,56.51%,770xx,TX,4 years,0.0
8000.0,2008-01-21,Hoopa32,530.0,6.32%,954xx,CA,10+ years,0.0
3000.0,2008-11-19,Tracey's loan,592.0,20.64%,234xx,VA,10+ years,0.0
12500.0,2009-02-04,Entertainment Business Seeking Funds,446.0,8.16%,100xx,NY,1 year,0.0
5000.0,2009-04-20,student loan,0.0,0%,071xx,NJ,1 year,0.0
10000.0,2007-11-23,gigglebug89,454.0,3.85%,471xx,IN,< 1 year,0.0
5000.0,2009-01-31, ,687.0,28.62%,112xx,NY,< 1 year,0.0
9000.0,2008-02-06,Jyoung1269,0.0,0%,028xx,RI,10+ years,0.0
5000.0,2007-09-28,jgnapoli,608.0,18.14%,381xx,TN,< 1 year,0.0
15000.0,2008-07-16,Open small bakery/cafe,605.0,2.3%,959xx,CA,10+ years,0.0
7000.0,2009-01-06,Need loan quick! ,565.0,3.28%,402xx,KY,2 years,0.0
2000.0,2009-01-27,rent/ credit card debt,662.0,1.11%,917xx,CA,2 years,0.0
2000.0,2008-04-15,AC,519.0,16.54%,325xx,FL,2 years,0.0
1000.0,2009-01-21,Consolidate Credit Card Debt,487.0,4.2%,559xx,MN,1 year,0.0
2000.0,2008-06-09,Our Dream Wedding,664.0,106.62%,468xx,IN,2 years,0.0
5000.0,2008-12-29,Jessica,516.0,0%,334xx,FL,< 1 year,0.0
1000.0,2008-04-09,Study Abroad Loan,0.0,0%,276xx,NC,< 1 year,0.0
3000.0,2008-02-05,BJH,695.0,23.07%,333xx,FL,6 years,0.0
5950.0,2008-05-22,Personal Loan,0.0,0%,130xx,NY,1 year,0.0
3000.0,2008-03-09,pay bills,410.0,-1%,,,< 1 year,0.0
15000.0,2008-03-27,debt_consolidation,714.0,25.29%,082xx,NJ,< 1 year,0.0
5000.0,2008-03-18,Renew Vows-Wedding,663.0,15.21%,756xx,TX,10+ years,0.0
3500.0,2008-08-26,fill the gaps,448.0,105.54%,522xx,IA,4 years,0.0
5000.0,2008-08-30,Consolidate Debt/Start-up Online busines,642.0,60.08%,462xx,IN,4 years,0.0
6000.0,2008-05-02,"My home, my own place",606.0,15.15%,322xx,FL,3 years,0.0
7500.0,2008-06-23,debt pay off/personal use/ get back on m,525.0,37.56%,591xx,MT,5 years,0.0
1000.0,2008-10-20,personal financial loan,647.0,0.46%,236xx,VA,1 year,0.0
1000.0,2008-08-23,Car expense,532.0,11.16%,112xx,NY,< 1 year,0.0
15000.0,2008-03-22,pay of high intrest rates with 1 payment,607.0,24.58%,291xx,SC,10+ years,0.0
3000.0,2009-05-08,Student Loan,533.0,0%,163xx,PA,< 1 year,0.0
7500.0,2008-01-13,stick,533.0,19.17%,614xx,IL,10+ years,0.0
5000.0,2007-11-04,Jolfstn,547.0,4.24%,999xx,AK,4 years,0.0
1000.0,2008-04-23,"Need to have dental work (braces, etc.)",634.0,2.93%,531xx,WI,1 year,0.0
6500.0,2009-03-28,debt consolidation,532.0,11.85%,303xx,GA,< 1 year,0.0
1300.0,2008-03-25,general loan to cover daily expenses,636.0,79.18%,020xx,MA,< 1 year,0.0
22000.0,2009-05-12, ,0.0,1.66%,117xx,NY,< 1 year,0.0
1000.0,2008-02-26,Chemo Treatments for My Mom ,618.0,14.95%,453xx,OH,10+ years,0.0
5000.0,2008-12-08,Need Loan for college,682.0,5.31%,301xx,GA,< 1 year,0.0
5000.0,2008-12-17, ,659.0,15.05%,941xx,CA,7 years,0.0
12075.0,2009-05-11,Motorcycle Refinance,661.0,14.11%,481xx,MI,< 1 year,0.0
5000.0,2009-04-02,Unexpected Bills,489.0,0%,200xx,DC,8 years,0.0
5000.0,2008-03-21,Motorcycle Purchase,722.0,7.5%,341xx,FL,< 1 year,0.0
7000.0,2008-04-05,Credit Cards,658.0,52.44%,936xx,CA,5 years,0.0
7500.0,2008-08-20,Two Monster Loans,637.0,22.59%,347xx,FL,< 1 year,0.0
5900.0,2008-03-29,I need help fixing my bathroom ,477.0,27.22%,640xx,MO,< 1 year,0.0
3500.0,2008-05-16,CAR,658.0,17.41%,210xx,MD,1 year,0.0
15000.0,2009-02-13,Start up Loan,542.0,14.96%,921xx,CA,7 years,0.0
2000.0,2008-11-17,Getting out of debt,567.0,1.06%,986xx,WA,2 years,0.0
5000.0,2007-10-30,shawn.b85,496.0,2.12%,797xx,TX,1 year,0.0
4000.0,2009-04-30,meng fang wang,651.0,0.5%,910xx,CA,2 years,0.0
6000.0,2008-05-01,Need help with debt trouble.,618.0,31.5%,012xx,MA,1 year,0.0
10000.0,2008-11-18, ,692.0,0.78%,112xx,NY,< 1 year,0.0
1000.0,2008-07-30,Rent help!,433.0,14.72%,900xx,CA,< 1 year,0.0
1000.0,2008-04-22,Looking to Build my Credit,718.0,1.79%,701xx,LA,< 1 year,0.0
5500.0,2007-07-13,akademiks,0.0,1.34%,072xx,NJ,< 1 year,0.0
6500.0,2007-09-27,acy214,489.0,0%,762xx,TX,2 years,0.0
7000.0,2008-06-23,Consalidating Life,533.0,0%,122xx,NY,2 years,0.0
10000.0,2009-05-05,Looking for assistance so i may assist u,722.0,3.14%,082xx,NJ,< 1 year,0.0
15500.0,2009-04-03,Consolidate to one monthly payment,653.0,9%,186xx,PA,8 years,0.0
7500.0,2008-02-10,tb1983,668.0,22.99%,018xx,MA,1 year,0.0
20000.0,2009-03-12,Tanning Salon,654.0,7.24%,791xx,TX,10+ years,0.0
4000.0,2009-03-17, ,697.0,40.61%,152xx,PA,5 years,0.0
20000.0,2007-12-22,debt_consolidation,734.0,28.47%,683xx,NE,10+ years,0.0
20000.0,2009-02-17, ,0.0,0%,606xx,IL,< 1 year,0.0
3000.0,2008-12-18,paying down my debt,422.0,22.62%,488xx,MI,10+ years,0.0
7500.0,2008-06-17,Business Loan,424.0,2.35%,321xx,FL,1 year,0.0
7000.0,2008-04-11,old home,502.0,0%,532xx,WI,< 1 year,0.0
7000.0,2009-04-12, ,703.0,30.58%,980xx,WA,1 year,0.0
12100.0,2008-03-07,New Wife's High-Interest Account,602.0,13.46%,535xx,WI,< 1 year,0.0
1000.0,2009-05-06,EDUCATION ,802.0,5.31%,701xx,LA,6 years,0.0
12000.0,2007-11-18,pat46750,395.0,0%,467xx,IN,2 years,0.0
5000.0,2007-10-30,aloha03rach,477.0,36.33%,988xx,WA,1 year,0.0
5000.0,2009-02-18,Dental Work Loan,421.0,5.05%,220xx,VA,< 1 year,0.0
10000.0,2008-10-31,aderby25 Loan,527.0,4.1%,852xx,AZ,< 1 year,0.0
10500.0,2008-02-25,rae927,629.0,25.15%,039xx,ME,5 years,0.0
15000.0,2008-01-12,major_purchase,678.0,16.32%,952xx,CA,6 years,0.0
25000.0,2008-03-24,Business and Personal,723.0,15.58%,341xx,FL,10+ years,0.0
4500.0,2008-01-17,I need to pay off my parents for school,683.0,1.03%,531xx,WI,< 1 year,0.0
10000.0,2007-11-28,Lankie,584.0,12.77%,875xx,NM,10+ years,0.0
10000.0,2008-02-17,chakira,676.0,16.56%,941xx,CA,6 years,0.0
1400.0,2008-04-05,"Debt fro Masters degree, job switch",650.0,51.11%,850xx,AZ,< 1 year,0.0
18000.0,2009-05-12,Consolidation,588.0,21.14%,027xx,MA,1 year,0.0
15000.0,2008-02-05,DESI,639.0,28.13%,010xx,MA,6 years,0.0
4500.0,2009-04-02,major purchase,627.0,23.01%,088xx,NJ,2 years,0.0
3100.0,2009-04-16,Credit Card Consolidation Loan Request,711.0,15.49%,208xx,MD,5 years,0.0
15000.0,2008-03-24,Payment of all my debts,485.0,27.76%,009xx,PA,10+ years,0.0
1500.0,2008-12-17,PAYING BILL,564.0,1.28%,334xx,FL,5 years,0.0
20000.0,2009-01-10, ,732.0,20.19%,130xx,NY,3 years,0.0
15000.0,2009-02-04,consolidate debt,675.0,31.63%,446xx,OH,9 years,0.0
25000.0,2009-01-24,mobile taco stand in hawaii,683.0,1.95%,967xx,HI,5 years,0.0
1000.0,2009-03-23,patty's loan pay off,547.0,22.15%,967xx,HI,4 years,0.0
13000.0,2009-03-16, ,766.0,42.69%,640xx,MO,10+ years,0.0
6000.0,2008-04-07,DogCatRadio.com (NY Times' most emailed),683.0,50.88%,900xx,CA,5 years,0.0
5000.0,2008-06-23,Rough Patch In Life,592.0,24.4%,430xx,OH,1 year,0.0
10000.0,2009-03-23,Motorcycle Loan,578.0,12.74%,958xx,CA,10+ years,0.0
10000.0,2007-11-22,rusty45,616.0,6%,657xx,MO,1 year,0.0
15000.0,2008-02-08,debt_consolidation,719.0,30.33%,278xx,NC,10+ years,0.0
23000.0,2007-11-29,debt_consolidation,726.0,41.13%,881xx,NM,10+ years,0.0
3000.0,2008-11-25,payoff credit cards,501.0,12.5%,606xx,IL,10+ years,0.0
12000.0,2009-03-16,pay credit card debt,603.0,18.78%,902xx,CA,< 1 year,0.0
7500.0,2008-08-07,Debt Consolidation,569.0,12.34%,212xx,MD,3 years,0.0
25000.0,2009-05-13,for me to go to school,476.0,0%,796xx,TX,< 1 year,0.0
1500.0,2008-04-10,Debt Consoilidation,434.0,8.26%,207xx,MD,< 1 year,0.0
7500.0,2008-04-21,Home down payment,0.0,0%,503xx,IA,< 1 year,0.0
10000.0,2009-02-23,See you multiple payments,714.0,25.48%,450xx,OH,10+ years,0.0
10000.0,2009-03-12,Hard Times,570.0,24.18%,088xx,NJ,3 years,0.0
5500.0,2008-03-11,Debt consolidation,508.0,-1%,,,< 1 year,0.0
5000.0,2008-11-24,Personal Loan,672.0,0.75%,480xx,MI,10+ years,0.0
6500.0,2009-01-16,Need a car loan,630.0,8.03%,366xx,AL,1 year,0.0
11000.0,2007-11-09,grivera79,599.0,36.27%,301xx,GA,5 years,0.0
3000.0,2009-04-09,Need Down Payment For A Car...,647.0,0%,967xx,HI,< 1 year,0.0
4000.0,2009-02-20,Debt Consolidation,659.0,11.95%,144xx,NY,10+ years,0.0
4000.0,2009-01-15, ,668.0,2.93%,760xx,TX,3 years,0.0
25000.0,2007-10-06,Eagle,739.0,47.76%,293xx,SC,10+ years,0.0
25000.0,2009-05-12,Home Improvement Loan,769.0,14.28%,225xx,VA,6 years,0.0
10000.0,2008-07-13,School Loan ,513.0,11.45%,757xx,TX,< 1 year,0.0
6000.0,2008-06-19,Education and debt repayment,660.0,0%,221xx,VA,< 1 year,0.0
9000.0,2008-12-10,consolidation,564.0,15.52%,038xx,NH,1 year,0.0
15000.0,2008-12-22,Loan for American Career Training Inst.,406.0,36.13%,306xx,GA,< 1 year,0.0
1800.0,2008-10-19,Oral Surgery,647.0,1.06%,240xx,VA,< 1 year,0.0
14525.0,2008-01-17,Snape,688.0,26.9%,925xx,CA,10+ years,0.0
24000.0,2009-02-18, ,669.0,30.04%,224xx,VA,1 year,0.0
3000.0,2008-12-22, ,732.0,0.38%,217xx,MD,4 years,0.0
10000.0,2008-12-04,Better Debt,740.0,39.44%,757xx,TX,4 years,0.0
15000.0,2008-12-28,fallen,508.0,12.37%,923xx,CA,10+ years,0.0
10000.0,2008-10-28,Pay back the bank.,425.0,6.42%,295xx,SC,< 1 year,0.0
9000.0,2008-02-01,debt_consolidation,671.0,24.72%,153xx,PA,< 1 year,0.0
20000.0,2009-05-05, ,689.0,33.98%,410xx,KY,10+ years,0.0
20000.0,2008-12-05,Consolidate debt & business loan,731.0,26.24%,333xx,FL,6 years,0.0
2500.0,2008-12-28,Business start up loan,547.0,15.97%,974xx,OR,< 1 year,0.0
2000.0,2009-05-06,Borrowing for Investing; Can cover now,700.0,1.14%,907xx,CA,< 1 year,0.0
25000.0,2007-10-02,ALSTO40,587.0,19%,335xx,FL,9 years,0.0
2000.0,2008-11-07,Auto Repair Emergency!,629.0,9.77%,365xx,AL,3 years,0.0
1500.0,2009-04-24,Looking for short term loan ,669.0,17.1%,026xx,MA,9 years,0.0
20000.0,2009-01-30,Personnel,425.0,16.77%,992xx,WA,1 year,0.0
10000.0,2008-02-07,dustin0811,470.0,0.57%,900xx,CA,5 years,0.0
16222.0,2009-03-22, ,657.0,23.95%,550xx,MN,1 year,0.0
5600.0,2009-01-08,Pay School Bills off,574.0,38%,339xx,FL,4 years,0.0
3500.0,2009-03-08,major purchase,517.0,19.01%,532xx,WI,8 years,0.0
2000.0,2007-12-04,awright,545.0,100.34%,815xx,CO,9 years,0.0
7500.0,2008-08-15,Growing a Better Business,552.0,81.84%,325xx,FL,< 1 year,0.0
25000.0,2009-03-16,Start Up small buniess,622.0,13.78%,440xx,OH,4 years,0.0
19000.0,2008-01-22,debt_consolidation,740.0,32.24%,451xx,OH,10+ years,0.0
5000.0,2008-03-10,Finish 1956 Chevy 210 2 dr Sedan,720.0,22.45%,640xx,MO,1 year,0.0
8000.0,2008-03-18,Starting a family,734.0,0.97%,852xx,AZ,1 year,0.0
20000.0,2007-12-20,other,716.0,9.64%,285xx,NC,6 years,0.0
20000.0,2009-02-15,Credit Card Payoff,680.0,18.7%,951xx,CA,1 year,0.0
2000.0,2008-12-14,Debt Payoff,563.0,0%,672xx,KS,< 1 year,0.0
1000.0,2009-03-09,waiting on my student loans,0.0,0%,321xx,FL,1 year,0.0
5600.0,2009-02-12,Consolidate credit cards,485.0,18.17%,232xx,VA,1 year,0.0
25000.0,2009-05-16,Kitchen Remodeling,703.0,16.57%,330xx,FL,3 years,0.0
3500.0,2008-11-16,car/moving costs,639.0,0%,482xx,MI,3 years,0.0
5000.0,2008-07-08,Need help paying down debt,634.0,8.88%,193xx,PA,< 1 year,0.0
5000.0,2009-03-30,Medical Expenses,476.0,17.35%,074xx,NJ,2 years,0.0
1250.0,2008-01-14,bstevenson05,520.0,6.61%,060xx,CT,2 years,0.0
25000.0,2008-03-26,School Expenses,678.0,28.6%,212xx,MD,2 years,0.0
22000.0,2007-10-09,bizmandev,598.0,6.61%,730xx,OK,1 year,0.0
5000.0,2008-02-20,t.mdozier,625.0,48.6%,335xx,FL,4 years,0.0
20000.0,2009-03-01,New Business Expansion,629.0,23.25%,559xx,MN,1 year,0.0
20000.0,2008-12-10,Starting a family....,645.0,24.02%,088xx,NJ,1 year,0.0
4500.0,2008-11-22,Payoff Bills,489.0,226.96%,231xx,VA,< 1 year,0.0
5000.0,2008-04-24,Personal Loan,492.0,55.72%,338xx,FL,< 1 year,0.0
2000.0,2008-03-05,other,671.0,5.17%,450xx,OH,2 years,0.0
5000.0,2007-08-08,Dewey,623.0,51.16%,554xx,MN,10+ years,0.0
20000.0,2008-10-23, ,651.0,55.31%,813xx,CO,< 1 year,0.0
4500.0,2008-12-19,BUYING,0.0,0%,352xx,AL,1 year,0.0
21000.0,2009-05-04, ,716.0,30.67%,724xx,AR,4 years,0.0
10000.0,2008-04-24, ,677.0,30.23%,840xx,UT,2 years,0.0
2000.0,2007-12-06,angelademahy,496.0,8.01%,330xx,FL,2 years,0.0
25000.0,2007-10-12,smith97,687.0,21.81%,440xx,OH,2 years,0.0
7500.0,2009-01-13,Credit Card debt,569.0,21.9%,532xx,WI,1 year,0.0
4000.0,2008-10-20,a personal loan for paying my debts,498.0,59.03%,539xx,WI,3 years,0.0
5000.0,2007-10-09,griffina21,556.0,38.63%,065xx,CT,3 years,0.0
4000.0,2008-08-26,Adding a bedroom for my son.,441.0,27.97%,953xx,CA,3 years,0.0
7500.0,2008-08-06,Credit Card Consolidation,739.0,11.9%,617xx,IL,< 1 year,0.0
10000.0,2009-04-10,Red ,437.0,12.94%,080xx,NJ,10+ years,0.0
1000.0,2008-09-09,freedom,471.0,40%,497xx,MI,3 years,0.0
7500.0,2008-05-24,Lease to Own Contract nearing end...,0.0,0%,980xx,WA,10+ years,0.0
3000.0,2009-03-12,Get debt free,0.0,0%,574xx,SD,< 1 year,0.0
500.0,2008-01-07,jordan12,489.0,39.31%,660xx,KS,< 1 year,0.0
17500.0,2009-05-12,home,746.0,34.16%,765xx,TX,10+ years,0.0
5000.0,2008-09-19,Consolidate high interest credit cards ,586.0,4.56%,750xx,TX,1 year,0.0
2500.0,2008-05-09,the chance to finish my degree,573.0,24%,019xx,MA,4 years,0.0
16000.0,2008-01-19,williammary,636.0,13.05%,207xx,MD,2 years,0.0
3500.0,2008-10-27,School Loan,439.0,22.66%,330xx,FL,4 years,0.0
2000.0,2009-04-15,EDUCATION LOAN,589.0,2.93%,387xx,MS,10+ years,0.0
20000.0,2008-01-09,debt_consolidation,658.0,3.62%,070xx,NJ,< 1 year,0.0
15000.0,2008-04-07,hrental,599.0,0.69%,305xx,GA,5 years,0.0
2000.0,2008-07-10,Clean up credit,499.0,0%,980xx,WA,2 years,0.0
25000.0,2009-05-05,i need money to live,0.0,0%,112xx,NY,< 1 year,0.0
3000.0,2008-06-30,Seeking a debt consolidation loan,536.0,0.37%,275xx,NC,< 1 year,0.0
5000.0,2009-04-15,Student Loan,454.0,146%,021xx,MA,3 years,0.0
13000.0,2009-03-17, ,734.0,41.68%,761xx,TX,1 year,0.0
5000.0,2009-03-23,Loan for Debt,503.0,1.85%,606xx,IL,6 years,0.0
11750.0,2009-04-13, ,774.0,29.14%,390xx,MS,3 years,0.0
1000.0,2008-09-17,A Little Help,678.0,25.26%,276xx,NC,5 years,0.0
2700.0,2008-06-23,Credit card ,522.0,0%,604xx,IL,2 years,0.0
4500.0,2008-07-08,Department of Finance,666.0,12.65%,113xx,NY,1 year,0.0
24500.0,2008-03-11,investing in a business center,661.0,9.39%,212xx,MD,2 years,0.0
10000.0,2008-02-17,pepper615,587.0,2.26%,100xx,NY,10+ years,0.0
5000.0,2009-04-08,Need Bus for Day Care and Non-Profit,521.0,14.06%,295xx,SC,9 years,0.0
5000.0,2009-03-01,Debt,506.0,31.5%,233xx,VA,< 1 year,0.0
1000.0,2009-05-03,rental payment and medical,440.0,0.96%,492xx,MI,1 year,0.0
6000.0,2009-03-26,personal,562.0,16.28%,750xx,TX,2 years,0.0
12000.0,2008-12-05,Working Capital for Business,471.0,32.4%,181xx,PA,< 1 year,0.0
17900.0,2009-03-05, ,718.0,15.64%,627xx,IL,10+ years,0.0
15000.0,2009-02-12,Business LOC,712.0,5.02%,611xx,IL,2 years,0.0
24000.0,2008-03-24,Pay off credit card debt,646.0,8.69%,551xx,MN,< 1 year,0.0
3000.0,2009-03-03,Personal needs.,517.0,55.15%,850xx,AZ,8 years,0.0
10000.0,2009-03-13,buisness/school loan,566.0,0%,330xx,FL,4 years,0.0
1000.0,2007-06-29,dswilliams17,0.0,0%,794xx,TX,< 1 year,0.0
5000.0,2008-11-21,Consolidation Loan,0.0,0%,174xx,PA,5 years,0.0
5000.0,2009-02-03, ,650.0,0%,070xx,NJ,< 1 year,0.0
7000.0,2007-08-28,chirn9980,637.0,44.4%,450xx,OH,8 years,0.0
7200.0,2008-09-07,Paying down my credit cards,681.0,13.2%,537xx,WI,4 years,0.0
4000.0,2009-05-11,for bills,414.0,19.28%,361xx,AL,5 years,0.0
12000.0,2009-05-08, ,675.0,1.4%,601xx,IL,10+ years,0.0
3000.0,2008-11-22,Personal loan,511.0,18.56%,618xx,IL,< 1 year,0.0
25000.0,2009-04-24,student loan,657.0,20.54%,722xx,AR,6 years,0.0
5000.0,2007-11-05,TAD05,631.0,8.4%,700xx,LA,1 year,0.0
7500.0,2008-10-09,Praying for an answer ,525.0,14.93%,628xx,IL,< 1 year,0.0
12000.0,2008-11-29,Better Rates,658.0,5.34%,236xx,VA,< 1 year,0.0
3000.0,2007-10-22,LAWRENCE,587.0,16.29%,112xx,NY,6 years,0.0
15000.0,2009-01-19,Funding for Motorcycle Parts Store,652.0,8.9%,750xx,TX,3 years,0.0
21000.0,2007-12-05,Fairytale Wedding,792.0,9.14%,322xx,FL,6 years,0.0
5000.0,2008-07-10,Consolidate and Rebuild,0.0,0%,322xx,FL,5 years,0.0
8500.0,2008-02-12,Early.Ritirement,697.0,10.64%,554xx,MN,1 year,0.0
10000.0,2009-01-20,Consolidating Debt & Bills,700.0,72.92%,652xx,MO,5 years,0.0
25000.0,2008-04-04,Acquisition,695.0,24.38%,300xx,GA,10+ years,0.0
1000.0,2008-10-25,Starting A Web-Site,584.0,0%,077xx,NJ,1 year,0.0
9500.0,2008-03-19,personal loan,538.0,27%,633xx,MO,3 years,0.0
12000.0,2008-02-12,Lauren,795.0,21.1%,320xx,FL,10+ years,0.0
5000.0,2008-09-11,Personal,683.0,18.75%,294xx,SC,5 years,0.0
5000.0,2008-01-24,navygirl3118,457.0,67.25%,341xx,FL,3 years,0.0
18000.0,2009-04-24, ,652.0,43.84%,077xx,NJ,< 1 year,0.0
3000.0,2008-12-14,personal Loan,505.0,36.96%,302xx,GA,1 year,0.0
1000.0,2009-03-21,rent,594.0,8.56%,200xx,DC,3 years,0.0
20000.0,2009-03-11,Rebuilding Loan,485.0,8.94%,727xx,AR,< 1 year,0.0
4000.0,2008-03-04,bbennes,671.0,11.54%,580xx,ND,9 years,0.0
25000.0,2009-05-08,Debt Consolidaton Loan,721.0,27.47%,329xx,FL,1 year,0.0
8000.0,2008-03-01,KLD,643.0,23.37%,049xx,ME,10+ years,0.0
10000.0,2009-02-19,Pay off high interest cards,673.0,11.2%,950xx,CA,10+ years,0.0
4000.0,2009-04-07,Personal,515.0,10.92%,207xx,MD,3 years,0.0
5500.0,2009-01-21,Pay tax bill,648.0,35.87%,539xx,WI,4 years,0.0
15000.0,2009-01-15,Help if possible,524.0,38.56%,201xx,VA,2 years,0.0
5000.0,2008-11-09,3D Display Content Development,654.0,0.23%,902xx,CA,1 year,0.0
7000.0,2008-09-18,Get back on track,488.0,16%,799xx,TX,1 year,0.0
1500.0,2008-10-15,Pay off some credit cards,668.0,81.84%,100xx,NY,< 1 year,0.0
15000.0,2007-11-02,Mikecrawfish,660.0,34.88%,376xx,TN,10+ years,0.0
7000.0,2009-01-25,Breast Cancer Survivor and Soldier,560.0,31.02%,995xx,AK,10+ years,0.0
2000.0,2009-05-12,School loan,0.0,0%,550xx,MN,2 years,0.0
2700.0,2008-05-03,Help a new teacher get a car.,477.0,6.57%,752xx,TX,< 1 year,0.0
3000.0,2008-11-14,adam,700.0,8.66%,073xx,NJ,8 years,0.0
12000.0,2009-04-24, ,686.0,52.5%,920xx,CA,< 1 year,0.0
3500.0,2008-06-16,Kidney Stones equals medical bills...,608.0,11.96%,245xx,VA,8 years,0.0
20000.0,2008-01-12,debt_consolidation,685.0,24.38%,708xx,LA,1 year,0.0
2500.0,2008-05-27,2 MONTH LOAN . . . PLEASE HELP,476.0,395.2%,945xx,CA,3 years,0.0
20000.0,2007-11-29,readra21,458.0,0.72%,985xx,WA,7 years,0.0
7500.0,2007-07-21,mickisue,546.0,15.41%,551xx,MN,1 year,0.0
5000.0,2009-02-23,"Would like a better rate, please.",609.0,8.1%,722xx,AR,1 year,0.0
3000.0,2009-04-15,E-commerce,515.0,4.94%,236xx,VA,6 years,0.0
10000.0,2007-11-15,Family,685.0,0%,463xx,IN,4 years,0.0
7600.0,2009-04-24,College expenses,529.0,0%,633xx,MO,10+ years,0.0
8000.0,2009-05-01,Business Loan for new DJ Co!,612.0,6.6%,115xx,NY,8 years,0.0
18000.0,2008-03-07,Need money to payoff student loans,535.0,153.2%,071xx,NJ,3 years,0.0
5000.0,2007-08-20,Kojo,0.0,2.4%,404xx,KY,1 year,0.0
3000.0,2009-05-13,Money for School,474.0,0%,847xx,UT,3 years,0.0
3000.0,2009-05-01, ,715.0,0%,967xx,HI,2 years,0.0
20000.0,2008-04-05,Business Credit Loan,689.0,0%,582xx,ND,2 years,0.0
8000.0,2008-04-07,Desperate for help,504.0,57.03%,301xx,GA,2 years,0.0
15000.0,2008-07-11,Terry's credit card loan,580.0,48.26%,750xx,TX,1 year,0.0
10000.0,2007-10-30,khaney,411.0,12.43%,333xx,FL,< 1 year,0.0
4000.0,2008-03-11,4 wheeler,692.0,0.37%,215xx,MD,8 years,0.0
11600.0,2009-05-11,Re-Financing Car loan,576.0,21.09%,207xx,MD,3 years,0.0
10000.0,2008-04-06,"consolidate, medical and child care",510.0,15.12%,544xx,WI,10+ years,0.0
5000.0,2007-12-03,braddenj,519.0,0.5%,221xx,VA,3 years,0.0
2000.0,2008-04-09,CONTINUING SCHOOL,600.0,27.68%,331xx,FL,2 years,0.0
20000.0,2008-11-21, ,686.0,44.03%,743xx,OK,5 years,0.0
5000.0,2008-09-29,Get caught up,508.0,23.84%,890xx,NV,6 years,0.0
8000.0,2008-10-20,Business loan,533.0,9.33%,291xx,SC,5 years,0.0
9000.0,2007-08-15,chronicole,554.0,9.21%,972xx,WA,1 year,0.0
7500.0,2008-04-24,Paying off debt,592.0,11.45%,227xx,VA,1 year,0.0
2500.0,2008-06-24,Just need a little help to catch up,473.0,17.69%,740xx,OK,1 year,0.0
1000.0,2008-12-17,personal,504.0,0%,625xx,IL,1 year,0.0
10000.0,2007-12-06,dcas,755.0,25.67%,112xx,NY,10+ years,0.0
6000.0,2008-06-22,brannon's plastic loan,650.0,12.6%,741xx,OK,6 years,0.0
20000.0,2009-03-29,refinancing truck loan,674.0,0.78%,760xx,TX,1 year,0.0
7500.0,2008-09-25,Student Loan,714.0,6.36%,191xx,PA,< 1 year,0.0
15000.0,2007-12-11,debt_consolidation,647.0,19.67%,330xx,FL,4 years,0.0
1000.0,2008-01-29,nlron1978,637.0,28.93%,234xx,VA,5 years,0.0
2100.0,2008-01-17,dachipmunk,575.0,10.37%,914xx,CA,< 1 year,0.0
20000.0,2008-03-18,buy a new car,0.0,0%,300xx,GA,2 years,0.0
2500.0,2009-02-28,Brittney's Loan,537.0,333.6%,636xx,MO,< 1 year,0.0
10000.0,2008-11-09,chase is no help,610.0,33.79%,411xx,KY,1 year,0.0
4000.0,2009-02-03,Further Financial Funding for Schooling,522.0,83.28%,038xx,NH,< 1 year,0.0
10000.0,2008-03-24,Home Loan,434.0,18.19%,300xx,GA,3 years,0.0
15000.0,2009-02-11,Debt Consolidation,709.0,21.94%,186xx,PA,10+ years,0.0
1000.0,2009-03-15,My Electric will be cut off tomorrow,476.0,75.8%,731xx,OK,< 1 year,0.0
2000.0,2008-10-20,Divorce Lawyer,618.0,5.64%,616xx,IL,8 years,0.0
7500.0,2009-02-20,New Motorcycle,0.0,0%,260xx,WV,< 1 year,0.0
15000.0,2009-01-24,credit card debt,456.0,19.77%,378xx,TX,5 years,0.0
10700.0,2007-06-25,lynniea5,542.0,10.55%,201xx,VA,< 1 year,0.0
5000.0,2009-01-28,Sunrise Airbrushing,0.0,0%,327xx,FL,8 years,0.0
10000.0,2008-11-24,New furniture and Christmas Loan ,481.0,4.7%,921xx,CA,10+ years,0.0
7500.0,2008-10-13,rescue me from the cash call vampire,624.0,8.42%,307xx,GA,10+ years,0.0
9000.0,2009-02-22,Credit cards,685.0,46.3%,334xx,FL,4 years,0.0
1000.0,2009-01-15,I Want To Buy A New Refridgerator ,0.0,0%,302xx,GA,1 year,0.0
1200.0,2009-04-09,daughter needs surgery,533.0,11.35%,178xx,PA,1 year,0.0
5500.0,2008-12-16,PAY OFF DEBT,517.0,0%,462xx,IL,1 year,0.0
18000.0,2008-10-31,Business loan 1,771.0,19%,925xx,CA,10+ years,0.0
1000.0,2009-01-11,to fix car,425.0,132.74%,547xx,WI,< 1 year,0.0
600.0,2008-03-08,credit card debt,618.0,2.32%,606xx,IL,< 1 year,0.0
6000.0,2008-08-04,pay off credit cards,594.0,23.82%,283xx,NC,2 years,0.0
15000.0,2009-04-24,schooling,408.0,496.25%,857xx,AZ,< 1 year,0.0
25000.0,2008-03-18,Bar&Grill,659.0,27.92%,300xx,GA,6 years,0.0
9000.0,2009-01-15,Refinancing two credit cards,645.0,7.81%,941xx,TX,< 1 year,0.0
10877.0,2009-04-02, ,736.0,10.35%,111xx,NY,5 years,0.0
12000.0,2009-02-13,808 Euclid,458.0,0%,810xx,CO,3 years,0.0
1500.0,2007-11-04,abetterme,665.0,0%,210xx,MD,< 1 year,0.0
10000.0,2009-04-16,Multiple Debt Help,542.0,126%,973xx,OR,5 years,0.0
5000.0,2008-05-04,personal financial help,556.0,7.94%,234xx,VA,10+ years,0.0
2000.0,2008-05-25,Pay off Credit Card,676.0,36.84%,928xx,CA,< 1 year,0.0
7000.0,2008-06-27,Tuition at University of Michigan,721.0,0%,631xx,MO,3 years,0.0
10000.0,2009-01-31,Student Loan,0.0,0%,760xx,TX,2 years,0.0
10000.0,2008-01-22,Luckylinda,474.0,0.84%,890xx,NV,10+ years,0.0
5000.0,2007-11-02,Supermodel,624.0,3.88%,211xx,MD,4 years,0.0
5000.0,2008-11-17,Personal Loan for Nanny,514.0,10.2%,806xx,CO,8 years,0.0
10000.0,2009-04-20,Refinance Car with better rates,573.0,1.06%,801xx,CO,3 years,0.0
12000.0,2009-03-17,Credit Card Refinance,574.0,10.28%,551xx,MN,6 years,0.0
7500.0,2008-08-30,Consolidate debt,668.0,36%,272xx,NC,4 years,0.0
9000.0,2008-10-22,tail/saver,505.0,16.8%,450xx,OH,10+ years,0.0
6000.0,2008-11-10,Home improvement,698.0,20.97%,064xx,CT,1 year,0.0
7500.0,2009-03-06,Vickie's ,605.0,3.42%,720xx,AR,5 years,0.0
1500.0,2008-03-21,Moving expenses,493.0,0.71%,100xx,NY,< 1 year,0.0
15000.0,2009-04-23,Graduate school loan,446.0,35.2%,970xx,OR,< 1 year,0.0
10000.0,2009-03-29,Motorcycle loan,579.0,25.08%,363xx,AL,1 year,0.0
14000.0,2007-11-29,Carpediem100,691.0,18.22%,117xx,NY,7 years,0.0
2500.0,2007-11-09,mack19769,558.0,11.73%,436xx,OH,3 years,0.0
15000.0,2009-02-19,Please Loan Us Money!,672.0,9.39%,921xx,CA,3 years,0.0
10000.0,2009-05-13,Alicia Ruch,592.0,28.58%,983xx,WA,< 1 year,0.0
8000.0,2007-06-02,K9Genetics,565.0,11.67%,852xx,AZ,1 year,0.0
5000.0,2009-01-01,1 debt,569.0,225%,458xx,OH,< 1 year,0.0
4200.0,2008-03-24,Discover Card,720.0,13.91%,090xx,NY,10+ years,0.0
1500.0,2008-01-14,alohastar,686.0,27.53%,967xx,HI,4 years,0.0
25000.0,2008-11-25,Debt consolidation,657.0,18.69%,953xx,CA,< 1 year,0.0
500.0,2007-12-15,drew0588,471.0,247.2%,485xx,MI,< 1 year,0.0
8000.0,2007-07-30,lafortune96,487.0,31.87%,180xx,PA,2 years,0.0
10000.0,2009-04-16,"Loan for Laundromat-Downtown Orlando,FL ",606.0,6.34%,327xx,FL,2 years,0.0
25000.0,2009-05-01,Debt Consolidation,703.0,21.86%,242xx,VA,2 years,0.0
15000.0,2009-01-31,debt consolidation loan,704.0,25.33%,282xx,SC,1 year,0.0
9000.0,2008-10-18,Student Loan,593.0,24.83%,033xx,NH,3 years,0.0
15000.0,2009-01-20,Consolidation,493.0,6.81%,532xx,WI,5 years,0.0
2000.0,2008-11-04,Infrastructure,562.0,0%,211xx,MD,2 years,0.0
8500.0,2008-12-04,Personal Medical Loan,723.0,19.84%,951xx,CA,4 years,0.0
7500.0,2008-04-14,Looking to get a down payment for a car,648.0,69%,620xx,IL,< 1 year,0.0
6000.0,2008-03-12,Proud Navy Sailor's Motorcycle loan,0.0,1.2%,939xx,CA,< 1 year,0.0
3000.0,2009-03-20,Student Loan,621.0,22.88%,750xx,TX,2 years,0.0
10000.0,2009-01-05,Debt consolidation,663.0,30.39%,921xx,CA,3 years,0.0
25000.0,2007-10-09,sandy1940,515.0,19.01%,782xx,TX,4 years,0.0
25000.0,2008-11-29,WORKING CAPITAL,704.0,39.87%,940xx,CA,1 year,0.0
1000.0,2008-08-23,Please help fund a Business Student,603.0,3.21%,625xx,IL,2 years,0.0
12000.0,2009-04-21,personel loan,743.0,25.13%,060xx,CT,10+ years,0.0
15000.0,2008-11-19, ,729.0,115.31%,112xx,NY,< 1 year,0.0
25000.0,2007-12-15,Sharper_Iron,723.0,10.21%,468xx,IN,5 years,0.0
20000.0,2008-01-14,insurance2u,700.0,38.11%,601xx,IL,1 year,0.0
1000.0,2009-02-07,Small business loan,554.0,87.53%,201xx,VA,< 1 year,0.0
7000.0,2009-04-19,Need to purchase a car.,553.0,2.95%,461xx,IL,4 years,0.0
5000.0,2008-01-14,I have had problems in the past when I was contracting and going to school so I didn't have a steady income so I fell behind on my credit card debts. I currently am in a stable career and making good money and looking for a house. I would like to consolidate my debts and pay them off ASAP to qualify for better interest rates. I understand I have bad debt and I also understand the a loan interest rate may be a little high but I am prepared for it. ,524.0,1.03%,011xx,MA,< 1 year,0.0
8000.0,2008-10-05, ,770.0,53.05%,212xx,MD,10+ years,0.0
15000.0,2009-01-02,save my home and pay off credit cards,542.0,46.52%,346xx,FL,< 1 year,0.0
2400.0,2009-03-14,Investing in Education ,712.0,0.88%,100xx,NY,8 years,0.0
15000.0,2008-02-05,getcyrious,567.0,0.86%,577xx,SD,9 years,0.0
6000.0,2008-10-22, ,718.0,2.48%,442xx,OH,< 1 year,0.0
7000.0,2008-10-05,getting a car,633.0,70.71%,765xx,TX,5 years,0.0
4500.0,2008-12-08,Consolidate 2 debts,670.0,21.8%,934xx,CA,4 years,0.0
5000.0,2007-06-19,Nerdular,617.0,6.17%,982xx,UT,< 1 year,0.0
2500.0,2008-04-05,Bad Credit Loan,503.0,90%,171xx,PA,< 1 year,0.0
1000.0,2008-01-14,Jonsey,531.0,20.46%,672xx,KS,10+ years,0.0
7000.0,2007-11-25,I would just like to get a loan to pay off about three credit cards with a total balance of 7000.00.  I am currently working full time and going to school full time and feel that I am throwing money away at such a high rate.,675.0,45.6%,330xx,FL,1 year,0.0
5000.0,2009-01-26, ,601.0,0.41%,115xx,NY,10+ years,0.0
8000.0,2009-04-19,College Education,0.0,0%,076xx,NJ,1 year,0.0
2000.0,2009-04-28,Loan for Jessika Watkins,545.0,1.7%,975xx,OR,1 year,0.0
15000.0,2007-12-01,jeshil82,656.0,29.68%,312xx,GA,10+ years,0.0
5000.0,2008-08-07, ,772.0,0%,171xx,PA,< 1 year,0.0
1500.0,2009-05-06,daniel personal loan,566.0,38.82%,664xx,KS,< 1 year,0.0
8000.0,2009-05-02, ,663.0,20.25%,958xx,CA,< 1 year,0.0
5000.0,2008-01-14,Steven8608,494.0,22%,232xx,VA,< 1 year,0.0
20000.0,2007-12-07,CoachAM,532.0,15.33%,462xx,IN,< 1 year,0.0
1000.0,2008-05-15,CAR LOAN,416.0,29.56%,783xx,TX,2 years,0.0
20000.0,2009-03-09,Move to DC,554.0,1.23%,554xx,MN,10+ years,0.0
10000.0,2008-02-13,major_purchase,674.0,5.68%,297xx,SC,10+ years,0.0
10000.0,2009-03-21,having better credit,585.0,22.98%,294xx,SC,2 years,0.0
2500.0,2009-03-31, ,649.0,18.2%,265xx,WV,2 years,0.0
5000.0,2009-02-16,reconfigure of credit,483.0,12.08%,483xx,MI,10+ years,0.0
4000.0,2009-01-14,Debt downfall,590.0,27.39%,547xx,WI,4 years,0.0
1200.0,2007-11-13,anarchicluv,604.0,0%,841xx,UT,6 years,0.0
15000.0,2009-05-01,Personal Loan,644.0,8.89%,640xx,MO,2 years,0.0
3500.0,2008-04-21,Responsible Person Paying Off Small Debt,507.0,19.76%,240xx,VA,2 years,0.0
3500.0,2008-09-15,my fiances dream wedding ring,478.0,16.22%,917xx,CA,1 year,0.0
2000.0,2008-10-05,Add'nal investment to current business,671.0,32.04%,958xx,CA,< 1 year,0.0
7000.0,2008-04-09,Payoff to a better future,513.0,24.38%,891xx,NV,< 1 year,0.0
5000.0,2008-01-28,teta,521.0,11.4%,071xx,NJ,4 years,0.0
20000.0,2007-12-31,debt_consolidation,709.0,25.09%,104xx,NY,8 years,0.0
2500.0,2009-04-25,Loan Consolidation,458.0,41.05%,636xx,MO,1 year,0.0
10000.0,2008-12-30,debt consolidation loan request,508.0,0%,902xx,CA,2 years,0.0
1000.0,2008-06-29,To get out of debt,646.0,32.56%,352xx,AL,< 1 year,0.0
25000.0,2008-11-10,Help Me Get a HIGHER Education,635.0,3.03%,206xx,MD,2 years,0.0
10000.0,2009-02-07,Need One Monthly Payment,396.0,18.74%,703xx,LA,4 years,0.0
25000.0,2008-03-10,refinancing o/s debt irene,647.0,41.64%,910xx,CA,2 years,0.0
6000.0,2008-01-25,petzrpeep2,700.0,10.33%,120xx,NY,8 years,0.0
25000.0,2008-10-30,Credit Card Consolidation Loan,660.0,79.25%,920xx,CA,5 years,0.0
5500.0,2009-03-30,Refinancing debt,682.0,16.75%,857xx,AZ,2 years,0.0
6000.0,2009-02-02,Engagement Ring Purchase ,714.0,4.75%,401xx,KY,4 years,0.0
2000.0,2009-01-20,funeral expense,537.0,16.24%,959xx,CA,2 years,0.0
25000.0,2007-10-19,the option guru,454.0,2.86%,402xx,KY,2 years,0.0
25000.0,2008-01-13,cheri6722,511.0,41.68%,331xx,FL,10+ years,0.0
17000.0,2008-03-09,debt_consolidation,617.0,6.9%,605xx,IL,< 1 year,0.0
25000.0,2008-04-05,Expanding Existing Telecom Business,679.0,23%,370xx,TN,3 years,0.0
7000.0,2007-11-21,Jeffy,604.0,44.26%,112xx,NY,10+ years,0.0
3000.0,2008-03-21,Clearing debt & starting school,627.0,0.64%,104xx,NY,3 years,0.0
25000.0,2008-01-20,purpleanita,719.0,64.77%,805xx,CO,10+ years,0.0
5000.0,2007-08-26,jc,613.0,27.31%,331xx,FL,10+ years,0.0
10000.0,2008-11-14,We are gong to lose our home.,476.0,378%,165xx,PA,1 year,0.0
15000.0,2008-03-22,Deserving of a second chance,584.0,38.43%,750xx,TX,10+ years,0.0
21000.0,2009-04-06, ,768.0,39.33%,641xx,MO,8 years,0.0
5000.0,2009-03-22,Runway INC.,524.0,0%,606xx,IL,4 years,0.0
12000.0,2009-03-30,Found an opportunity. ,489.0,13.53%,958xx,CA,3 years,0.0
15000.0,2009-01-11,at&t,663.0,31.26%,972xx,OR,< 1 year,0.0
2000.0,2008-12-28,private owner,0.0,0%,956xx,CA,1 year,0.0
5000.0,2009-04-09,Please help,537.0,0%,208xx,MD,< 1 year,0.0
6500.0,2008-10-17,Student Loan,525.0,2.4%,729xx,AR,< 1 year,0.0
20000.0,2008-04-07,"car refinance,wedding,payoff old bills",456.0,19.14%,442xx,OH,1 year,0.0
6000.0,2009-05-14, ,698.0,6.36%,841xx,UT,2 years,0.0
3000.0,2008-05-29,Business Expansion Loan,491.0,0%,134xx,NY,< 1 year,0.0
2500.0,2008-04-06,consolidate winter bills,596.0,7.17%,551xx,MN,1 year,0.0
15718.0,2009-01-21, ,689.0,29.59%,088xx,NJ,< 1 year,0.0
5000.0,2008-04-21,operation consolidation,616.0,12.31%,853xx,AZ,2 years,0.0
18480.0,2008-02-10,debt_consolidation,658.0,8.33%,751xx,TX,10+ years,0.0
5000.0,2008-11-16,Demand for Rent/Payday Loan Buyout,573.0,0%,033xx,NH,1 year,0.0
1000.0,2007-06-01,memorial,543.0,41.35%,328xx,FL,2 years,0.0
17000.0,2009-04-17, ,783.0,31.83%,129xx,NY,5 years,0.0
25000.0,2008-11-23,To live my DREAM,0.0,0%,946xx,CA,< 1 year,0.0
12000.0,2009-01-25,Pay off three loans.,716.0,25.49%,957xx,CA,1 year,0.0
25000.0,2008-01-14,DEMI1JAY,472.0,7.07%,952xx,CO,1 year,0.0
2000.0,2009-05-09,Pay off a bill,487.0,23.66%,244xx,VA,10+ years,0.0
10000.0,2009-05-02, ,718.0,16.5%,439xx,OH,3 years,0.0
25000.0,2008-01-30,richeyw,655.0,35.59%,910xx,CA,10+ years,0.0
7500.0,2008-04-23,to see about getting a van for amputee,598.0,45.19%,933xx,CA,< 1 year,0.0
7500.0,2008-11-24,Getting Back On Top Of Things,493.0,11.04%,800xx,CO,2 years,0.0
2500.0,2009-05-11,Marie Harris,410.0,18.19%,606xx,IL,< 1 year,0.0
9000.0,2009-03-26, ,732.0,46.8%,117xx,NY,1 year,0.0
3500.0,2008-04-24,My fiance has expensive taste,674.0,3.15%,132xx,NY,2 years,0.0
10000.0,2009-05-02,Loan for a fresh start,487.0,0%,940xx,CA,2 years,0.0
20000.0,2009-01-23,Cosolidate debt and Catch up on Mortgage,516.0,3.16%,068xx,CT,< 1 year,0.0
5000.0,2008-04-08,personal loan,642.0,36.97%,780xx,TX,< 1 year,0.0
3000.0,2009-02-05,MEDICAL BILLS,702.0,0%,770xx,TX,10+ years,0.0
5000.0,2009-01-06,educational loan,588.0,14.88%,945xx,CA,4 years,0.0
10000.0,2008-07-14,Paying off student loan,667.0,68.11%,442xx,OH,< 1 year,0.0
8000.0,2009-04-14,Consolidate,622.0,46.72%,782xx,TX,5 years,0.0
6000.0,2007-08-21,crazygirl,483.0,4.08%,802xx,CO,1 year,0.0
25000.0,2009-03-19,HOME PROJECT,0.0,12.68%,935xx,CA,1 year,0.0
25000.0,2009-04-07,music,550.0,12.51%,782xx,TX,3 years,0.0
5000.0,2008-10-29,Snow Plow,672.0,22.69%,129xx,NY,10+ years,0.0
5000.0,2009-01-05,debt destruction fund,667.0,20.9%,940xx,CA,1 year,0.0
500.0,2007-10-24,BigBoy,527.0,10.42%,760xx,TX,< 1 year,0.0
5000.0,2008-09-11,Credit card debt and home improvement,560.0,25.87%,606xx,IL,2 years,0.0
5000.0,2007-10-16,scslinkard,524.0,18.16%,284xx,NC,1 year,0.0
9500.0,2007-12-01,debt_consolidation,652.0,36.52%,120xx,NY,10+ years,0.0
14300.0,2009-01-10,Personal debt consolidation,591.0,11.98%,802xx,CO,1 year,0.0
7500.0,2009-05-07, ,673.0,27.87%,078xx,NJ,10+ years,0.0
18000.0,2007-12-26,debt_consolidation,672.0,26.41%,631xx,MO,5 years,0.0
10000.0,2008-07-17,Expert caterer and chef trying to grow,0.0,0%,191xx,PA,3 years,0.0
5500.0,2009-05-03,my niece,758.0,52.2%,070xx,NJ,< 1 year,0.0
2000.0,2009-04-14,personal loan,662.0,179.52%,973xx,OR,10+ years,0.0
20000.0,2009-04-15, ,690.0,51.68%,935xx,CA,5 years,0.0
22500.0,2009-04-01, ,716.0,21.57%,346xx,FL,3 years,0.0
15000.0,2009-05-02, ,644.0,19.16%,956xx,CA,10+ years,0.0
1000.0,2008-04-18,Car repair,510.0,10.62%,441xx,OH,< 1 year,0.0
1000.0,2008-03-07,none,476.0,2.53%,606xx,IL,4 years,0.0
4000.0,2009-04-21,personal loan,574.0,6.19%,532xx,WI,3 years,0.0
14000.0,2008-04-23, ,632.0,8.07%,394xx,MS,10+ years,0.0
5000.0,2008-11-14,To get a head a little and fit something,451.0,45.93%,169xx,PA,1 year,0.0
20000.0,2008-11-07,Please help me get some breathing room,485.0,35.25%,980xx,WA,< 1 year,0.0
2500.0,2007-09-11,ernpet,576.0,1.68%,352xx,AL,2 years,0.0
3000.0,2009-05-02,loan,547.0,2.55%,944xx,CA,1 year,0.0
15000.0,2008-12-21,Business Loan,0.0,0%,776xx,TX,5 years,0.0
15000.0,2007-11-28,debt_consolidation,694.0,81.14%,328xx,FL,2 years,0.0
6000.0,2007-11-07,sammy36869,498.0,0.2%,368xx,AL,3 years,0.0
6000.0,2008-03-25,debt_consolidation,636.0,0.69%,322xx,FL,< 1 year,0.0
7500.0,2008-05-31,Debt Consolidation,667.0,12.22%,910xx,CA,10+ years,0.0
20000.0,2009-03-12,Debt Eliminator,674.0,33.89%,070xx,NJ,10+ years,0.0
12425.0,2008-10-26,1998 Almond Backhoe & 1981 Mercedes 380 ,675.0,24.38%,985xx,WA,7 years,0.0
10000.0,2008-12-28,son's college,592.0,6.5%,913xx,CA,5 years,0.0
5000.0,2007-10-10,gageandparker,461.0,0%,279xx,NC,7 years,0.0
4000.0,2009-05-18,College Education,504.0,0%,723xx,AR,8 years,0.0
10000.0,2008-03-23,Family Emergency In another State!!!!,563.0,1.56%,658xx,MO,< 1 year,0.0
4000.0,2007-12-17,sandrab,603.0,24.79%,236xx,VA,1 year,0.0
1000.0,2007-11-10,"I would like to get the money to buy a vehicle a man in my complex has,my car I have now is about on its last leg.I also deliver papers in the morning so I need a dependible car.",610.0,13.3%,980xx,WA,1 year,0.0
7000.0,2008-01-30,other,682.0,60.38%,030xx,NH,10+ years,0.0
7000.0,2007-11-02,valentine51chevy3,500.0,163.84%,138xx,NY,< 1 year,0.0
25000.0,2009-04-15,Child Care Center,696.0,52.51%,394xx,MS,2 years,0.0
5000.0,2007-12-09,kenedytexas,437.0,58%,781xx,TX,< 1 year,0.0
2000.0,2008-01-31,mrbatmanesh,566.0,29.69%,208xx,MD,1 year,0.0
6300.0,2007-12-22,Lower interest rate on credit card.,709.0,28.01%,674xx,KS,10+ years,0.0
14225.0,2008-02-17,PLEASE HELP ME CONSOLIDATE MY BILLS,574.0,8.13%,563xx,MN,2 years,0.0
15000.0,2008-12-20,High APR Credit Card Pay Off,672.0,34.67%,787xx,TX,< 1 year,0.0
1200.0,2008-08-22,Catch Up Loan ,495.0,5.73%,600xx,IL,3 years,0.0
2500.0,2008-05-30, ,576.0,97.4%,196xx,PA,< 1 year,0.0
12000.0,2009-02-03,used motorcycle loan,657.0,8.41%,173xx,PA,10+ years,0.0
5000.0,2007-11-26,garrett123,493.0,5.03%,704xx,LA,< 1 year,0.0
10000.0,2007-11-20,Drive-thru espresso business start-up,618.0,11.85%,980xx,WA,1 year,0.0
4000.0,2009-02-07, ,695.0,29.03%,752xx,TX,2 years,0.0
13000.0,2008-02-04,amberd910,689.0,27.59%,064xx,CT,5 years,0.0
4000.0,2008-10-21,Student alternative loans,579.0,166.2%,594xx,MT,< 1 year,0.0
10000.0,2008-01-15,JRY55,547.0,0%,088xx,NJ,< 1 year,0.0
8000.0,2009-05-12,Car Loan,641.0,6.82%,084xx,NJ,2 years,0.0
9800.0,2008-06-24, ,669.0,35.21%,180xx,PA,< 1 year,0.0
7500.0,2008-05-16,debt loan,526.0,22.8%,439xx,OH,1 year,0.0
16000.0,2008-02-25,debt_consolidation,687.0,32.23%,922xx,CA,10+ years,0.0
1000.0,2008-09-30,Debt Consolidation Please Help,658.0,31.28%,802xx,CO,6 years,0.0
3000.0,2008-05-11,personal loan,498.0,26.05%,770xx,TX,9 years,0.0
7000.0,2009-05-11,Student Loan,653.0,152%,201xx,VA,< 1 year,0.0
5000.0,2007-10-12,Bignell,590.0,1.9%,212xx,MD,7 years,0.0
10000.0,2009-05-04,Treading Water...arms tired..Help!,623.0,20.81%,786xx,TX,< 1 year,0.0
9000.0,2008-10-21,Kindergarten teacher sending karma hugs,682.0,23.13%,982xx,WA,10+ years,0.0
25000.0,2008-11-04,car credit card home improvement,550.0,38.5%,852xx,AZ,< 1 year,0.0
10000.0,2008-01-14,transformoneself,574.0,10.43%,787xx,TX,3 years,0.0
13500.0,2009-03-04, ,738.0,32.5%,439xx,OH,8 years,0.0
3500.0,2008-09-13,Pay off high rate credit card,678.0,15.68%,336xx,FL,< 1 year,0.0
1200.0,2009-04-13,Help get over a hurdle,609.0,0.9%,490xx,MI,10+ years,0.0
12000.0,2008-03-10,debt_consolidation,666.0,34.51%,388xx,MS,< 1 year,0.0
5500.0,2008-12-25,Needing to Pay for College,507.0,6%,331xx,FL,< 1 year,0.0
9000.0,2009-03-11,2002 BMW ,646.0,6.35%,760xx,TX,1 year,0.0
5000.0,2008-12-29, ,650.0,9.01%,100xx,NY,4 years,0.0
3900.0,2007-05-27,For Justin.,700.0,10%,469xx,IN,2 years,0.0
20000.0,2008-02-03,debt_consolidation,693.0,6.13%,700xx,LA,4 years,0.0
1000.0,2008-11-04,Building up my creadit Score,567.0,14.55%,802xx,CO,< 1 year,0.0
10000.0,2008-10-14,Payoff teaser rates and reduce rates.,655.0,30.28%,085xx,NJ,< 1 year,0.0
16000.0,2009-04-18,pay for a car,720.0,18.99%,136xx,NY,10+ years,0.0
15000.0,2009-02-04,Healthcare Biz-Plan/action to help all.,555.0,18.76%,606xx,IL,6 years,0.0
3500.0,2008-03-22,Medical ,647.0,28.44%,424xx,KY,10+ years,0.0
6000.0,2009-01-10,Replacement car,615.0,11.82%,300xx,GA,< 1 year,0.0
10000.0,2009-03-16,Help Recoving from Divorce and Lay off,564.0,12.03%,151xx,PA,1 year,0.0
15000.0,2008-03-31,Partial deposit toward new home,763.0,40.17%,911xx,CA,4 years,0.0
3000.0,2008-08-26,Maternity Leave coverage,618.0,42.23%,503xx,IA,1 year,0.0
10000.0,2008-12-16,One payment debt per month,688.0,13.89%,080xx,NJ,5 years,0.0
25000.0,2008-02-08,reyesinvestments,654.0,33.87%,968xx,HI,4 years,0.0
10000.0,2009-01-05,Multipurpose Loan (Consolidate debt),645.0,10.8%,473xx,IL,< 1 year,0.0
10000.0,2008-06-17, ,756.0,39.41%,923xx,CA,10+ years,0.0
20000.0,2009-05-17, ,681.0,48.37%,308xx,GA,5 years,0.0
19900.0,2009-03-18,Motorcyle refinance,649.0,35.8%,800xx,CO,7 years,0.0
6000.0,2009-01-18,car,618.0,21.6%,463xx,IL,8 years,0.0
5000.0,2007-07-08,andrea1125,454.0,6.38%,339xx,FL,1 year,0.0
900.0,2008-02-13,baldur26,639.0,15.5%,762xx,TX,7 years,0.0
11150.0,2007-12-26,rihen,731.0,27.64%,762xx,TX,< 1 year,0.0
1500.0,2009-04-05,Consolidate 3 cards,476.0,14.63%,480xx,MI,2 years,0.0
15000.0,2008-07-10,Capital One,603.0,18.87%,113xx,NY,8 years,0.0
15000.0,2009-04-02, ,744.0,25.83%,633xx,MO,10+ years,0.0
3000.0,2008-10-26,funeral,660.0,0%,334xx,FL,2 years,0.0
7500.0,2008-05-29,Trying to get out of high interest rates,643.0,20.51%,957xx,CA,3 years,0.0
16000.0,2009-04-01, ,712.0,38.65%,785xx,TX,10+ years,0.0
12000.0,2008-10-20,Extra money,702.0,11.11%,913xx,CA,10+ years,0.0
15000.0,2009-04-28, ,715.0,12%,220xx,VA,7 years,0.0
12000.0,2007-08-09,Razorbacks36,570.0,0%,431xx,OH,< 1 year,0.0
21000.0,2009-04-20,PAYOFF BALANCES ON CREDIT CARDS,697.0,15.22%,113xx,NY,5 years,0.0
14000.0,2009-01-10,CREDIT CARD PAYOFF PLAN,703.0,41.78%,706xx,LA,10+ years,0.0
2000.0,2009-05-06,Single parent in school and need money ,464.0,26.48%,704xx,LA,< 1 year,0.0
25000.0,2009-05-12,Car,459.0,0%,329xx,FL,< 1 year,0.0
2500.0,2009-02-03,Jonathan Memmoli,647.0,6.04%,126xx,NY,< 1 year,0.0
25000.0,2008-03-24,Rich - Loan,483.0,8.45%,030xx,NH,6 years,0.0
5000.0,2008-10-13,Hopeful,616.0,37.64%,930xx,CA,< 1 year,0.0
22000.0,2009-03-26,CAR1,0.0,0%,451xx,OH,7 years,0.0
1500.0,2008-12-04,Loan For Car,529.0,0%,925xx,CA,< 1 year,0.0
15000.0,2009-04-08, ,746.0,0%,913xx,CA,5 years,0.0
15000.0,2007-11-25,other,641.0,47.12%,326xx,FL,8 years,0.0
25000.0,2009-04-07,Start Up,543.0,13.99%,326xx,FL,10+ years,0.0
7000.0,2009-01-12,Debt Diet ,671.0,6.77%,900xx,CA,6 years,0.0
7000.0,2008-12-10, ,720.0,41.29%,295xx,SC,2 years,0.0
9000.0,2008-11-04,Controle my debt ,446.0,11.68%,117xx,NY,5 years,0.0
15000.0,2009-01-13,Credit Cards ,686.0,31.73%,977xx,OR,2 years,0.0
10000.0,2009-04-28,*** MOM WANTS A NEW CAR***,485.0,0%,331xx,FL,< 1 year,0.0
7000.0,2008-05-15,Pay off payday loans,602.0,37.08%,453xx,OH,10+ years,0.0
3600.0,2007-10-18,magice,547.0,25.62%,447xx,OH,1 year,0.0
13000.0,2009-04-02, ,731.0,61.72%,756xx,TX,1 year,0.0
5000.0,2009-05-12,Education,487.0,12%,859xx,AZ,< 1 year,0.0
5000.0,2008-04-05,Engagement Ring,601.0,88.19%,941xx,CA,1 year,0.0
1000.0,2008-04-30,EDUCATION IS A MUST!!!,611.0,14.27%,374xx,TN,< 1 year,0.0
11882.0,2009-03-18, ,793.0,26.26%,060xx,CT,10+ years,0.0
11500.0,2009-05-12, ,670.0,43.47%,010xx,MA,4 years,0.0
5000.0,2009-03-10,making my payments easier,648.0,48.51%,302xx,GA,1 year,0.0
13500.0,2008-01-30,debt_consolidation,693.0,22.32%,481xx,MI,1 year,0.0
15000.0,2009-04-05,Ken Personal Loan,696.0,31.41%,222xx,VA,2 years,0.0
25000.0,2009-05-15,Consolidate debt,572.0,17.22%,074xx,NJ,10+ years,0.0
7500.0,2008-09-10,repair home,708.0,5.45%,600xx,IL,4 years,0.0
25000.0,2009-05-13,school loan,561.0,25.28%,720xx,AR,10+ years,0.0
2000.0,2008-07-01,help me get back on track,531.0,29.64%,610xx,IL,10+ years,0.0
16000.0,2007-06-09,Eagle8XC Tuition loan,667.0,22.98%,056xx,VT,1 year,0.0
20000.0,2008-03-15,home_improvement,657.0,18.02%,921xx,CA,< 1 year,0.0
15000.0,2007-12-19,Martkee,561.0,14.03%,945xx,CA,1 year,0.0
10000.0,2009-02-19,Credit Cards,648.0,22.85%,386xx,MS,5 years,0.0
10000.0,2008-12-07,Painting contracting Loan,553.0,0%,068xx,CT,10+ years,0.0
10394.0,2009-01-17, ,741.0,29.47%,124xx,NY,2 years,0.0
5000.0,2009-03-11,Completely current but rather consolidat,653.0,25.68%,878xx,NM,< 1 year,0.0
2500.0,2008-12-28,personal loan,550.0,4.77%,977xx,OR,3 years,0.0
1000.0,2008-04-04,Project Debt Consolidation,479.0,22.11%,606xx,IL,6 years,0.0
2500.0,2008-07-07,Getting out of the hole,441.0,3.23%,637xx,MO,2 years,0.0
7500.0,2008-05-23,Want to be debt free!,631.0,30.66%,211xx,MD,10+ years,0.0
8000.0,2007-12-30,up keeps,663.0,13.43%,392xx,MS,6 years,0.0
25000.0,2009-04-29,Consolidation Loan Needed,612.0,7.82%,750xx,TX,1 year,0.0
12000.0,2008-10-18,consolidating debt,695.0,2.83%,986xx,WA,4 years,0.0
3400.0,2007-06-06,scooterodell,559.0,24.36%,145xx,NY,9 years,0.0
25000.0,2009-03-17,Need Payroll - Fund Me!,679.0,33.78%,201xx,VA,6 years,0.0
10000.0,2009-03-18, ,683.0,3.86%,224xx,VA,< 1 year,0.0
1500.0,2008-05-22,Wanting to pay off debt from divorce,468.0,2.06%,500xx,IA,3 years,0.0
2000.0,2007-10-11,super99999ooo,566.0,1.72%,921xx,CA,6 years,0.0
3500.0,2008-01-15,tresmom2,469.0,27.94%,704xx,LA,2 years,0.0
10000.0,2009-01-24,Jason Loan 2009,691.0,15.1%,078xx,NJ,6 years,0.0
5000.0,2009-05-05,Nursing school,448.0,0%,971xx,OR,< 1 year,0.0
20000.0,2007-06-06,Back To School,690.0,0.4%,079xx,NJ,< 1 year,0.0
1500.0,2008-09-06,Tuition,533.0,7.2%,606xx,IL,< 1 year,0.0
6000.0,2008-04-27,Credit Cards and Hosptial Bills,658.0,16.47%,774xx,TX,< 1 year,0.0
3000.0,2009-04-28,Looking to get my high FICO scores back!,559.0,0%,906xx,CA,2 years,0.0
2000.0,2008-11-05,paying off the feds,639.0,25.92%,365xx,AL,< 1 year,0.0
2500.0,2009-05-05,Bridging money,579.0,5.93%,900xx,CA,6 years,0.0
10000.0,2009-05-10,For School,508.0,23.15%,480xx,MI,< 1 year,0.0
6500.0,2008-01-10,esantiago,571.0,10.32%,201xx,VA,1 year,0.0
11000.0,2008-10-23,personal loan,692.0,13.05%,334xx,FL,6 years,0.0
3000.0,2008-06-02,need to get to school and back ,481.0,5.19%,852xx,AZ,< 1 year,0.0
25000.0,2009-05-08,Pay off high interest credit cards,687.0,15.83%,341xx,FL,10+ years,0.0
12000.0,2008-03-23,other,664.0,0.9%,782xx,TX,< 1 year,0.0
2000.0,2007-12-20,Laurel07,490.0,45.45%,947xx,CA,< 1 year,0.0
20000.0,2008-11-04,Need short term loan for home improvemen,631.0,4.86%,604xx,IL,10+ years,0.0
7000.0,2008-06-18,jossy,735.0,1.04%,347xx,FL,4 years,0.0
3025.0,2008-04-22,pay off car and loan,565.0,40.11%,365xx,AL,3 years,0.0
2000.0,2009-04-29,Personal Loan to pay off bill,439.0,0%,246xx,VA,1 year,0.0
2000.0,2008-01-25,petlover1984,453.0,29.19%,496xx,MI,1 year,0.0
6000.0,2009-02-10,Get out of debt,616.0,16.4%,935xx,CA,< 1 year,0.0
3000.0,2009-04-23,Student Loan,0.0,0%,322xx,FL,< 1 year,0.0
7000.0,2009-03-24,Debt Consolidation,697.0,8.61%,970xx,OR,7 years,0.0
20000.0,2007-11-08,hadi_sh11,617.0,27.2%,631xx,MO,2 years,0.0
10000.0,2008-10-26, ,715.0,45.23%,180xx,PA,7 years,0.0
13500.0,2008-11-11,Consolidating Debt,671.0,35.46%,891xx,NV,10+ years,0.0
2000.0,2009-01-25,Hunting Expo Event Upfront Expenses,0.0,0%,400xx,KY,< 1 year,0.0
2500.0,2008-11-21,to much debt,586.0,6.36%,480xx,MI,< 1 year,0.0
15000.0,2009-04-20,Personal loan,448.0,15.35%,330xx,FL,< 1 year,0.0
6500.0,2008-02-22,cjhenders,492.0,41.76%,430xx,OH,2 years,0.0
1000.0,2009-03-20,Busted tooth. Need Root canal desperatel,430.0,41.45%,305xx,GA,1 year,0.0
5000.0,2008-12-05,loan for woodworking shop upgrades ,612.0,15.51%,982xx,WA,10+ years,0.0
1200.0,2007-10-18,Caw,576.0,6.54%,850xx,AZ,< 1 year,0.0
5000.0,2008-02-06,mmm19800,661.0,59.82%,480xx,MI,< 1 year,0.0
20000.0,2008-01-31,other,703.0,1.11%,112xx,NY,< 1 year,0.0
12500.0,2008-10-17, ,671.0,16.05%,981xx,WA,10+ years,0.0
7500.0,2009-03-17,Divorce Legal Fees,500.0,0.41%,550xx,MN,< 1 year,0.0
20000.0,2009-05-17, ,709.0,36.23%,922xx,CA,3 years,0.0
7500.0,2008-08-25,refinancing credit card debt,683.0,12.08%,025xx,MA,< 1 year,0.0
5000.0,2008-03-08,Debt Consolidation,545.0,0%,018xx,MA,3 years,0.0
5000.0,2009-05-05,Indiana University,0.0,0%,474xx,IL,1 year,0.0
25000.0,2009-03-17,real estate investment,700.0,0%,482xx,MI,5 years,0.0
2000.0,2008-07-09, ,724.0,40.77%,117xx,NY,9 years,0.0
5000.0,2008-01-09,debt_consolidation,629.0,31.87%,785xx,TX,1 year,0.0
25000.0,2007-10-15,Bern,717.0,56.89%,339xx,FL,< 1 year,0.0
3500.0,2008-01-15,spmabs,535.0,41.52%,373xx,TN,2 years,0.0
7000.0,2007-11-16,patti,559.0,21.93%,531xx,WI,2 years,0.0
3300.0,2008-01-02,DJ_Twist,606.0,2.37%,983xx,WA,4 years,0.0
5500.0,2007-11-09,great_family,439.0,13.77%,473xx,IN,4 years,0.0
12500.0,2009-04-28,Culinary,727.0,106.8%,300xx,GA,1 year,0.0
10000.0,2008-03-28,my business,681.0,1.77%,911xx,CA,10+ years,0.0
5000.0,2008-12-26,Get out of Debt,502.0,33.17%,301xx,GA,2 years,0.0
15000.0,2008-02-19,debt_consolidation,666.0,18.45%,972xx,OR,10+ years,0.0
5000.0,2008-01-17,skisnook,609.0,24.19%,328xx,FL,< 1 year,0.0
2000.0,2008-07-01,Car Repairs,628.0,13.62%,301xx,GA,3 years,0.0
5000.0,2007-06-20,drulover4eva2000,564.0,24.6%,212xx,MD,10+ years,0.0
25000.0,2008-10-29,In need of Business loan,786.0,22.3%,945xx,CA,1 year,0.0
3000.0,2009-04-10,Need 3K to get into suitable home.,476.0,6.04%,833xx,IL,10+ years,0.0
2000.0,2008-03-21,Credit Cards = Bad,617.0,6.44%,921xx,CA,3 years,0.0
6000.0,2009-01-06,Chell's loan,515.0,46.01%,786xx,TX,2 years,0.0
6500.0,2008-06-04, ,643.0,2.4%,127xx,NY,< 1 year,0.0
6000.0,2007-11-02,mommasbaby,0.0,23.55%,426xx,KY,1 year,0.0
6000.0,2009-05-11, ,716.0,0%,236xx,VA,10+ years,0.0
15000.0,2009-02-04,Forclosure Home Purchase,657.0,4.28%,112xx,NY,3 years,0.0
25000.0,2008-03-25,Lower monthly payments,656.0,32.35%,158xx,PA,8 years,0.0
8000.0,2008-10-21,Credit Card Debt Consolidate,638.0,19.5%,946xx,CA,3 years,0.0
1500.0,2008-01-09,jbird35,488.0,22.73%,310xx,GA,1 year,0.0
4000.0,2009-01-18,Single father going back to school,609.0,3.28%,301xx,GA,< 1 year,0.0
11000.0,2007-11-03,witchking,705.0,25.74%,443xx,OH,< 1 year,0.0
16000.0,2009-04-27,Cosmetology School!,0.0,0%,328xx,FL,< 1 year,0.0
1000.0,2008-08-02,Credit Card Debt,680.0,4.18%,751xx,TX,10+ years,0.0
25000.0,2007-10-17,BillyJoe,743.0,51.26%,426xx,KY,10+ years,0.0
3500.0,2009-05-15,Emergency Move,520.0,30.21%,283xx,SC,1 year,0.0
2500.0,2009-04-25,Help me get a new roof,646.0,29.3%,554xx,MN,8 years,0.0
500.0,2007-10-07,Lefleur,520.0,12.12%,857xx,AZ,< 1 year,0.0
6000.0,2008-10-13,Pay off high interest rate credit card,717.0,30.98%,970xx,OR,2 years,0.0
5000.0,2008-12-12,Recent Move to a New City,697.0,4.56%,787xx,TX,1 year,0.0
3000.0,2008-04-05,debt up to my ears,474.0,142.45%,937xx,CA,9 years,0.0
6000.0,2009-03-22,Getting away from a bad credit card,739.0,18%,303xx,GA,< 1 year,0.0
18000.0,2009-04-16,Education,751.0,12.46%,941xx,CA,10+ years,0.0
2500.0,2008-11-09,Internet,639.0,12.15%,441xx,OH,10+ years,0.0
15000.0,2009-02-12,Business Startup Cost,638.0,12.69%,300xx,GA,2 years,0.0
1000.0,2009-04-09,Personal Loan,549.0,19.77%,891xx,NV,10+ years,0.0
3500.0,2008-06-27, CONSOLIDATION LOAN,588.0,9.47%,120xx,NY,6 years,0.0
10000.0,2007-10-15,hardcorevixen101,492.0,15.36%,334xx,FL,< 1 year,0.0
20000.0,2008-01-17,titus11,699.0,34.07%,040xx,ME,10+ years,0.0
20000.0,2008-01-29,paul_thtchr,419.0,22.34%,080xx,NJ,< 1 year,0.0
4700.0,2008-01-17,YoungGrandma,635.0,391.29%,452xx,OH,< 1 year,0.0
2400.0,2007-12-02,Please help with unexpected medical bill,596.0,13.94%,744xx,OK,5 years,0.0
10000.0,2007-10-22,NewHope,620.0,0%,272xx,NC,8 years,0.0
1000.0,2008-04-05,my dream come true,504.0,13.37%,373xx,TN,2 years,0.0
1000.0,2008-11-12,Small loan needed in hard times,507.0,4.64%,604xx,IL,< 1 year,0.0
6000.0,2008-07-18,HELP!,488.0,22.73%,221xx,VA,3 years,0.0
13000.0,2009-03-30,Motorcycle loan,666.0,102%,427xx,KY,< 1 year,0.0
3500.0,2009-05-17,Moving,0.0,3.43%,441xx,OH,6 years,0.0
20000.0,2008-04-06,debt consoidation,647.0,17.2%,231xx,VA,6 years,0.0
10000.0,2008-01-17,freak247,490.0,46.76%,395xx,MS,10+ years,0.0
2500.0,2008-03-31,Need to Pay off old credit card,590.0,46.35%,285xx,NC,8 years,0.0
25000.0,2007-08-31,ivanjose,605.0,21.11%,333xx,FL,10+ years,0.0
20000.0,2009-04-08,LEND $20k AND EARN $40k,535.0,1.8%,338xx,FL,10+ years,0.0
1500.0,2009-04-29,catching up on a few bills,468.0,0%,191xx,PA,< 1 year,0.0
15000.0,2009-01-03,,511.0,12.92%,631xx,MO,5 years,0.0
11500.0,2009-01-30,Auto Loan for Responsible Gov't Employee,554.0,24.56%,211xx,MD,1 year,0.0
7500.0,2008-08-04,Our Loan,524.0,3.49%,620xx,IL,10+ years,0.0
1000.0,2007-06-30,bigtrav2207,432.0,414.4%,640xx,MO,< 1 year,0.0
1000.0,2007-10-15,nikki9381,502.0,14.6%,443xx,OH,< 1 year,0.0
3500.0,2008-10-03,Need help getting out of this mess!,490.0,24.44%,380xx,TX,< 1 year,0.0
1500.0,2009-05-14,Education,443.0,28.02%,707xx,LA,< 1 year,0.0
1000.0,2007-11-09,tracil,459.0,0%,727xx,AR,< 1 year,0.0
3250.0,2009-04-02,Business Loan,661.0,13.32%,441xx,OH,2 years,0.0
7500.0,2009-04-16, ,693.0,0.28%,905xx,CA,1 year,0.0
15000.0,2008-01-28,rockyroad247,717.0,25.71%,936xx,CA,10+ years,0.0
12000.0,2008-03-20,Need to pay off a 401K loan asap!!,534.0,23.25%,622xx,IL,10+ years,0.0
20000.0,2009-02-22,Home,521.0,18.07%,066xx,CT,2 years,0.0
10000.0,2008-12-29,Student loan,481.0,20.78%,324xx,FL,2 years,0.0
15000.0,2008-01-16,debt_consolidation,768.0,10.5%,500xx,IA,10+ years,0.0
20000.0,2007-12-04,newport4,620.0,13.56%,015xx,MA,6 years,0.0
15000.0,2008-12-27,payoff loan,660.0,0%,983xx,WA,< 1 year,0.0
5000.0,2008-08-09,This sounds like a good idea,631.0,13.25%,495xx,MI,4 years,0.0
2000.0,2008-03-30,Upgrade a website to handle advertising,613.0,0%,152xx,PA,1 year,0.0
2800.0,2008-08-29,Eliminate DEBT,602.0,25.64%,852xx,AZ,10+ years,0.0
20000.0,2008-11-07,Looking to consolidate all unsecured deb,472.0,18.94%,141xx,NY,< 1 year,0.0
5000.0,2009-05-06,Transportation,758.0,15.38%,329xx,FL,< 1 year,0.0
15000.0,2008-01-27,partikat,421.0,8.44%,136xx,NY,< 1 year,0.0
1600.0,2008-11-26,I want to keep my education going,0.0,1.6%,499xx,MI,< 1 year,0.0
1000.0,2008-12-07,Sheila Donato,583.0,31.5%,483xx,MI,< 1 year,0.0
25000.0,2009-04-28,Consolidate Credit Card Debt,691.0,39.95%,720xx,AR,10+ years,0.0
5600.0,2008-12-31,roof improvement.,741.0,131.54%,334xx,FL,10+ years,0.0
5000.0,2008-10-10,Debt Free,571.0,39%,315xx,GA,10+ years,0.0
3500.0,2007-06-30,resanchez,525.0,0%,800xx,CO,< 1 year,0.0
25000.0,2009-04-23,credit card refi,706.0,59.5%,483xx,MI,10+ years,0.0
22500.0,2009-02-27,Money to consolidate bills,646.0,30.53%,180xx,PA,10+ years,0.0
15000.0,2008-12-07,Life improvement loan,505.0,17.09%,917xx,CA,1 year,0.0
6500.0,2007-11-27,debt_consolidation,691.0,10.24%,217xx,MD,2 years,0.0
3000.0,2009-04-03,hospital bills,551.0,20.77%,104xx,NY,10+ years,0.0
4000.0,2008-05-14,service dog ,707.0,0.43%,952xx,CA,3 years,0.0
6000.0,2008-03-25,i am a good credit risk! :),612.0,43.43%,166xx,PA,4 years,0.0
20000.0,2008-10-18,Need Capital to Fund Business Expansion ,651.0,15.77%,335xx,FL,2 years,0.0
10000.0,2008-01-24,major_purchase,720.0,27.56%,302xx,GA,2 years,0.0
3000.0,2009-01-08,New Equipment For Pizza Business,671.0,13.13%,479xx,IL,< 1 year,0.0
2000.0,2009-04-10,Please help me pay these loans off,486.0,10.03%,782xx,TX,10+ years,0.0
15000.0,2008-02-03,debt_consolidation,696.0,18.39%,430xx,OH,2 years,0.0
6000.0,2008-11-30,to pay off settlements ,638.0,30.98%,922xx,CA,6 years,0.0
5000.0,2008-03-20,Fixing a leaky roof,611.0,5.86%,613xx,IL,4 years,0.0
7500.0,2009-03-30, ,695.0,6.15%,140xx,NY,4 years,0.0
4500.0,2009-04-20,personal loan,558.0,139.29%,400xx,KY,2 years,0.0
13500.0,2008-11-18, ,712.0,27.41%,631xx,MO,2 years,0.0
25000.0,2008-02-04,seagull78,592.0,14.2%,980xx,WA,8 years,0.0
12000.0,2008-11-05,Paying it all off quickly,567.0,13.77%,554xx,MN,7 years,0.0
13900.0,2009-05-01, ,700.0,1.88%,891xx,NV,4 years,0.0
2000.0,2009-03-20,Property and village tax,612.0,0%,120xx,NY,1 year,0.0
5000.0,2008-04-07,Senior High School Student Expenses,507.0,0%,774xx,TX,3 years,0.0
15000.0,2008-02-18,mugsy,700.0,33.75%,403xx,KY,10+ years,0.0
8500.0,2008-03-18,Need to Fix Electrical,515.0,7.76%,305xx,GA,< 1 year,0.0
20000.0,2009-02-22,College Grad desires self-sufficiency,550.0,41.35%,985xx,WA,5 years,0.0
2000.0,2007-11-23,JBRADY12,433.0,1.36%,786xx,TX,9 years,0.0
20000.0,2008-01-14,DebbieR51,638.0,112.05%,605xx,IL,8 years,0.0
1000.0,2008-11-01,Office Space,642.0,53.54%,770xx,TX,< 1 year,0.0
20000.0,2008-12-18, ,693.0,28.94%,334xx,FL,2 years,0.0
2000.0,2009-04-21,Spring Term Tuition,627.0,69.91%,614xx,IL,2 years,0.0
10000.0,2009-01-27,Hardworking Grad with Student Debt,704.0,14.7%,951xx,CA,< 1 year,0.0
3950.0,2008-06-13,legal fees,572.0,2.44%,131xx,NY,9 years,0.0
2000.0,2009-02-18,Personal,0.0,0%,446xx,OH,1 year,0.0
10000.0,2007-11-03,Stevejen,417.0,0%,301xx,GA,6 years,0.0
3000.0,2008-11-05,New Orleans Community Service,570.0,42.86%,032xx,NH,< 1 year,0.0
2000.0,2009-02-04,I NEED HELP NOW,501.0,28.67%,322xx,FL,10+ years,0.0
10000.0,2008-12-28,Personal,592.0,4.27%,900xx,CA,10+ years,0.0
4000.0,2008-09-25,Credit Card Consolidation Loan,588.0,5.82%,346xx,FL,3 years,0.0
6500.0,2008-03-26,major_purchase,689.0,34.11%,630xx,MO,< 1 year,0.0
1200.0,2007-09-23,Mab64,645.0,31.2%,071xx,NJ,1 year,0.0
20000.0,2009-03-11,Debt. Consolidation,750.0,15.85%,109xx,NY,10+ years,0.0
3500.0,2008-11-30,unemployment coverage,572.0,19.35%,164xx,PA,< 1 year,0.0
10000.0,2009-04-10, ,717.0,16.48%,121xx,NY,< 1 year,0.0
4000.0,2008-12-24,"Car broke down, need a new one",494.0,10.84%,544xx,WI,1 year,0.0
7500.0,2008-04-30,Wedding Plans,501.0,11.67%,532xx,WI,3 years,0.0
2000.0,2008-05-27,School,712.0,16.4%,917xx,CA,< 1 year,0.0
10000.0,2009-02-06,10k,694.0,33.12%,913xx,CA,1 year,0.0
3000.0,2008-09-11,$3000 needed have excellent credit,777.0,0%,377xx,TN,1 year,0.0
25000.0,2009-05-17,Need fresh start,702.0,14.27%,945xx,CA,10+ years,0.0
7000.0,2008-02-09,jwolfe11,436.0,26.88%,913xx,CA,< 1 year,0.0
4500.0,2009-04-02,pay bill ,465.0,0%,360xx,AL,2 years,0.0
7500.0,2008-03-11,Start Up,634.0,34.55%,958xx,CA,1 year,0.0
1000.0,2008-02-14,Debt Consolidation Loan,615.0,16.3%,850xx,AZ,4 years,0.0
7500.0,2008-11-23,One Pmt,629.0,12.31%,402xx,KY,5 years,0.0
8500.0,2009-04-02,Rebuilding my credit,478.0,3.67%,711xx,LA,3 years,0.0
10000.0,2009-03-18,Please Help,485.0,24.8%,853xx,AZ,1 year,0.0
5000.0,2009-03-04,I would like to grow my 2 yr business,690.0,6.04%,921xx,CA,1 year,0.0
5000.0,2008-03-02,jhaltiws,586.0,19.02%,296xx,SC,8 years,0.0
2500.0,2007-12-12,Consolidating Credit Cards!,647.0,9.21%,283xx,NC,< 1 year,0.0
1000.0,2008-06-25,Paying off my last credit card!,493.0,0%,683xx,NE,7 years,0.0
5000.0,2009-02-23,business seed,688.0,2.86%,017xx,MA,< 1 year,0.0
6500.0,2008-09-04,Funding for dance studio expansion,716.0,32.07%,300xx,GA,2 years,0.0
4500.0,2008-12-10,ATV loan,702.0,50.48%,447xx,OH,1 year,0.0
5000.0,2009-03-13,Auto,586.0,0%,673xx,KS,2 years,0.0
15000.0,2008-03-17,home_improvement,674.0,2.29%,305xx,GA,< 1 year,0.0
2500.0,2008-03-24,continued education,472.0,2.55%,785xx,TX,8 years,0.0
3500.0,2008-06-05, ,671.0,46.13%,212xx,MD,2 years,0.0
5000.0,2009-03-22, ,653.0,9.05%,662xx,KS,2 years,0.0
7500.0,2008-03-29,"Why am I paying $1,000 in interest?",526.0,13.24%,336xx,FL,2 years,0.0
5000.0,2008-03-07,Help with loan Debt,420.0,7.2%,549xx,WI,3 years,0.0
15000.0,2008-01-15,jlg441972,399.0,10.11%,294xx,SC,1 year,0.0
10000.0,2008-02-22,debt_consolidation,751.0,25.5%,760xx,TX,4 years,0.0
4000.0,2009-05-05,Apartment and debt..,518.0,4.16%,440xx,OH,< 1 year,0.0
1000.0,2007-12-04,ashiz,510.0,10.82%,021xx,MA,1 year,0.0
7200.0,2008-12-15,just need a litte help,518.0,13.17%,327xx,FL,1 year,0.0
4500.0,2008-02-06,JCOBB,542.0,10.04%,452xx,OH,3 years,0.0
25000.0,2008-01-16,chico767,712.0,80.18%,551xx,MN,10+ years,0.0
25000.0,2008-03-23,House addition ,0.0,0%,473xx,IN,< 1 year,0.0
6000.0,2009-04-30,robinson debt solutions,447.0,18.86%,838xx,WA,8 years,0.0
20000.0,2008-04-05,Start up for Real Estate Investment!,704.0,545.88%,199xx,DE,6 years,0.0
5000.0,2009-01-25,Personal loan,531.0,2.57%,015xx,MA,< 1 year,0.0
1000.0,2009-05-04,school ,548.0,8.33%,441xx,OH,7 years,0.0
25000.0,2009-04-08,Bruce's Debt,675.0,12.84%,959xx,CA,10+ years,0.0
3500.0,2008-04-15, Disney World,625.0,38.1%,432xx,OH,< 1 year,0.0
5000.0,2008-03-05,major_purchase,670.0,68.98%,300xx,GA,10+ years,0.0
1500.0,2008-03-11,Consolidate Dental work financing,640.0,-1%,,,< 1 year,0.0
5000.0,2008-03-24,Police K9 Training School,502.0,0%,458xx,OH,4 years,0.0
10000.0,2008-10-21,i need a new car,407.0,17.35%,735xx,OK,2 years,0.0
2000.0,2008-05-28, ,522.0,11.44%,700xx,LA,1 year,0.0
25000.0,2009-05-14,School loan,528.0,20.54%,210xx,MD,< 1 year,0.0
3000.0,2008-01-13,lhofmann,426.0,18.48%,231xx,VA,1 year,0.0
1500.0,2007-08-25,whitedove40,578.0,2.5%,265xx,WV,1 year,0.0
15000.0,2008-03-14,debt_consolidation,660.0,9.04%,900xx,CA,< 1 year,0.0
1500.0,2008-07-08, ,563.0,10.38%,100xx,NY,< 1 year,0.0
3500.0,2008-11-14,Consoildate debt,430.0,8.09%,075xx,NJ,< 1 year,0.0
10000.0,2008-11-03,Consolidate,641.0,17.01%,021xx,MA,2 years,0.0
11000.0,2009-01-01,Consolidation Loan,514.0,7.63%,381xx,TX,2 years,0.0
10000.0,2008-07-10,Wedding,466.0,12.17%,104xx,NY,1 year,0.0
3000.0,2009-02-25,Consolidate,487.0,6%,797xx,TX,8 years,0.0
15000.0,2008-12-29,Auto loan,579.0,19.51%,928xx,CA,< 1 year,0.0
6000.0,2009-04-27,I'm drowning in debt,543.0,50.57%,967xx,HI,< 1 year,0.0
5000.0,2009-04-19,Full-Time student Dead end cash.,614.0,56400%,551xx,MN,1 year,0.0
7000.0,2009-01-01,Eduacation Funding,637.0,1.52%,125xx,NY,1 year,0.0
4500.0,2008-02-08,other,626.0,22.81%,331xx,FL,< 1 year,0.0
7100.0,2008-12-28,lower payments,782.0,20.45%,320xx,FL,< 1 year,0.0
11348.0,2009-03-21, ,733.0,26.36%,210xx,MD,3 years,0.0
25000.0,2007-10-20,nymortgagepro,644.0,2.28%,117xx,NY,1 year,0.0
5000.0,2008-11-19,Loan Needed for Dream Training Program,655.0,0%,068xx,CT,< 1 year,0.0
1000.0,2009-01-25,unexpected expenses,566.0,15.36%,674xx,KS,3 years,0.0
6000.0,2009-02-09,Desperate!!!!,459.0,16.72%,212xx,MD,1 year,0.0
17000.0,2008-12-24, ,701.0,36.2%,330xx,FL,5 years,0.0
22000.0,2008-12-07,Consolidation,667.0,51.52%,967xx,HI,< 1 year,0.0
5000.0,2008-03-24,CONSOLIDATE BILLS,600.0,19.74%,349xx,FL,9 years,0.0
1200.0,2008-10-30,Need Some Help Getting Out of Debt,513.0,27.71%,474xx,IL,3 years,0.0
25000.0,2008-11-19,Consolidate miscellaneous debt,783.0,23%,296xx,SC,3 years,0.0
12000.0,2008-01-10,debt_consolidation,694.0,9.39%,356xx,AL,6 years,0.0
10000.0,2009-01-15,Auto Loan Paydown,611.0,24.38%,916xx,CA,4 years,0.0
25000.0,2009-03-20,credit card consolidation,656.0,26.09%,183xx,PA,8 years,0.0
10000.0,2009-04-16,A new beginning!,511.0,2.02%,792xx,TX,2 years,0.0
5000.0,2009-03-08,for business,620.0,1.72%,080xx,NJ,4 years,0.0
2000.0,2008-09-23,Paying for Grandparent's trip,761.0,9.43%,951xx,CA,< 1 year,0.0
15000.0,2008-02-07,baileyann,644.0,41.53%,606xx,IL,6 years,0.0
4000.0,2007-12-28,stesta97,641.0,5.86%,194xx,PA,5 years,0.0
14000.0,2008-10-25,consolidate all my credit cards debts,614.0,26.19%,988xx,WA,2 years,0.0
3500.0,2008-11-14,School tuition~Living expenses,704.0,29942.86%,809xx,CO,2 years,0.0
5000.0,2008-11-13,save a family,536.0,166.19%,104xx,NY,10+ years,0.0
4000.0,2008-04-10,Car,421.0,0%,432xx,OH,3 years,0.0
6500.0,2009-02-26,Bad Credit Personal Loan,551.0,54.61%,650xx,MO,10+ years,0.0
15000.0,2008-11-10,turn 7 payments into one,503.0,35.51%,344xx,FL,9 years,0.0
10000.0,2009-04-20,Unsecured Loan,686.0,5.98%,064xx,CT,5 years,0.0
1000.0,2009-05-07,Graduate School,506.0,136.75%,712xx,LA,< 1 year,0.0
6000.0,2009-01-13, ,706.0,10.25%,060xx,CT,10+ years,0.0
2000.0,2008-02-28,dmead,532.0,7.62%,926xx,CA,6 years,0.0
14500.0,2008-02-21,Dankyboy,619.0,35.72%,968xx,HI,10+ years,0.0
3500.0,2009-02-17,Help With Moving Expense,651.0,4.44%,070xx,NJ,< 1 year,0.0
11000.0,2009-01-03,personal,689.0,12.55%,145xx,NY,5 years,0.0
15000.0,2009-02-24,Annual Loan,681.0,37.75%,853xx,AZ,2 years,0.0
10000.0,2008-03-16,debt_consolidation,673.0,30.58%,074xx,NJ,< 1 year,0.0
1600.0,2008-11-04,Starting First Job Out of Grad School,527.0,11.01%,184xx,PA,2 years,0.0
5000.0,2009-04-07,Personal credit,659.0,26.75%,651xx,MO,5 years,0.0
10000.0,2008-11-04,Consolidate,597.0,48.46%,852xx,AZ,2 years,0.0
17000.0,2008-12-19, ,704.0,30.41%,331xx,FL,3 years,0.0
10000.0,2007-11-24,les129,662.0,6.95%,826xx,WY,3 years,0.0
2500.0,2008-05-11,Help me end my Payday Nightmare,568.0,17.74%,543xx,WI,5 years,0.0
4000.0,2009-01-13,A loan to fix my Credit,487.0,0.59%,982xx,WA,1 year,0.0
4000.0,2008-02-08,REXXXXXX,0.0,12.2%,078xx,NJ,1 year,0.0
8000.0,2008-11-19,John & Stacy's life ring,552.0,29.77%,805xx,CO,1 year,0.0
3500.0,2008-03-05,other,572.0,16.2%,331xx,FL,10+ years,0.0
500.0,2008-01-17,Jackcat,668.0,49.85%,611xx,IL,< 1 year,0.0
10000.0,2008-10-28,Seeking Loan,505.0,0%,633xx,MO,< 1 year,0.0
5000.0,2008-06-18,Business Expansion,647.0,24.4%,596xx,MT,10+ years,0.0
10000.0,2007-11-15,roadrunnerfastcash,725.0,8.21%,293xx,SC,4 years,0.0
7000.0,2009-01-11,personal loan,695.0,26.18%,759xx,TX,7 years,0.0
25000.0,2009-05-12,No one else has faith in me.,618.0,17.5%,761xx,TX,6 years,0.0
20000.0,2009-02-23, ,651.0,38.05%,705xx,LA,3 years,0.0
20000.0,2009-04-08,Unsecured Home Improvement Loan,779.0,8%,481xx,MI,4 years,0.0
8000.0,2009-05-08,seeking loan for son's education,574.0,4.67%,922xx,CA,5 years,0.0
2000.0,2008-04-07,Starting a Distribution Company,617.0,0%,890xx,NV,1 year,0.0
1000.0,2007-12-21,I lost time at work due to injury. I am looking to play catch up on some bills...if you can actually do that with 3 kids!!!,557.0,9.28%,535xx,WI,3 years,0.0
20000.0,2008-12-14,Credit Card Debt Consolidation,615.0,19.89%,115xx,NY,7 years,0.0
2300.0,2008-01-10,TRISH08,661.0,0%,104xx,NY,6 years,0.0
12000.0,2008-04-01,personal loan,698.0,55.29%,750xx,TX,< 1 year,0.0
1200.0,2008-03-28,my wifes monies,675.0,22.08%,531xx,WI,1 year,0.0
2500.0,2009-05-06,PAYOFF MEDICAL/DEBT,494.0,36.86%,841xx,UT,10+ years,0.0
4000.0,2009-03-26,Need a reliable car for family.,489.0,20.99%,181xx,PA,2 years,0.0
20000.0,2009-04-17,Need money for a wedding,723.0,0.54%,913xx,CA,< 1 year,0.0
3000.0,2008-08-26,Husband out of work,496.0,25.16%,070xx,NJ,1 year,0.0
6000.0,2008-05-03,I need a new car,434.0,0%,551xx,MN,4 years,0.0
9000.0,2008-08-05, ,679.0,14.84%,951xx,CA,1 year,0.0
3000.0,2007-06-18,whyte_smoke_187,569.0,10.04%,703xx,LA,1 year,0.0
20000.0,2008-01-12,olgranny,489.0,167.53%,584xx,ND,10+ years,0.0
5000.0,2008-12-01,Going through divorce need a car,484.0,1.53%,809xx,CO,< 1 year,0.0
3000.0,2007-11-28,home improvement,661.0,14.23%,321xx,FL,< 1 year,0.0
15000.0,2009-01-14,Credit Card Balance Reduction,625.0,23040%,107xx,NY,3 years,0.0
10000.0,2009-04-08,Getting back on track,542.0,60.45%,606xx,IL,< 1 year,0.0
6500.0,2009-01-15,personal loan,637.0,13.31%,088xx,NJ,< 1 year,0.0
3000.0,2007-10-18,ritchieray,565.0,1.47%,751xx,TX,3 years,0.0
5000.0,2008-04-07,home improving loan,425.0,19.38%,775xx,TX,< 1 year,0.0
22000.0,2009-03-28,Expansion,530.0,0%,923xx,CA,3 years,0.0
25000.0,2008-01-15,Prosperous1,631.0,21.55%,443xx,OH,10+ years,0.0
3000.0,2008-06-20,motorcycle purchase,616.0,19.05%,949xx,CA,< 1 year,0.0
7500.0,2008-08-26,Business Use,700.0,13.94%,346xx,FL,< 1 year,0.0
8500.0,2008-03-22,house loan,498.0,0%,295xx,SC,10+ years,0.0
6500.0,2008-07-23,In need of reliable transportation,480.0,15.89%,322xx,FL,< 1 year,0.0
9000.0,2008-11-16,Car loan,0.0,0%,600xx,IL,< 1 year,0.0
5500.0,2008-12-10,"I need to finish my course work, help?",491.0,6.78%,296xx,SC,< 1 year,0.0
2500.0,2009-05-12,Education Loan,467.0,0%,360xx,AL,< 1 year,0.0
20000.0,2009-03-10,Working funds,630.0,11.82%,151xx,PA,5 years,0.0
3500.0,2008-04-05,refi,682.0,8.94%,288xx,NC,10+ years,0.0
5000.0,2008-12-03,Business Capital,436.0,15.49%,767xx,TX,< 1 year,0.0
10000.0,2008-11-28,tylers loan?,724.0,19.4%,567xx,MN,5 years,0.0
10500.0,2008-10-28,Paying off Credit Cards,721.0,10.15%,600xx,IL,6 years,0.0
9000.0,2008-04-07,Credit Card pay off and closure,577.0,12.04%,060xx,CT,10+ years,0.0
15000.0,2008-01-24,debt_consolidation,727.0,21.68%,139xx,NY,10+ years,0.0
7000.0,2009-04-09,Moving21409,498.0,6.34%,214xx,MD,< 1 year,0.0
15000.0,2009-04-26,Business Loan for Growth,482.0,11.76%,331xx,FL,4 years,0.0
12000.0,2008-12-18,personal loan,727.0,0%,917xx,CA,< 1 year,0.0
25000.0,2007-11-02,woodruffs,662.0,10.2%,741xx,OK,10+ years,0.0
5000.0,2007-09-07,Woody6165,562.0,25.89%,275xx,NC,2 years,0.0
3000.0,2009-03-29,Biz Loan for Growing Web Design Company,452.0,5.16%,760xx,TX,8 years,0.0
1000.0,2009-04-18,Brothers Loan,699.0,76.43%,234xx,VA,1 year,0.0
2000.0,2008-04-26, ,615.0,0%,912xx,CA,< 1 year,0.0
5000.0,2009-05-10,Very short term loan needed,585.0,3.11%,021xx,MA,2 years,0.0
25000.0,2009-03-20,personal,569.0,272%,637xx,MO,6 years,0.0
25000.0,2009-05-11,"For College housing, consolidating debt ",561.0,0%,346xx,FL,1 year,0.0
25000.0,2007-07-31,Great Business Loan,636.0,65.8%,486xx,MI,1 year,0.0
7500.0,2008-04-09,Business start up,606.0,26.6%,852xx,AZ,< 1 year,0.0
3000.0,2007-12-11,help mike,544.0,19.86%,490xx,MO,2 years,0.0
4500.0,2009-03-08,Motorcycle Loan,0.0,0%,397xx,MS,< 1 year,0.0
2000.0,2007-11-19,skauhane,509.0,8%,967xx,HI,< 1 year,0.0
10000.0,2009-03-10, ,727.0,42.6%,936xx,CA,< 1 year,0.0
20000.0,2007-12-14,counselu,669.0,0%,970xx,OR,10+ years,0.0
1000.0,2008-10-21,NEED TO PAY FOR SCHOOL ASAP!,622.0,18.51%,331xx,FL,3 years,0.0
6000.0,2009-01-21,The smart one wants to go to college,0.0,8.42%,063xx,CT,< 1 year,0.0
10000.0,2009-02-11,Help me get Educated!,641.0,16.43%,982xx,WA,3 years,0.0
20000.0,2009-03-17,Refinance,765.0,30.03%,088xx,NJ,10+ years,0.0
5000.0,2008-11-11,WEDDING,643.0,26.61%,784xx,TX,10+ years,0.0
5000.0,2008-10-15, ,657.0,16.75%,606xx,IL,1 year,0.0
1000.0,2009-03-13,In need,390.0,27.53%,923xx,CA,< 1 year,0.0
9500.0,2008-07-22,Zero-out my Bad Debt,596.0,7.66%,626xx,IL,2 years,0.0
5600.0,2009-01-12, ,662.0,16.65%,199xx,DE,3 years,0.0
15000.0,2009-04-16, ,622.0,13%,210xx,MD,2 years,0.0
20000.0,2008-01-18,joe1365j,509.0,65.23%,336xx,FL,10+ years,0.0
25000.0,2008-12-10,Credit Card Refinance,669.0,35.54%,050xx,VT,3 years,0.0
10000.0,2009-03-25,Apartment building completion,747.0,9.24%,482xx,MI,1 year,0.0
1200.0,2008-06-27,just to get back on my feet,511.0,0%,208xx,MD,< 1 year,0.0
6800.0,2009-03-19,Help me get out of the credit card debt,682.0,4.47%,606xx,IL,7 years,0.0
7500.0,2008-06-26,personal loan ,660.0,13.36%,480xx,MI,2 years,0.0
20000.0,2007-12-07,irishgolfpro1,535.0,2.76%,028xx,MT,1 year,0.0
10000.0,2008-10-21,pay of credit cards and pay off a car lo,696.0,30.61%,430xx,OH,10+ years,0.0
4500.0,2007-09-17,G35Driver,650.0,33.36%,282xx,NC,< 1 year,0.0
3000.0,2008-07-25,education,486.0,2.28%,441xx,OH,< 1 year,0.0
5000.0,2008-01-15,Felter,584.0,16.69%,773xx,TX,3 years,0.0
7500.0,2007-08-22,Saleysmom,449.0,14.78%,496xx,MN,6 years,0.0
10000.0,2009-03-31,Business Loan,499.0,4.39%,295xx,SC,9 years,0.0
7500.0,2008-04-08,Pay Off High Interest Credit Cards,475.0,14.4%,377xx,TN,10+ years,0.0
6000.0,2009-02-18,Getting Back on My Feet,623.0,16.89%,437xx,OH,< 1 year,0.0
6000.0,2008-09-13,Debt Consolidation September 2008,521.0,0.6%,785xx,TX,10+ years,0.0
14000.0,2009-04-15,High interest debt consolidation,542.0,8.44%,070xx,NJ,1 year,0.0
25000.0,2009-01-26,Internet Start-up Working Capital,578.0,0%,300xx,GA,1 year,0.0
7500.0,2007-11-05,Jay Aiken,651.0,8.74%,300xx,GA,7 years,0.0
12500.0,2007-05-31,boardwalk,578.0,31.82%,775xx,TX,9 years,0.0
2000.0,2008-03-05,fwhfwhfwh,484.0,82.46%,841xx,UT,10+ years,0.0
25000.0,2009-03-19,start-up business loan,714.0,2.87%,550xx,MN,< 1 year,0.0
25000.0,2009-05-06,Rental Cabin,631.0,0%,727xx,AR,5 years,0.0
2900.0,2009-03-16,Car upgrades,666.0,3.31%,480xx,MI,< 1 year,0.0
1000.0,2008-04-07,Need help to get car paid off,556.0,9.68%,971xx,OR,2 years,0.0
2500.0,2008-07-21,Car Payment,486.0,0%,852xx,AZ,< 1 year,0.0
2500.0,2008-12-10,business loan,433.0,6.52%,454xx,OH,9 years,0.0
23000.0,2008-01-26,kimkc2,738.0,21.43%,921xx,CA,10+ years,0.0
20000.0,2008-02-26,Debt consolidation,698.0,7.05%,028xx,RI,8 years,0.0
16500.0,2009-02-20, ,660.0,32.27%,946xx,CA,8 years,0.0
5000.0,2008-04-07,Bunion Surgery,521.0,17.83%,762xx,TX,8 years,0.0
7500.0,2009-03-11,buying a used car,810.0,6.66%,972xx,OR,10+ years,0.0
5000.0,2008-03-15,home_improvement,626.0,19.6%,751xx,TX,< 1 year,0.0
10000.0,2009-02-04, ,710.0,25.9%,304xx,GA,10+ years,0.0
20000.0,2008-04-05,Consolidate debt,661.0,37.98%,917xx,CA,2 years,0.0
5000.0,2009-02-07, ,739.0,0.35%,981xx,WA,2 years,0.0
24000.0,2008-01-28,debt_consolidation,711.0,35.43%,283xx,NC,3 years,0.0
8000.0,2008-01-13,other,693.0,8.95%,265xx,WV,10+ years,0.0
5000.0,2007-09-26,harleywulffy,440.0,15.4%,751xx,TX,< 1 year,0.0
3500.0,2008-10-03,Need car to start junior college,647.0,13.44%,934xx,CA,3 years,0.0
25000.0,2009-03-28,For son's residency against bond.,688.0,37.56%,234xx,VA,1 year,0.0
5000.0,2008-04-05,HOME REPAIR,635.0,14.24%,708xx,LA,10+ years,0.0
2675.0,2009-03-16,School Loan,694.0,8%,554xx,MN,3 years,0.0
4000.0,2009-03-21,Education Loan,530.0,39.5%,926xx,CA,< 1 year,0.0
15000.0,2008-12-28,Travel Trailer Purchase,674.0,30.54%,923xx,CA,10+ years,0.0
20000.0,2008-03-19,Accessibility loan for home owner w/ MS,673.0,2.68%,900xx,CA,8 years,0.0
11400.0,2008-02-14,other,676.0,17.9%,645xx,MO,4 years,0.0
2000.0,2008-08-15,Computer and Debt,432.0,20.91%,384xx,TN,1 year,0.0
3500.0,2007-06-02,zminer,479.0,1.73%,805xx,CO,< 1 year,0.0
5000.0,2009-03-12, ,0.0,0%,786xx,TX,< 1 year,0.0
3000.0,2007-12-28,tom24,446.0,21.47%,626xx,IL,9 years,0.0
5000.0,2008-04-07,New Beginning,479.0,52.67%,629xx,IL,8 years,0.0
24000.0,2009-04-23,Relocation Loan,645.0,22.88%,327xx,FL,1 year,0.0
13300.0,2008-12-15, ,676.0,47.82%,029xx,RI,< 1 year,0.0
5000.0,2009-01-16,Debt Consolidation/Elimination,681.0,36.45%,010xx,MA,10+ years,0.0
1000.0,2008-05-21,Better Home,638.0,10.56%,787xx,TX,5 years,0.0
2000.0,2009-01-01,help me break free,497.0,19.34%,435xx,OH,8 years,0.0
25000.0,2008-12-03,CREDIT CARD LOWER RATE LOAN,673.0,87.53%,210xx,MD,2 years,0.0
15000.0,2009-02-05,Small Business Loan,647.0,9.94%,064xx,CT,< 1 year,0.0
15000.0,2009-04-28,New Business trying to GROW!,617.0,16.92%,782xx,TX,2 years,0.0
10000.0,2008-12-30,Business loan to purchase a horse,659.0,30.21%,320xx,FL,10+ years,0.0
1000.0,2008-11-12,Dental Emergency & Medical Emergency,499.0,18.94%,303xx,GA,< 1 year,0.0
12000.0,2009-05-05,1 bill,688.0,32.67%,782xx,TX,2 years,0.0
3000.0,2009-02-04,Moving Expenses,568.0,0%,900xx,CA,< 1 year,0.0
5000.0,2008-10-26,pay up debt,636.0,3.06%,945xx,CA,< 1 year,0.0
9000.0,2008-01-13,dill,620.0,53.03%,476xx,IN,10+ years,0.0
7500.0,2008-08-08,LOAN,601.0,31.6%,906xx,CA,2 years,0.0
4000.0,2008-09-03, ,785.0,0%,170xx,PA,1 year,0.0
1000.0,2009-01-22,Back on track,505.0,0%,128xx,NY,1 year,0.0
3000.0,2008-02-23,other,680.0,3.09%,782xx,TX,1 year,0.0
7000.0,2009-01-24,personal loan,542.0,1.04%,073xx,NJ,3 years,0.0
15000.0,2009-04-19,renovation ,687.0,0%,100xx,NY,5 years,0.0
1500.0,2008-12-20,Taking that next step!,667.0,45.99%,395xx,MS,1 year,0.0
20000.0,2009-03-06, ,701.0,109.6%,149xx,NY,2 years,0.0
15000.0,2008-07-20,ron's debt consolidation,609.0,9.31%,891xx,NV,< 1 year,0.0
5000.0,2008-05-06, ,656.0,32.04%,110xx,NY,4 years,0.0
5000.0,2008-08-30,pay debt,612.0,16.62%,333xx,FL,1 year,0.0
1000.0,2007-10-09,EDLYNN,492.0,6.29%,780xx,TX,9 years,0.0
20000.0,2008-02-11,debt_consolidation,647.0,56.2%,178xx,PA,10+ years,0.0
2500.0,2008-04-05,Truck loan,742.0,4.79%,531xx,WI,< 1 year,0.0
3500.0,2008-01-24,CC Consolidation,667.0,23.62%,802xx,CO,3 years,0.0
10000.0,2009-02-08,debt consolidation,695.0,35.19%,954xx,CA,10+ years,0.0
8000.0,2007-10-25,dallas cowboys,606.0,1.95%,016xx,MA,7 years,0.0
25000.0,2009-04-07,Secure & Good Faith Loan,0.0,0%,607xx,IL,9 years,0.0
15000.0,2008-03-16,loan for debt,669.0,5.89%,920xx,CA,10+ years,0.0
20000.0,2008-04-07,pay off old cards,529.0,19.04%,076xx,NJ,4 years,0.0
4000.0,2009-03-05,Credit Card,665.0,24.88%,129xx,NY,10+ years,0.0
8000.0,2009-02-18,Debt Consolidation,622.0,8.52%,785xx,TX,5 years,0.0
10000.0,2008-10-29, ,670.0,7.02%,916xx,CA,5 years,0.0
5500.0,2008-04-06,consolidate credit cards,620.0,12.33%,705xx,LA,4 years,0.0
4800.0,2008-10-14, ,649.0,35.51%,067xx,CT,9 years,0.0
2000.0,2008-12-30,payoff friend loan,492.0,1.42%,402xx,KY,5 years,0.0
15000.0,2008-12-26,Bridge Loan-Relocate Successful Business,654.0,23.96%,926xx,CA,5 years,0.0
2000.0,2008-08-04, ,687.0,0%,144xx,NY,< 1 year,0.0
10000.0,2008-12-25,Refinancing credit card,649.0,59.02%,112xx,NY,8 years,0.0
1000.0,2007-06-18,smollieolliepop,603.0,9.95%,760xx,TX,< 1 year,0.0
15000.0,2008-01-26,dustinwimbish,569.0,2.3%,241xx,LA,3 years,0.0
4500.0,2009-05-15,Consolidate Debt ,467.0,21.6%,716xx,AR,2 years,0.0
4000.0,2008-08-06,roof repair,649.0,81.06%,658xx,MO,10+ years,0.0
12000.0,2008-03-10,debt_consolidation,661.0,31.44%,483xx,MI,< 1 year,0.0
19650.0,2007-11-01,Looking to do home rennovations,662.0,2.83%,112xx,NY,7 years,0.0
2500.0,2008-09-30,Pay the tax man,605.0,43.18%,940xx,CA,10+ years,0.0
1000.0,2008-08-25,Need to Consolidate Credit Cards,485.0,29.33%,142xx,NY,2 years,0.0
6000.0,2008-03-13,Loan needed to consolidate debt,471.0,18.77%,530xx,WI,5 years,0.0
4000.0,2007-06-23,aliciaversteeg,666.0,6.12%,452xx,OH,< 1 year,0.0
6500.0,2009-04-18,Graduate Student Loan,675.0,261.82%,488xx,MI,< 1 year,0.0
10000.0,2009-05-17,Monthly Business Income Needs,647.0,157.7%,806xx,CO,1 year,0.0
10000.0,2008-04-02,Personal,640.0,29.73%,809xx,CO,1 year,0.0
2000.0,2008-04-08,SECONDCHANCE AT LIFE,558.0,19.97%,116xx,NY,8 years,0.0
25000.0,2008-04-07,Expansion of existing Bicycle Shop,654.0,7.1%,338xx,FL,3 years,0.0
10000.0,2008-01-13,SFerguson,509.0,21.95%,273xx,NC,5 years,0.0
8000.0,2007-12-01,debt_consolidation,646.0,24.96%,085xx,NJ,8 years,0.0
12000.0,2009-05-06,Career Training Loan,712.0,5.27%,900xx,CA,< 1 year,0.0
3000.0,2008-11-13,Please help a math student/server!,661.0,0%,946xx,CA,< 1 year,0.0
24716.0,2009-03-17, ,686.0,46.9%,072xx,NJ,5 years,0.0
4000.0,2009-04-26,surgery,543.0,0%,300xx,GA,5 years,0.0
5000.0,2008-07-24,I was in a car accident and lost my job,567.0,9.15%,068xx,CT,2 years,0.0
20000.0,2008-11-06,Pay Off Bank Loan,726.0,21.82%,605xx,IL,7 years,0.0
1500.0,2009-04-27,Saquan ,637.0,8.52%,197xx,DE,1 year,0.0
1000.0,2008-04-29,Personal,0.0,0%,148xx,NY,1 year,0.0
1000.0,2008-04-18,engagement ring,0.0,0%,553xx,MN,2 years,0.0
8000.0,2008-11-21,medical education,644.0,12.75%,782xx,TX,1 year,0.0
15000.0,2009-04-24, ,747.0,21.14%,080xx,NJ,1 year,0.0
10000.0,2007-11-10,Benmac,540.0,3.98%,454xx,OH,< 1 year,0.0
12000.0,2009-05-11,Consolidate debt and go back to school,541.0,1025.56%,430xx,OH,2 years,0.0
5000.0,2009-04-30,Yard upgrade for the kids ,702.0,20.21%,935xx,CA,1 year,0.0
15000.0,2008-01-13,rtemple,644.0,27.38%,750xx,TX,10+ years,0.0
9000.0,2009-04-11,Consolidate and Pay off Remaining Credit,621.0,14.17%,982xx,WA,1 year,0.0
6500.0,2008-06-01,Investing in business,631.0,51.84%,356xx,AL,6 years,0.0
1500.0,2009-04-15, ,710.0,2.5%,805xx,CO,3 years,0.0
6600.0,2009-02-04, ,630.0,12.15%,750xx,TX,< 1 year,0.0
10000.0,2009-01-27, ,669.0,25.73%,917xx,CA,< 1 year,0.0
2000.0,2009-04-10,Moving Expenses to Graduate School,638.0,38.64%,326xx,FL,4 years,0.0
1000.0,2009-03-13,Emergency Loan,509.0,16.56%,296xx,SC,2 years,0.0
2000.0,2009-04-30,medical bills,572.0,0%,775xx,TX,1 year,0.0
4500.0,2008-05-25,Paying off my Credit Card forever.,666.0,31.82%,939xx,CA,3 years,0.0
12000.0,2008-06-17,Getting up from under,639.0,4.17%,089xx,NJ,6 years,0.0
2000.0,2008-01-09,elverickf,560.0,0%,390xx,MS,4 years,0.0
12000.0,2008-01-13,ssb,611.0,26.15%,295xx,SC,1 year,0.0
5000.0,2009-01-23,to payoff laywer,0.0,0%,215xx,MD,< 1 year,0.0
7000.0,2008-04-29, ,672.0,14.31%,532xx,WI,1 year,0.0
16000.0,2009-04-01,Credit Card Debt,580.0,44.13%,346xx,FL,3 years,0.0
2100.0,2008-04-17,Moving Expenses,471.0,21.25%,720xx,AR,2 years,0.0
10000.0,2009-01-06,Auto Loan,687.0,15.99%,705xx,LA,1 year,0.0
3300.0,2008-04-03,Back on Top,536.0,0%,722xx,AR,6 years,0.0
7500.0,2008-04-08,Need to refinance existing loan,680.0,22.66%,300xx,GA,6 years,0.0
10000.0,2009-04-28,New Vehicle,433.0,15.16%,672xx,KS,< 1 year,0.0
10000.0,2009-03-24,loan,545.0,21.3%,019xx,MA,10+ years,0.0
4500.0,2008-03-27,moving south to fl,461.0,255.88%,307xx,GA,10+ years,0.0
5500.0,2009-01-22,down payment for a house,575.0,5.22%,490xx,MI,< 1 year,0.0
5000.0,2007-12-12,debt_consolidation,716.0,0.67%,320xx,FL,2 years,0.0
15000.0,2008-12-29,My New Start,636.0,29.64%,700xx,LA,3 years,0.0
5000.0,2008-01-06,Remodel Bathroom and Finish Basement,646.0,11.16%,441xx,OH,< 1 year,0.0
15000.0,2009-04-19,Jeanne,672.0,47.73%,935xx,CA,< 1 year,0.0
11000.0,2009-04-19,Chase,643.0,44.46%,484xx,MI,6 years,0.0
20000.0,2009-04-01,Expansion of business and working capito,650.0,18.6%,435xx,OH,8 years,0.0
9000.0,2009-02-08,for car financing,738.0,1.92%,481xx,MI,2 years,0.0
13950.0,2008-11-17,CONSOLIDATE,601.0,24.72%,775xx,TX,10+ years,0.0
12000.0,2008-11-03,Starting our new business!,664.0,48%,300xx,GA,2 years,0.0
10000.0,2009-05-15,honest christian looking for a loan,624.0,1%,907xx,CA,3 years,0.0
6889.83,2009-03-31, ,704.0,32.29%,483xx,MI,1 year,0.0
4700.0,2008-01-04,goldenman,480.0,22.06%,117xx,NY,5 years,0.0
20000.0,2008-04-05,Debt Consolidation,572.0,10.81%,183xx,PA,4 years,0.0
2000.0,2009-01-29, ,665.0,9.73%,128xx,NY,3 years,0.0
2900.0,2008-08-06,New Home-Owner to Consolidate Expenses.,596.0,12.85%,482xx,MI,3 years,0.0
1000.0,2008-11-07,Consolidation,629.0,33.88%,117xx,NY,< 1 year,0.0
7500.0,2008-10-04,Please Help me to reduce my Bills,504.0,18.89%,945xx,CA,2 years,0.0
20000.0,2008-11-20,Loan 1,724.0,8.53%,902xx,CA,< 1 year,0.0
2500.0,2009-04-20,School Tuition,485.0,11.04%,495xx,MI,< 1 year,0.0
1500.0,2009-04-13,CAR TAGS,0.0,0%,727xx,AR,< 1 year,0.0
21000.0,2009-03-16,with this loan.. i could..,738.0,6.02%,950xx,CA,10+ years,0.0
23500.0,2008-03-19,affordable workforce housing venture,805.0,3943.2%,303xx,GA,< 1 year,0.0
8000.0,2009-02-27,car note is over due & SCHOOL LOAN,474.0,148.46%,900xx,CA,10+ years,0.0
10000.0,2008-04-05,The Chucago Pollster Co.,417.0,1.35%,608xx,IL,6 years,0.0
5000.0,2007-11-17,heart attack aftermath,474.0,32.62%,370xx,TN,10+ years,0.0
8000.0,2009-01-10,Personal,680.0,17.91%,600xx,IL,10+ years,0.0
3500.0,2009-04-21,Needed for Summer School,423.0,70.8%,354xx,AL,2 years,0.0
6000.0,2008-08-02, ,639.0,5.03%,779xx,TX,1 year,0.0
15000.0,2009-03-27,Tax Foreclosed Properties,0.0,0%,774xx,TX,< 1 year,0.0
4000.0,2009-03-27,Will pay back within 2-3 months,560.0,11.21%,974xx,OR,< 1 year,0.0
5000.0,2008-04-09,Fulfilling our Daughter's Dream,501.0,36.36%,333xx,FL,4 years,0.0
1000.0,2008-01-21,Annaed,607.0,6.75%,640xx,MO,10+ years,0.0
1000.0,2008-05-27,My Future,503.0,9%,123xx,NY,< 1 year,0.0
2500.0,2008-07-14,Consolidate,534.0,39.03%,760xx,TX,2 years,0.0
5500.0,2007-11-03,miguelalamo,652.0,2.72%,115xx,NY,8 years,0.0
5000.0,2008-11-23,Energy Effiecient Upgrade to Home ,567.0,53.31%,596xx,MT,10+ years,0.0
5000.0,2009-01-08,Bills,779.0,28.36%,212xx,MD,2 years,0.0
6000.0,2008-04-17,Help to pay off high-rate credit cards.,642.0,15.04%,327xx,FL,1 year,0.0
3500.0,2009-04-02,pay off some bills start a new buissness,440.0,40%,498xx,MI,1 year,0.0
9000.0,2009-05-08, ,712.0,7.82%,294xx,SC,1 year,0.0
8000.0,2008-11-23,personal loan,443.0,23.3%,363xx,AL,< 1 year,0.0
18000.0,2009-05-11,Education,440.0,15.53%,750xx,TX,< 1 year,0.0
6000.0,2008-01-04,debt loan,657.0,15.33%,958xx,CA,4 years,0.0
1500.0,2009-01-18, ,686.0,28.09%,337xx,FL,10+ years,0.0
9000.0,2009-04-21,For school,547.0,12.22%,760xx,TX,2 years,0.0
4500.0,2008-05-17,Leasing w/ Option. Preparing for LSAT.,397.0,0%,312xx,GA,3 years,0.0
15000.0,2008-11-11,update basement loan,709.0,13.98%,535xx,WI,10+ years,0.0
10000.0,2008-12-26,emploeetheft,476.0,295.8%,980xx,WA,10+ years,0.0
3500.0,2009-04-10,Less Interest More Savings,504.0,1.16%,199xx,DE,4 years,0.0
3000.0,2008-04-07,Car Loan for Work,0.0,0%,120xx,NY,5 years,0.0
2500.0,2008-01-04,JMCCWILSON,529.0,0%,290xx,SC,< 1 year,0.0
7500.0,2008-10-04,Help improve foreclosed homes!,778.0,0.46%,853xx,AZ,8 years,0.0
4000.0,2007-10-24,josephchar,486.0,11.71%,109xx,NY,2 years,0.0
10000.0,2009-04-03,to open a store,550.0,2.73%,148xx,NY,< 1 year,0.0
1000.0,2008-01-04,dani1126,477.0,0.49%,296xx,SC,2 years,0.0
1500.0,2008-12-29,loan for a home,471.0,0%,718xx,AR,5 years,0.0
2500.0,2008-04-14,Need help with obtaining a loan,440.0,14.09%,871xx,NM,3 years,0.0
9900.0,2009-04-07, ,636.0,6.66%,194xx,PA,9 years,0.0
12000.0,2007-11-16,historyteacher,586.0,10.96%,850xx,AZ,2 years,0.0
7500.0,2008-09-19,Drowning in credit card debt.,581.0,32.15%,526xx,IA,10+ years,0.0
1000.0,2009-01-18,Need help paying for school!,546.0,12.2%,331xx,FL,1 year,0.0
6000.0,2008-04-05,Tour Vehicle for Band,574.0,1.4%,146xx,NY,1 year,0.0
4500.0,2008-06-25,Lower rates,529.0,167.93%,339xx,FL,3 years,0.0
15000.0,2008-02-11,Personal,694.0,29.74%,760xx,TX,10+ years,0.0
10000.0,2009-01-29,School and work loan,697.0,2.32%,070xx,NJ,< 1 year,0.0
20000.0,2008-11-17,personal loan,0.0,0%,297xx,SC,< 1 year,0.0
700.0,2007-11-30,emtmom,436.0,23.88%,473xx,IN,< 1 year,0.0
15500.0,2009-05-01, ,692.0,2.47%,197xx,DE,3 years,0.0
15000.0,2009-01-31,Refinance,761.0,31.1%,331xx,FL,2 years,0.0
2000.0,2009-05-03,LOAN FOR BILLS IN MY HOUSE,577.0,12.39%,630xx,MO,10+ years,0.0
8000.0,2008-11-04,In search of reliable transportation.,659.0,9.35%,554xx,MN,1 year,0.0
5000.0,2009-03-18,Car Repair,500.0,7.15%,302xx,GA,1 year,0.0
2000.0,2007-11-30,angelnhb,535.0,15.62%,276xx,NC,2 years,0.0
4000.0,2009-04-28,Consolidate Debt,706.0,2.2%,201xx,VA,4 years,0.0
25000.0,2008-01-20,seattle rose,687.0,29.73%,283xx,NC,9 years,0.0
15000.0,2008-03-18,Personal Loan - Please Help,528.0,0%,809xx,CO,10+ years,0.0
1500.0,2009-05-04,money down for appartment,679.0,17.17%,112xx,NY,2 years,0.0
13000.0,2009-01-20,Chanda's debt relief savior,446.0,7%,410xx,KY,1 year,0.0
20000.0,2009-04-08,"Car, Home and Land Package",756.0,0%,310xx,GA,< 1 year,0.0
10000.0,2008-12-01,purchase vehicle,594.0,29.61%,483xx,MI,10+ years,0.0
13000.0,2009-02-28,Working towards a debt free future!,707.0,11.34%,010xx,MA,1 year,0.0
7500.0,2008-06-18,Pay tuition bill at Tulane University,650.0,6%,291xx,SC,< 1 year,0.0
3000.0,2009-04-28,Pay many Things,687.0,31.15%,551xx,MN,10+ years,0.0
2000.0,2008-06-29,Prescription Drug Payout,632.0,15.68%,483xx,MI,< 1 year,0.0
800.0,2007-12-09,mrhodes11,490.0,0%,336xx,FL,1 year,0.0
6000.0,2008-09-22,Consolidation and Savings,513.0,24.3%,891xx,NV,1 year,0.0
12000.0,2009-04-19, ,680.0,29.75%,786xx,TX,< 1 year,0.0
7500.0,2008-11-04,Supplemental funds for upcoming move,547.0,0.26%,220xx,VA,2 years,0.0
25000.0,2008-11-17,Unsecured loan,672.0,12.36%,329xx,FL,2 years,0.0
15000.0,2008-04-05,Consolidate credit card debt,579.0,15.34%,490xx,MI,< 1 year,0.0
7500.0,2008-10-07,catch up to speed,529.0,10.12%,120xx,NY,2 years,0.0
15000.0,2007-09-21,Glen,617.0,11.71%,080xx,NJ,2 years,0.0
20000.0,2008-12-02,Consolidate debt,684.0,52.69%,320xx,FL,< 1 year,0.0
3000.0,2008-12-09,Help please,551.0,110.29%,655xx,MO,5 years,0.0
2000.0,2007-11-01,Consolidate debt,651.0,22.49%,145xx,NY,< 1 year,0.0
10000.0,2008-11-04,Going to school and paying off bills,543.0,1.86%,300xx,GA,1 year,0.0
7500.0,2009-03-17,Disabled Veteran Business Expansion,613.0,21.93%,280xx,SC,3 years,0.0
7000.0,2008-11-18,Wedding,493.0,19.6%,853xx,AZ,< 1 year,0.0
3500.0,2007-09-24,Ricky,448.0,5.75%,302xx,GA,10+ years,0.0
10000.0,2008-12-13,College Tuition costs are sky high,517.0,13.33%,207xx,MD,3 years,0.0
10000.0,2009-01-25,down payment,635.0,8.66%,209xx,MD,2 years,0.0
3000.0,2007-10-01,Help a family get back on their feet,481.0,38.96%,486xx,MI,10+ years,0.0
2000.0,2009-04-16,please help,597.0,10.21%,604xx,IL,10+ years,0.0
2000.0,2007-11-18,lb8946,494.0,51.96%,344xx,FL,< 1 year,0.0
10300.0,2008-04-05,Getting better rate for my credit card,640.0,15.7%,946xx,CA,2 years,0.0
2500.0,2008-08-04,Help Me Get to Medical School!,499.0,0%,444xx,OH,< 1 year,0.0
11000.0,2009-04-26,Getting control of my debt,656.0,27.06%,234xx,VA,9 years,0.0
5000.0,2009-02-18,Rebuilding Credit,419.0,21.97%,946xx,CA,1 year,0.0
20000.0,2008-01-18,major_purchase,737.0,0%,900xx,CA,10+ years,0.0
15000.0,2009-04-07, ,620.0,71.61%,210xx,MD,1 year,0.0
5000.0,2007-11-02,gbogan,603.0,4.6%,460xx,IN,8 years,0.0
25000.0,2008-10-19,finish of dream log home,649.0,39.2%,757xx,TX,10+ years,0.0
5000.0,2009-04-03,Franchise,748.0,14.2%,300xx,GA,10+ years,0.0
2500.0,2009-01-04,Debt Consolidation,565.0,3.2%,018xx,MA,5 years,0.0
8175.0,2007-12-19,personal loan,691.0,2.82%,923xx,CA,5 years,0.0
25000.0,2009-05-04,Fusion Wines,671.0,18.68%,070xx,NJ,2 years,0.0
22000.0,2009-02-21, ,766.0,42%,070xx,NJ,< 1 year,0.0
1000.0,2007-07-23,Animaluva,660.0,85%,334xx,FL,6 years,0.0
15800.0,2009-03-18, ,536.0,18.53%,891xx,NV,< 1 year,0.0
7500.0,2008-09-17,Borrowing Money At Lower Rate,440.0,46.47%,975xx,OR,< 1 year,0.0
2500.0,2008-12-16,debt consolidation,678.0,2.54%,482xx,MI,10+ years,0.0
2500.0,2007-09-17,cjsavannah,510.0,2.13%,323xx,FL,7 years,0.0
1000.0,2008-04-08,Medical Expenses,514.0,0%,852xx,AZ,1 year,0.0
6500.0,2009-04-18,Back Taxes,601.0,13.24%,125xx,NY,4 years,0.0
20000.0,2008-11-18,Debt consolidation,688.0,28%,344xx,FL,< 1 year,0.0
2000.0,2007-11-03,musky86,647.0,10.05%,307xx,GA,< 1 year,0.0
6200.0,2007-10-06,lowrychris,515.0,14.55%,327xx,FL,< 1 year,0.0
2000.0,2009-04-16,Student Loan,636.0,16.6%,489xx,MI,3 years,0.0
15000.0,2009-01-06,peggy's debt,676.0,19.46%,235xx,VA,6 years,0.0
1000.0,2008-12-13,personal,455.0,0%,645xx,MO,4 years,0.0
17000.0,2009-04-05,JMB,631.0,14.99%,807xx,CO,5 years,0.0
20000.0,2009-02-19,Single Moms Magazine in Utah,519.0,12.64%,841xx,UT,< 1 year,0.0
3000.0,2008-03-23,Pay down some credit cards,441.0,1.73%,073xx,NJ,10+ years,0.0
7500.0,2008-06-07,Rich,668.0,0%,170xx,PA,< 1 year,0.0
5000.0,2008-12-25,Getting Out Of Debt,637.0,30%,545xx,WI,5 years,0.0
10000.0,2008-01-19,ernurse,482.0,10.85%,351xx,AL,5 years,0.0
3000.0,2008-04-06,Property Taxes,534.0,14.25%,548xx,WI,10+ years,0.0
12000.0,2007-11-25,wirtanenj,628.0,29.25%,088xx,NJ,1 year,0.0
13000.0,2008-12-16, ,710.0,13.37%,977xx,OR,8 years,0.0
25000.0,2009-03-26,Selling one home- Need to pay difference,798.0,1.64%,227xx,VA,10+ years,0.0
1000.0,2009-01-05,Business loan,588.0,1.05%,970xx,OR,4 years,0.0
2000.0,2008-03-03,ASMALL,475.0,5.58%,346xx,FL,4 years,0.0
5000.0,2008-04-08,clean up credit,521.0,1.75%,908xx,CA,4 years,0.0
8000.0,2008-10-23,A loan to turn many payments into one,400.0,7.83%,217xx,MD,2 years,0.0
10000.0,2009-01-05,Refinancing Credit Card,620.0,12.85%,941xx,CA,2 years,0.0
1500.0,2009-03-29,hard workeing person looking for a loan ,537.0,0%,236xx,VA,2 years,0.0
1000.0,2009-04-08,Trying to make it on my own,474.0,279.93%,605xx,IL,< 1 year,0.0
600.0,2008-03-01,RAMGEN,464.0,11.98%,481xx,MI,10+ years,0.0
3500.0,2008-07-29,payoffsome stuff and get back on my feet,504.0,34.65%,761xx,TX,10+ years,0.0
3000.0,2009-04-18,air conditioners,395.0,4%,571xx,SD,< 1 year,0.0
1000.0,2008-11-16,pay some debt,440.0,23.94%,805xx,CO,2 years,0.0
5000.0,2008-03-13,Organize and payoff small rotating bills,472.0,26.4%,334xx,FL,5 years,0.0
9000.0,2009-04-04,Auto Loan,722.0,18.18%,704xx,LA,9 years,0.0
1500.0,2009-01-23,Short Term Loan ,491.0,17.28%,224xx,VA,< 1 year,0.0
10000.0,2008-11-11,Consolidate Debt to get back on Track ,443.0,12.27%,622xx,IL,4 years,0.0
18300.0,2009-01-29, ,699.0,41%,972xx,OR,2 years,0.0
1000.0,2008-08-25,Misc,0.0,0%,378xx,TN,8 years,0.0
9000.0,2007-08-09,walte123,431.0,0%,232xx,VA,1 year,0.0
2500.0,2008-10-13,Starting from Scratch,515.0,11.4%,320xx,FL,< 1 year,0.0
7500.0,2008-05-11,credit cards,648.0,17.94%,217xx,MD,< 1 year,0.0
1500.0,2008-12-01,pay for unseen car expence,816.0,16.67%,300xx,GA,< 1 year,0.0
6500.0,2008-07-19,PAYOFF DEBT IN 12 MONTHS & BE DEBT FREE!,594.0,34.43%,255xx,WV,9 years,0.0
10000.0,2008-12-29,Consolidate Please,567.0,7.05%,934xx,CA,1 year,0.0
5000.0,2008-11-11,personal loan,528.0,16.25%,443xx,OH,4 years,0.0
8000.0,2009-05-14,Need closing funds,613.0,18.66%,740xx,OK,< 1 year,0.0
10000.0,2009-04-19,refinance credit card debt,696.0,21.36%,629xx,IL,< 1 year,0.0
25000.0,2008-01-21,rawtaw,535.0,91.02%,326xx,FL,1 year,0.0
2800.0,2008-06-09,New Beginning and New Family,645.0,0.41%,452xx,OH,1 year,0.0
5000.0,2009-04-07,Personal,491.0,24.57%,117xx,NY,< 1 year,0.0
9500.0,2009-02-04, ,628.0,10.34%,551xx,MN,1 year,0.0
6450.0,2008-10-27,"Car Paid Off, Next Is Credit Card Debt",0.0,0%,770xx,TX,10+ years,0.0
2500.0,2009-01-07,TO BUY MY VERY FIRST CAR,0.0,1.79%,604xx,IL,< 1 year,0.0
15000.0,2009-02-08,House for Retirement Purposes,0.0,0%,327xx,FL,3 years,0.0
5000.0,2008-12-17,Immobilized DJ,0.0,0%,928xx,CA,1 year,0.0
15000.0,2007-12-07,mysaved22,677.0,26.92%,598xx,MT,2 years,0.0
10000.0,2009-02-08,HOME TIME WE HAVE A BABY ON THE WAY ,510.0,10.32%,774xx,TX,3 years,0.0
3000.0,2007-10-22,clear_purple,527.0,16.34%,637xx,MO,< 1 year,0.0
12000.0,2009-04-30, ,735.0,1.04%,900xx,CA,< 1 year,0.0
9500.0,2008-03-19,Insurance loan,556.0,28.91%,951xx,CA,2 years,0.0
10000.0,2009-03-09,student loan,529.0,7.92%,973xx,OR,1 year,0.0
6000.0,2008-12-19,personal,685.0,14.44%,805xx,CO,< 1 year,0.0
10000.0,2009-05-05,credit card debt be gone,640.0,24.18%,441xx,OH,< 1 year,0.0
6000.0,2009-03-24,Car,481.0,3.07%,300xx,GA,2 years,0.0
10000.0,2009-05-04, ,698.0,8.51%,301xx,GA,1 year,0.0
8500.0,2008-12-01,Pay off debts,645.0,44.54%,717xx,AR,1 year,0.0
10000.0,2008-04-07,Start Independent Consulting Firm,598.0,0%,631xx,MO,2 years,0.0
4500.0,2008-05-15,Deb,523.0,9.98%,371xx,TN,1 year,0.0
19000.0,2009-01-15,Investing in my future.,618.0,73.44%,127xx,NY,5 years,0.0
5500.0,2007-11-26,leroywilliams,412.0,27.83%,327xx,FL,1 year,0.0
5000.0,2009-04-15,fresh start,582.0,10.78%,505xx,IL,9 years,0.0
5000.0,2009-01-24,Whitney JONES,495.0,2923.2%,374xx,GA,1 year,0.0
2000.0,2007-11-30,debt_consolidation,658.0,1.26%,134xx,NY,10+ years,0.0
15000.0,2009-01-08,Wedding,752.0,1.91%,327xx,FL,10+ years,0.0
2000.0,2008-03-23,Credit Cards,559.0,21.75%,928xx,CA,3 years,0.0
2000.0,2009-03-08, ,670.0,29.7%,317xx,GA,2 years,0.0
25000.0,2008-02-18,Yanks08,746.0,32.28%,335xx,FL,< 1 year,0.0
2500.0,2008-11-04,Help start an organic clothing company,533.0,16.14%,722xx,AR,2 years,0.0
8000.0,2009-02-06,Consolidation,557.0,13.34%,559xx,MN,8 years,0.0
1000.0,2008-12-23,Starting Over,660.0,0%,223xx,VA,1 year,0.0
4000.0,2008-09-08,Consolidate high rate Debt,586.0,28.25%,554xx,MN,< 1 year,0.0
2000.0,2008-08-04,Debt Consolidation Loan,487.0,33.83%,322xx,FL,< 1 year,0.0
5000.0,2009-02-08,undergrad tuition for final semester,694.0,8.8%,489xx,MI,< 1 year,0.0
3500.0,2009-03-03,Debt consolidation,591.0,25.62%,633xx,MO,2 years,0.0
500.0,2007-12-07,Bank,712.0,38.93%,370xx,TN,2 years,0.0
3500.0,2008-05-08,Grass is greener now.,470.0,0%,770xx,TX,5 years,0.0
25000.0,2008-12-04,New Soldier looking to consolidate,435.0,11.94%,840xx,UT,2 years,0.0
3000.0,2008-10-10,need to graduate,622.0,3.7%,356xx,AL,< 1 year,0.0
5000.0,2008-11-14,Former Banker going into new career,648.0,40.23%,342xx,FL,< 1 year,0.0
1000.0,2008-09-24,To bring current and payoff 2 debts,619.0,1.4%,303xx,GA,3 years,0.0
25000.0,2007-12-17,Karmilah,471.0,0.93%,604xx,IL,1 year,0.0
6000.0,2008-08-26,Need a used car,524.0,46.72%,485xx,MI,8 years,0.0
20000.0,2009-03-12,Hedge,755.0,6.48%,950xx,CA,2 years,0.0
1000.0,2008-08-08,Personal Loan,532.0,5.5%,504xx,IA,2 years,0.0
5000.0,2007-11-04,jmignone,681.0,38.28%,300xx,GA,5 years,0.0
25000.0,2008-01-22,jvmcallister,596.0,28.94%,913xx,CA,< 1 year,0.0
5000.0,2007-10-29,beast41770,548.0,18.41%,853xx,AZ,4 years,0.0
15000.0,2008-11-19,Freedom intent,740.0,56.39%,053xx,VT,7 years,0.0
25000.0,2008-11-04,I need a new start,584.0,1.49%,330xx,FL,< 1 year,0.0
25000.0,2009-04-24,student loan ,0.0,0%,850xx,AZ,< 1 year,0.0
25000.0,2009-04-13,Environmental Testing Business,712.0,25.3%,032xx,NH,1 year,0.0
10000.0,2009-02-04, ,710.0,26%,304xx,GA,10+ years,0.0
9000.0,2009-03-23, ,692.0,20.84%,301xx,GA,1 year,0.0
1000.0,2009-04-20,car loan,639.0,4.09%,300xx,GA,2 years,0.0
12000.0,2009-03-09,FOR MY BEAUTIFUL DAUGHTER...,478.0,8.09%,606xx,IL,10+ years,0.0
20000.0,2008-04-18, ,709.0,0.59%,104xx,NY,10+ years,0.0
20000.0,2007-10-05,LEARNfromMISTAKES,613.0,8.55%,334xx,FL,< 1 year,0.0
7500.0,2008-04-11,Post Graduate Degree in Law tuition,0.0,0%,330xx,FL,5 years,0.0
5000.0,2009-05-16,NURSING SCHOOL,536.0,394.4%,923xx,CA,< 1 year,0.0
4000.0,2009-03-03,Taking Care of business,599.0,0.32%,422xx,KY,5 years,0.0
25000.0,2007-12-12,jbeck,660.0,20.92%,773xx,TX,2 years,0.0
10000.0,2008-12-16,my debt,658.0,15.85%,235xx,VA,1 year,0.0
15000.0,2008-03-18,other,668.0,21.83%,750xx,TX,< 1 year,0.0
2000.0,2007-10-03,jackiek30,416.0,3.36%,799xx,TX,< 1 year,0.0
625.0,2008-03-21,Navy Fed CC,564.0,4.2%,064xx,CT,2 years,0.0
22000.0,2009-04-14, ,731.0,26.56%,183xx,PA,3 years,0.0
10000.0,2009-05-11,college,494.0,0%,181xx,PA,< 1 year,0.0
10000.0,2009-04-25,Debt-free-in-3,690.0,33.04%,923xx,CA,2 years,0.0
2050.0,2008-02-12,jim86,634.0,75782.61%,935xx,CA,1 year,0.0
19000.0,2009-04-18,Personal or Line of Credit / Home Equity,757.0,18%,241xx,VA,10+ years,0.0
15000.0,2008-02-15,mickeyny,685.0,34.8%,112xx,NY,< 1 year,0.0
4000.0,2009-01-31,motorcycle loan,793.0,12.28%,427xx,KY,10+ years,0.0
10000.0,2008-11-17,Business upgrade,724.0,4.33%,333xx,FL,4 years,0.0
2500.0,2008-04-10,Paying off high interest Credit Card,396.0,1.89%,975xx,OR,1 year,0.0
5000.0,2008-10-09,Debt consolidation loan,0.0,0%,207xx,MD,2 years,0.0
10000.0,2008-06-20, ,625.0,20.71%,750xx,TX,6 years,0.0
5000.0,2008-10-26,Help me save money!,687.0,1.32%,601xx,IL,3 years,0.0
15000.0,2009-02-04,Paying off credit cards,687.0,40.52%,067xx,CT,5 years,0.0
10000.0,2009-01-11,Need LOC for Inventory Purchase,640.0,12.67%,780xx,TX,4 years,0.0
8000.0,2009-04-27,So close yet so far,475.0,0.55%,275xx,SC,10+ years,0.0
5000.0,2009-04-20,Student Loan,632.0,43.6%,287xx,SC,2 years,0.0
5000.0,2008-06-10, ,693.0,34.37%,779xx,TX,< 1 year,0.0
7500.0,2008-08-15,Looking for funds to start business,558.0,34.32%,920xx,CA,3 years,0.0
1000.0,2008-12-07,Car loan,425.0,2.5%,900xx,CA,3 years,0.0
15000.0,2008-01-01,debt_consolidation,651.0,22.32%,320xx,FL,< 1 year,0.0
1200.0,2009-03-22,Car Repair,515.0,9.26%,234xx,VA,< 1 year,0.0
1000.0,2009-05-14,"Money for Books, materials and transport",416.0,0%,913xx,CA,2 years,0.0
2500.0,2009-03-27,making the move,583.0,0%,731xx,OK,3 years,0.0
20000.0,2009-03-12,Tri-Cor investment LLC,601.0,11.64%,553xx,MN,< 1 year,0.0
5000.0,2008-06-15,Debt Consolidation,528.0,8.1%,916xx,CA,2 years,0.0
5000.0,2008-11-25,Consolidate debt for a better rate,599.0,6.62%,300xx,GA,10+ years,0.0
1000.0,2009-04-07,Dress for Success,0.0,0%,945xx,CA,2 years,0.0
5000.0,2008-09-22,Need a loan for my family moving expense,560.0,12.92%,371xx,TN,1 year,0.0
1500.0,2008-01-12,davideel,496.0,9.82%,754xx,TX,< 1 year,0.0
20000.0,2007-12-13,other,646.0,10.57%,100xx,NY,10+ years,0.0
3000.0,2007-10-24,jamincc01,622.0,13.39%,327xx,FL,1 year,0.0
20000.0,2008-01-17,debt_consolidation,749.0,5.23%,280xx,NC,2 years,0.0
10000.0,2009-03-30,personal,595.0,15.78%,765xx,TX,3 years,0.0
22500.0,2009-05-10, ,737.0,7.11%,951xx,CA,< 1 year,0.0
2000.0,2008-01-01,danigirl222,0.0,1.34%,104xx,NY,< 1 year,0.0
2500.0,2008-10-28,Just a little help...,698.0,7.06%,330xx,FL,< 1 year,0.0
1200.0,2008-04-28,Payoff,431.0,13.38%,112xx,NY,2 years,0.0
16500.0,2009-04-13, ,760.0,23.82%,241xx,VA,< 1 year,0.0
5000.0,2008-11-16,Truck Loan,597.0,0%,802xx,CO,1 year,0.0
22500.0,2009-04-05,Our Wedding,670.0,25.15%,141xx,NY,< 1 year,0.0
7000.0,2009-04-07,High interest rates on too many cards,628.0,10.37%,488xx,MI,< 1 year,0.0
6500.0,2009-01-08,Better results equal greater profits,666.0,3.7%,537xx,WI,< 1 year,0.0
3000.0,2009-04-21,Need A Car Asap!!!,0.0,0%,637xx,MO,1 year,0.0
6000.0,2007-10-31,sunset,671.0,34.06%,875xx,NM,< 1 year,0.0
7000.0,2009-02-11,Medical,798.0,0%,389xx,MS,< 1 year,0.0
23500.0,2008-11-14,Debt Consolidation from Wedding,690.0,14.22%,949xx,CA,< 1 year,0.0
3000.0,2009-03-24, ,712.0,26.3%,607xx,IL,3 years,0.0
10000.0,2007-12-17,raas,537.0,14.96%,945xx,CA,7 years,0.0
9000.0,2009-02-27, ,675.0,33.69%,327xx,FL,1 year,0.0
20000.0,2009-03-15,personal,676.0,2.86%,112xx,NY,3 years,0.0
500.0,2007-09-14,yeremeyv,494.0,13.36%,235xx,VA,< 1 year,0.0
15000.0,2009-01-16,to pay off a car loan.,656.0,18.69%,953xx,CA,4 years,0.0
1500.0,2008-12-24,Colorado,764.0,10.99%,146xx,NY,4 years,0.0
2000.0,2008-05-20,Consolidation Loan,642.0,7.47%,985xx,WA,< 1 year,0.0
6000.0,2009-03-10,Need assistance,520.0,21.26%,235xx,VA,10+ years,0.0
5000.0,2008-10-16, ,638.0,0.31%,436xx,OH,2 years,0.0
12500.0,2009-04-13,Money for Graduating College,656.0,72.9%,773xx,TX,< 1 year,0.0
5000.0,2008-08-12,Looking for a reasonable loan,631.0,23.31%,770xx,TX,< 1 year,0.0
4000.0,2008-04-14,charles wesley myers,444.0,5.03%,295xx,SC,< 1 year,0.0
5000.0,2009-04-25,BA Debt Cancel,454.0,22.65%,208xx,MD,< 1 year,0.0
15000.0,2008-10-22, ,658.0,20.58%,703xx,LA,10+ years,0.0
10500.0,2009-04-01, ,639.0,16.93%,604xx,IL,7 years,0.0
5000.0,2008-05-07,Desperate Need to pay Medical Expenses,602.0,49.67%,531xx,WI,10+ years,0.0
5000.0,2008-11-04,Family need,535.0,23.07%,785xx,TX,3 years,0.0
20000.0,2009-04-27,Family Debt Consolidation,511.0,12.14%,850xx,AZ,2 years,0.0
3500.0,2008-06-04,Computer,631.0,31.8%,456xx,OH,< 1 year,0.0
1500.0,2008-01-13,mr dj,416.0,0%,214xx,MD,1 year,0.0
3000.0,2009-04-30, ,671.0,19.45%,342xx,FL,1 year,0.0
20000.0,2009-03-12,Lucrative business investment,725.0,0.79%,600xx,IL,1 year,0.0
2000.0,2009-01-09,Pay Bills Off,494.0,6.48%,256xx,WV,< 1 year,0.0
7500.0,2008-04-08,Taxes,657.0,4.4%,330xx,FL,4 years,0.0
25000.0,2009-04-09,Fertility Treatment,763.0,9.47%,935xx,CA,10+ years,0.0
8000.0,2008-12-02,pay off fines and debts,0.0,0%,019xx,MA,6 years,0.0
7500.0,2008-03-09,Please help our wedding dreams come true,672.0,-1%,,,< 1 year,0.0
7500.0,2008-06-14,PAY OFF AMEX,753.0,3.67%,945xx,CA,3 years,0.0
7500.0,2008-09-04,Car Loan for used car,508.0,0%,949xx,CA,4 years,0.0
3000.0,2009-05-05,Paying for College,502.0,2.62%,630xx,MO,< 1 year,0.0
15000.0,2009-01-15,Personal Loan,664.0,30.2%,080xx,NM,< 1 year,0.0
1000.0,2008-04-06,"Have assets, rebuilding credit rating",641.0,5.55%,532xx,WI,3 years,0.0
1000.0,2009-03-18,edcation,569.0,50.28%,648xx,MO,3 years,0.0
7500.0,2008-07-24,consolidate smaller credit card balances,668.0,25.23%,410xx,KY,2 years,0.0
10000.0,2008-01-20,Jacqueline7241,604.0,9.5%,070xx,NJ,1 year,0.0
2000.0,2008-04-16,Purchasing A Burgman 650,0.0,0%,129xx,NY,< 1 year,0.0
5675.0,2009-05-11,Debt Free,497.0,12.07%,787xx,TX,5 years,0.0
1500.0,2009-01-05,Pay Off Credit Card Debt,636.0,13.24%,444xx,OH,10+ years,0.0
15000.0,2008-01-13,nurse08,664.0,14.93%,254xx,WV,3 years,0.0
15000.0,2008-01-14,elbepe,583.0,54.65%,234xx,VA,< 1 year,0.0
6000.0,2007-12-08,chelly,601.0,8.82%,469xx,IN,8 years,0.0
17250.0,2008-01-17,Swathwood1,651.0,22.6%,342xx,FL,1 year,0.0
25000.0,2008-11-16,Refinancing debt,601.0,15.81%,592xx,MT,10+ years,0.0
10000.0,2009-02-24,Credit Line,745.0,17.54%,982xx,WA,< 1 year,0.0
6800.0,2009-05-03,Bawaseer!!!,622.0,26.53%,112xx,NY,2 years,0.0
6000.0,2007-08-28,lhowell286,478.0,8.56%,104xx,NY,2 years,0.0
3000.0,2009-03-29,vehicle,461.0,38.08%,725xx,AR,3 years,0.0
15000.0,2008-12-09,get all credits paid off to get educatio,466.0,37.09%,810xx,CO,1 year,0.0
1500.0,2008-10-15,Bills,0.0,0%,080xx,NJ,1 year,0.0
20000.0,2008-11-11,Startup Funds for Unique Business 18%,410.0,1.46%,212xx,MD,2 years,0.0
6000.0,2009-05-04, ,696.0,29.66%,142xx,NY,3 years,0.0
15000.0,2007-12-05,other,661.0,28.31%,077xx,NJ,10+ years,0.0
7500.0,2008-07-30,Wedding Loan,643.0,6.05%,773xx,TX,< 1 year,0.0
3000.0,2008-06-19,Business Expenses,595.0,2.16%,346xx,FL,9 years,0.0
6000.0,2009-05-14,Time to stop paying for yesterday. ,534.0,1.78%,125xx,NY,10+ years,0.0
4000.0,2007-12-05,ewgf2002,498.0,0%,218xx,MD,1 year,0.0
25000.0,2008-11-04,Expansion Capital,526.0,4.86%,945xx,CA,2 years,0.0
10475.0,2008-01-13,paying off debts,657.0,7.26%,480xx,MI,10+ years,0.0
10000.0,2009-03-24, ,624.0,19.89%,150xx,PA,3 years,0.0
5000.0,2009-01-17, ,691.0,34.25%,198xx,DE,1 year,0.0
2000.0,2008-03-21,High Interest Rate Bills Need Paid Off,533.0,33.92%,469xx,IN,< 1 year,0.0
10000.0,2009-02-03, ,0.0,0%,238xx,VA,2 years,0.0
10000.0,2008-01-16,anabellemayo,0.0,0%,207xx,MD,6 years,0.0
12500.0,2008-10-20,Debt Free Around the Corner,639.0,29.63%,799xx,TX,9 years,0.0
15000.0,2009-01-15,Den's Loan Request,701.0,64.19%,147xx,NY,8 years,0.0
5000.0,2008-12-05,Attorney,402.0,3.3%,768xx,TX,< 1 year,0.0
6500.0,2009-03-22,jeep,580.0,19.06%,571xx,SD,< 1 year,0.0
20000.0,2009-03-12,Working Capital Loan,623.0,47.91%,908xx,CA,8 years,0.0
5500.0,2008-06-23,Pay off credit cards with one payment!,667.0,26.27%,923xx,CA,< 1 year,0.0
25000.0,2008-10-17,Business Expansion,684.0,2.32%,782xx,TX,1 year,0.0
20000.0,2009-01-19, ,709.0,33.15%,761xx,TX,3 years,0.0
25000.0,2008-01-24,larue,649.0,16.56%,531xx,WI,10+ years,0.0
500.0,2007-11-24,janene 55,506.0,3.1%,807xx,CO,6 years,0.0
8000.0,2008-12-28,credit card debt ,515.0,0%,995xx,AK,< 1 year,0.0
25000.0,2009-04-27,Marketing & Operations Capital,715.0,31.47%,980xx,WA,< 1 year,0.0
15000.0,2008-03-25,Business Loan,646.0,20.13%,331xx,FL,3 years,0.0
25000.0,2008-01-14,sissie7,636.0,26.03%,956xx,CA,< 1 year,0.0
25000.0,2009-04-29,personal  loan,0.0,29.14%,350xx,AL,1 year,0.0
5000.0,2008-08-22,paying bills from knee replacement,502.0,331.06%,891xx,NV,9 years,0.0
14000.0,2008-01-04,Hoping somebody granted my wish,701.0,18.72%,981xx,WA,3 years,0.0
2500.0,2008-12-30,Looking for a helping hand,373.0,21.88%,220xx,VA,< 1 year,0.0
15000.0,2009-03-17,car loan,522.0,0%,282xx,NY,7 years,0.0
5000.0,2007-09-07,Unsecured personal loan,684.0,0.39%,112xx,NY,8 years,0.0
4550.0,2008-01-14,bakari-08,423.0,22.13%,328xx,FL,1 year,0.0
2000.0,2008-03-17,Starting a new career,630.0,15.36%,322xx,FL,1 year,0.0
5000.0,2009-05-12,Student Loan,646.0,25.44%,952xx,CA,1 year,0.0
4000.0,2009-02-12,Lending Hand,534.0,13.01%,752xx,TX,2 years,0.0
6000.0,2007-12-04,other,680.0,35.1%,871xx,NM,8 years,0.0
20000.0,2009-01-25,Need Assistance to Start Used Car Dealer,691.0,30.37%,301xx,GA,2 years,0.0
6000.0,2009-01-23,Pay Off Debt,389.0,3.41%,114xx,NY,2 years,0.0
5000.0,2009-05-14,Having a baby,608.0,16.38%,770xx,TX,1 year,0.0
5000.0,2008-10-25,for plane ticket,522.0,23.7%,012xx,MA,2 years,0.0
3500.0,2009-05-14,Home Tax,585.0,14.79%,346xx,FL,7 years,0.0
17275.0,2008-10-26,Credit Card Debt Consolidation,716.0,21.63%,186xx,PA,8 years,0.0
20000.0,2008-04-03,working capital for advertising business,649.0,34.62%,186xx,PA,10+ years,0.0
24800.0,2008-12-07,Klever1,731.0,34.5%,850xx,AZ,< 1 year,0.0
4000.0,2009-03-07, ,741.0,17.55%,206xx,MD,3 years,0.0
15000.0,2009-01-11,personal loan,500.0,0%,441xx,OH,< 1 year,0.0
9000.0,2009-04-29,Student,552.0,11.72%,300xx,GA,2 years,0.0
25000.0,2007-10-12,fmmaster,572.0,4.71%,210xx,MD,10+ years,0.0
3000.0,2009-02-17, ,665.0,2.4%,802xx,CO,9 years,0.0
15000.0,2007-10-23,mobile home loan,687.0,3.23%,952xx,CO,5 years,0.0
5000.0,2009-04-27,Education,0.0,0%,283xx,SC,< 1 year,0.0
7500.0,2008-05-16,education for the future,617.0,62.84%,775xx,TX,10+ years,0.0
10000.0,2008-11-06,Trying to get ahead...,695.0,3.3%,327xx,FL,6 years,0.0
15000.0,2007-12-11,BetterTimes,656.0,28.77%,301xx,GA,10+ years,0.0
7000.0,2008-11-05,Please help me pay off my student debt,660.0,39.64%,974xx,OR,7 years,0.0
10000.0,2009-04-22,Keeping my finances under control,697.0,0.6%,730xx,OK,4 years,0.0
7500.0,2008-04-07,debt consolidation,616.0,30.92%,871xx,NM,< 1 year,0.0
9000.0,2008-02-28,debt_consolidation,633.0,31.34%,182xx,PA,10+ years,0.0
6000.0,2009-03-30,buying a new car,0.0,0%,344xx,FL,1 year,0.0
4000.0,2009-04-01,Help with Education,485.0,243.36%,387xx,MS,3 years,0.0
20000.0,2009-02-02, ,712.0,32.58%,021xx,MA,10+ years,0.0
1000.0,2008-03-21,Hope is just around the corner,474.0,51.87%,462xx,IN,< 1 year,0.0
20000.0,2007-10-29,GetARide,648.0,29.47%,088xx,NJ,4 years,0.0
2500.0,2009-04-10,car repair loan,435.0,16.65%,191xx,PA,8 years,0.0
7000.0,2009-05-17,Motorcycle purchase loan,651.0,4.94%,011xx,MA,< 1 year,0.0
3725.0,2007-10-14,lost valley 5631,582.0,13.94%,630xx,MO,< 1 year,0.0
25000.0,2007-10-27,hootiesmom28,590.0,7.93%,080xx,NJ,9 years,0.0
1000.0,2009-04-14,Consolidate payments,697.0,377%,110xx,NY,< 1 year,0.0
23000.0,2009-05-04,Inground Pool Project,672.0,224.05%,177xx,PA,< 1 year,0.0
1000.0,2009-04-17,college loan,408.0,17%,449xx,OH,< 1 year,0.0
18000.0,2008-11-04,Car Finance,495.0,4.16%,945xx,CA,1 year,0.0
14900.0,2009-04-25,Consolidating debt-paying back family,622.0,6.14%,100xx,NY,2 years,0.0
1000.0,2008-06-27,Need to pay off credit card ,574.0,15.72%,601xx,IL,< 1 year,0.0
500.0,2007-10-16,jennywren623,498.0,0%,530xx,WI,6 years,0.0
7500.0,2008-04-20,card payoff 1,638.0,23.91%,751xx,TX,1 year,0.0
10000.0,2008-12-28,Getting my life back,621.0,39.43%,986xx,WA,3 years,0.0
19500.0,2009-05-04, ,657.0,10%,442xx,OH,2 years,0.0
5000.0,2009-04-01,Debt Consolidation Loan,669.0,25.81%,088xx,NJ,1 year,0.0
7500.0,2008-06-01,Must Change Career,531.0,5.25%,100xx,NY,< 1 year,0.0
10000.0,2008-10-17,Pay off high interest credit cards!,684.0,44.74%,685xx,KS,< 1 year,0.0
3500.0,2009-03-09,motorcycle loan,574.0,0%,104xx,NY,< 1 year,0.0
5000.0,2009-03-18, ,704.0,21.87%,329xx,FL,6 years,0.0
20000.0,2008-12-12,personal loan ,619.0,63.53%,322xx,FL,< 1 year,0.0
4500.0,2009-01-13, ,669.0,19.49%,672xx,KS,1 year,0.0
1000.0,2009-04-15,Matthew,668.0,13.9%,226xx,VA,6 years,0.0
5000.0,2008-02-21,major_purchase,711.0,9.91%,957xx,CA,2 years,0.0
1500.0,2008-02-11,drw36,568.0,3.55%,191xx,PA,3 years,0.0
5000.0,2007-11-12,tigger,592.0,3%,349xx,FL,10+ years,0.0
5000.0,2008-09-15,Please Help a Young Girl! ,618.0,19.8%,980xx,WA,1 year,0.0
3750.0,2008-06-24,Repairing my credit ,571.0,2.2%,972xx,OR,10+ years,0.0
7200.0,2008-02-12,for paying some bills,679.0,16.23%,078xx,NJ,10+ years,0.0
15175.0,2009-04-20,College Education,623.0,0%,553xx,MN,4 years,0.0
3000.0,2009-02-23,Consolidation and payment of debt,0.0,0%,941xx,CA,< 1 year,0.0
15000.0,2008-04-02,Debt Consolidation/payment Reduction,474.0,16.24%,322xx,FL,4 years,0.0
5000.0,2007-11-29,other,659.0,12.42%,112xx,NY,10+ years,0.0
8000.0,2007-12-23,LeeLee,488.0,0%,100xx,NY,< 1 year,0.0
1700.0,2007-12-15,RogerC,580.0,8.94%,941xx,CA,6 years,0.0
15000.0,2008-10-30,Credit rebuilding Loan,429.0,21.39%,440xx,OH,8 years,0.0
15000.0,2009-01-12,Sips N Strokes franchise,669.0,7.59%,300xx,GA,1 year,0.0
7500.0,2009-01-28,finishing funds for cinematic endeavor,731.0,3.18%,331xx,FL,4 years,0.0
1000.0,2008-01-17,"I'm starting my second semester of college, and my family and I need help covering some of the tuition left over after federal grants and loans.",0.0,0%,070xx,NJ,< 1 year,0.0
2300.0,2007-11-27,smalltowngirl,597.0,54.44%,294xx,SC,< 1 year,0.0
15000.0,2008-12-29,vacation plans,0.0,0%,435xx,OH,10+ years,0.0
20000.0,2009-03-12, ,775.0,3.41%,452xx,OH,3 years,0.0
4000.0,2008-04-19,Consolidation,641.0,64.07%,357xx,AL,7 years,0.0
12000.0,2009-04-08, ,680.0,1.5%,950xx,CA,4 years,0.0
2000.0,2008-11-16,single mother needs help with 2 children,453.0,14.94%,805xx,CO,< 1 year,0.0
2500.0,2008-02-28,debt_consolidation,635.0,10.6%,900xx,CA,8 years,0.0
7000.0,2008-10-14,Mastercard PayOff,736.0,29.24%,917xx,CA,6 years,0.0
15000.0,2008-02-04,debt_consolidation,632.0,14.15%,919xx,CA,10+ years,0.0
5500.0,2008-07-31, ,743.0,30.21%,308xx,GA,9 years,0.0
25000.0,2009-05-15,Business loans for start up company,641.0,14.64%,850xx,AZ,4 years,0.0
22200.0,2008-12-03,motorcycle loan,613.0,17.06%,245xx,VA,1 year,0.0
7500.0,2008-04-22,Trying to finish school,511.0,2.47%,945xx,CA,3 years,0.0
20000.0,2009-02-18, ,635.0,14.37%,085xx,NJ,3 years,0.0
5000.0,2007-10-15,Mrrick,638.0,36.33%,125xx,NY,1 year,0.0
25000.0,2007-09-19,nuggib,681.0,47.61%,790xx,TX,5 years,0.0
15000.0,2007-12-28,major_purchase,749.0,1.05%,275xx,NC,10+ years,0.0
2000.0,2008-11-15,public,438.0,10.8%,920xx,CA,5 years,0.0
10000.0,2009-01-07,Working Capital,575.0,6.39%,100xx,NY,1 year,0.0
4000.0,2009-05-06,private loan,430.0,1.66%,336xx,FL,1 year,0.0
6000.0,2009-05-04, ,649.0,4.52%,207xx,MD,1 year,0.0
3000.0,2008-02-16,vic99,793.0,61.2%,803xx,CO,1 year,0.0
20000.0,2008-01-13,Glenn,638.0,16.22%,142xx,NY,6 years,0.0
5000.0,2009-05-13,single mom first home,661.0,19%,301xx,GA,< 1 year,0.0
2000.0,2009-03-24,Personal Loan,673.0,0%,334xx,FL,1 year,0.0
3000.0,2008-02-01,keggy6,576.0,28.77%,370xx,TN,10+ years,0.0
10000.0,2008-01-17,Rangerman,541.0,0%,645xx,MO,< 1 year,0.0
20000.0,2009-05-08,Making my home better,662.0,26.63%,495xx,MI,1 year,0.0
5000.0,2008-07-28, ,0.0,0%,600xx,IL,5 years,0.0
20000.0,2008-12-14, ,741.0,27.35%,852xx,AZ,5 years,0.0
5000.0,2008-04-30,One Payment,647.0,28.52%,452xx,OH,< 1 year,0.0
14000.0,2009-02-03, ,684.0,10.76%,721xx,AR,1 year,0.0
15000.0,2009-02-10,annajamesobezyanaemanualchasu,655.0,9.36%,750xx,TX,1 year,0.0
3500.0,2008-06-16,School Payments,588.0,25.76%,660xx,KS,3 years,0.0
7000.0,2008-06-04,Consolidation,680.0,14.87%,921xx,CA,1 year,0.0
2000.0,2007-11-16,gamommie,514.0,0%,305xx,GA,2 years,0.0
1200.0,2008-06-24,Cleaned up the house; bills R next!!,528.0,0%,181xx,PA,1 year,0.0
25000.0,2008-04-06,Starting my own Karaoke Business ,517.0,33.03%,852xx,AZ,3 years,0.0
1200.0,2009-03-07,For credit card bills,648.0,5.94%,495xx,MI,< 1 year,0.0
7500.0,2008-08-24,Securities Portfolio,659.0,0.72%,853xx,AZ,1 year,0.0
24000.0,2009-04-27, ,818.0,6.52%,119xx,NY,9 years,0.0
12750.0,2009-05-10,Trying not to sweat the small stuff...,755.0,40.84%,981xx,WA,< 1 year,0.0
16000.0,2008-01-09,personal,715.0,0.33%,331xx,FL,7 years,0.0
12000.0,2008-11-08, ,730.0,23.19%,077xx,NJ,7 years,0.0
13800.0,2009-01-24,Create a Basement Apartment,670.0,13.44%,840xx,UT,7 years,0.0
3000.0,2008-03-10,buisness,605.0,-1%,,,< 1 year,0.0
10000.0,2009-01-21, ,711.0,2.44%,913xx,CA,3 years,0.0
3000.0,2009-05-08,Selling my home need help with expenses.,727.0,27.32%,644xx,MO,10+ years,0.0
12000.0,2009-01-16,Family finance loan ,483.0,8.06%,981xx,WA,2 years,0.0
20000.0,2009-01-29,Acquisition Money and Automobile Financi,621.0,44.73%,103xx,NY,8 years,0.0
3000.0,2009-02-16,U of I Springfield Graduate Loan,697.0,4.91%,617xx,IL,< 1 year,0.0
25000.0,2009-04-04,Angel Babies Clothing,433.0,9.81%,853xx,AZ,1 year,0.0
25000.0,2008-11-07,DEBT RELIEF,516.0,0%,324xx,FL,3 years,0.0
5000.0,2008-07-12,Been working so hard...just need a boost,531.0,18.86%,422xx,KY,< 1 year,0.0
5000.0,2008-09-12,legitimate chance,551.0,21.08%,338xx,FL,7 years,0.0
7500.0,2008-05-01,Help a young family with no insurance.,447.0,18.12%,278xx,NC,< 1 year,0.0
2000.0,2009-04-21,Car accident,557.0,17.16%,410xx,KY,1 year,0.0
1000.0,2008-11-21,Please help needy military family,437.0,29.83%,799xx,TX,5 years,0.0
4000.0,2009-04-28,credit card,482.0,1142.12%,334xx,FL,9 years,0.0
5000.0,2009-05-10,Opera Study Loan,0.0,0%,972xx,OR,< 1 year,0.0
6000.0,2008-10-01,Help me consolidate my credit card debt,697.0,26.23%,773xx,TX,5 years,0.0
5000.0,2009-03-31,Personal Loans,683.0,1.91%,933xx,CA,6 years,0.0
15000.0,2008-12-18,Business Expansion Loan,672.0,3.46%,772xx,TX,10+ years,0.0
15000.0,2008-01-21,bigmax,698.0,42.24%,120xx,NY,10+ years,0.0
4000.0,2008-11-24, ,636.0,12.63%,113xx,NY,1 year,0.0
1500.0,2008-12-12,Car,481.0,25.5%,018xx,MA,1 year,0.0
8000.0,2009-03-25,Paying off credit cards,700.0,15.54%,120xx,NY,10+ years,0.0
5000.0,2008-04-07,getting out of debt,564.0,0%,463xx,IN,2 years,0.0
1500.0,2008-04-11,Need Medical Expense Loan,452.0,23.23%,275xx,NC,4 years,0.0
6000.0,2008-12-02,Last Semester of College,763.0,24000%,481xx,MI,< 1 year,0.0
11000.0,2008-11-08,personal loan,539.0,1.56%,286xx,SC,3 years,0.0
3500.0,2009-05-05,Capital inflow for my business,646.0,35.18%,805xx,CO,10+ years,0.0
3000.0,2008-12-22,to fix my car,0.0,0%,444xx,OH,< 1 year,0.0
5000.0,2008-04-02,Medical School Supplement,553.0,72%,940xx,CA,1 year,0.0
1000.0,2009-03-17,bills,665.0,22.15%,880xx,NM,2 years,0.0
1200.0,2009-04-15,Re-establish own credit,518.0,17.99%,218xx,MD,3 years,0.0
3000.0,2008-12-24,Getting rid of a High Interest CC,730.0,33.48%,933xx,CA,< 1 year,0.0
25000.0,2008-02-14,fph36,662.0,68.73%,232xx,VA,7 years,0.0
17000.0,2008-11-20,Getting better rate than BOA/HSBC CC,728.0,28.41%,442xx,OH,7 years,0.0
13900.0,2009-05-11,Ducati Refinance,672.0,29.04%,920xx,CA,1 year,0.0
25000.0,2008-10-29,Credit Card Refinance,645.0,39.55%,600xx,IL,1 year,0.0
4000.0,2008-08-13,Personal / Pay off debt,462.0,11.43%,564xx,MN,7 years,0.0
12000.0,2008-02-13,rdunlavy,592.0,33.81%,770xx,TX,< 1 year,0.0
5000.0,2008-06-24,Education Loan,672.0,0.4%,871xx,NM,3 years,0.0
3700.0,2009-04-16,PROPERTY TAXES,555.0,20.73%,207xx,MD,10+ years,0.0
1450.0,2008-12-17,Debt Consolidation loan,522.0,29.15%,920xx,CA,10+ years,0.0
1500.0,2009-03-31, ,625.0,21.61%,727xx,AR,1 year,0.0
6000.0,2009-03-24,Just totaled vehicle,400.0,42.53%,707xx,LA,< 1 year,0.0
7000.0,2009-01-09,Payoff Car Loan ,543.0,11.35%,900xx,CA,5 years,0.0
10000.0,2008-10-13, ,674.0,33.27%,945xx,CA,< 1 year,0.0
12000.0,2009-04-27,Consolidate for school,724.0,1164%,843xx,UT,< 1 year,0.0
1500.0,2008-10-22,medical for the kids,441.0,10.53%,604xx,IL,10+ years,0.0
9000.0,2008-03-29,Debt consolidation,479.0,23.95%,640xx,MO,< 1 year,0.0
25000.0,2008-10-18,loan 6.99 apr,738.0,20.95%,958xx,CA,6 years,0.0
15000.0,2008-01-08,debt_consolidation,608.0,10.73%,750xx,TX,10+ years,0.0
9500.0,2008-05-22,consolidate three small loans to one,474.0,8.38%,975xx,OR,2 years,0.0
2000.0,2009-04-08,Loan for Wife's Education,558.0,21.71%,891xx,NV,10+ years,0.0
2000.0,2008-05-06,personal,421.0,21.52%,322xx,FL,2 years,0.0
4000.0,2008-10-16,Student ,656.0,0%,190xx,PA,< 1 year,0.0
10000.0,2007-12-14,Consolidate Debt,523.0,17.35%,490xx,MI,1 year,0.0
2000.0,2008-12-28,marrage,592.0,7.56%,992xx,WA,1 year,0.0
4000.0,2008-02-26,giavonnaj,592.0,19.2%,070xx,NJ,1 year,0.0
1800.0,2008-12-09, ,695.0,9.07%,117xx,NY,2 years,0.0
15000.0,2008-03-28,Business Loan,465.0,0%,891xx,NV,< 1 year,0.0
12000.0,2009-04-15,private student loan,661.0,45.96%,900xx,CA,10+ years,0.0
15000.0,2008-12-29,Debt Consolidate,461.0,16.03%,707xx,LA,10+ years,0.0
7500.0,2008-06-16,Ewok Needs Money,476.0,1.41%,225xx,VA,10+ years,0.0
2500.0,2008-12-29,Need Cash for enought cash for two month,473.0,54.54%,980xx,WA,< 1 year,0.0
10000.0,2009-03-30,Living Loan,542.0,0%,065xx,CT,1 year,0.0
2500.0,2008-04-09,personal loan,500.0,18%,780xx,TX,5 years,0.0
5000.0,2008-05-12,loan needed for stressful life events,539.0,22.54%,074xx,NJ,7 years,0.0
3000.0,2008-08-08,kitchen,627.0,60.14%,070xx,NJ,4 years,0.0
8000.0,2009-05-17,need to purchase a car,475.0,0%,774xx,TX,6 years,0.0
3000.0,2008-06-19,Wedding,548.0,15.09%,532xx,WI,1 year,0.0
6000.0,2008-08-12,patsy mccoy,634.0,57%,717xx,AR,< 1 year,0.0
15000.0,2008-03-21,refinance,633.0,21.45%,064xx,CT,3 years,0.0
10000.0,2009-02-25,Refinancing credit cards,649.0,11.03%,581xx,MN,2 years,0.0
5000.0,2008-06-19,Please Help Save Home From Foreclosure!,500.0,15.56%,611xx,IL,< 1 year,0.0
8000.0,2009-03-17,Mad At Credit Card Companies,685.0,7.68%,290xx,SC,< 1 year,0.0
10000.0,2008-03-16,debt_consolidation,653.0,33.28%,626xx,IL,< 1 year,0.0
12000.0,2009-05-04, ,716.0,40.98%,028xx,RI,< 1 year,0.0
13500.0,2008-11-06, ,714.0,29.36%,368xx,AL,10+ years,0.0
3000.0,2008-03-04,sleeveless,468.0,27.58%,030xx,NH,10+ years,0.0
10000.0,2009-04-08,consoilidation credit cards,679.0,34.07%,906xx,CA,4 years,0.0
3000.0,2009-05-13,Loan for Land Contract,401.0,18.56%,444xx,OH,< 1 year,0.0
15000.0,2009-01-27, ,656.0,91.7%,840xx,UT,< 1 year,0.0
7500.0,2008-04-13,Personal ,634.0,22.67%,626xx,IL,3 years,0.0
25000.0,2009-05-05,Continuing My Education,666.0,17.65%,132xx,NY,< 1 year,0.0
8250.0,2008-11-06,Business start up cost,635.0,17.22%,993xx,WA,2 years,0.0
25000.0,2008-01-28,kyshona,684.0,36.89%,761xx,TX,10+ years,0.0
15000.0,2009-01-20,Home Remodeling Project,594.0,10.08%,330xx,FL,4 years,0.0
1500.0,2009-04-20, ,725.0,12.47%,238xx,VA,3 years,0.0
5000.0,2008-10-21,"credit card debt,please help",404.0,19.86%,440xx,OH,< 1 year,0.0
10000.0,2008-03-21,Bill Pay Off,568.0,15.46%,212xx,MD,< 1 year,0.0
5000.0,2008-12-11,helpinghand,511.0,20.8%,304xx,GA,3 years,0.0
6000.0,2008-02-02,other,693.0,36.22%,262xx,WV,10+ years,0.0
5000.0,2008-12-22,for tuition,627.0,0.64%,967xx,HI,< 1 year,0.0
25000.0,2007-11-25,asphaltjohn,576.0,17.87%,630xx,MO,5 years,0.0
3500.0,2008-11-07, ,645.0,18.24%,490xx,MI,< 1 year,0.0
5000.0,2009-05-06,paying off credit card debt,630.0,126.95%,441xx,OH,< 1 year,0.0
1000.0,2009-02-02,Paying off 2 outstanding loans,569.0,0%,432xx,OH,< 1 year,0.0
15000.0,2009-02-07,Debt consolidation,646.0,14.24%,294xx,SC,10+ years,0.0
5000.0,2008-03-25,major_purchase,648.0,7.76%,083xx,NJ,< 1 year,0.0
20000.0,2008-01-29,debt_consolidation,696.0,37.94%,136xx,NY,10+ years,0.0
15000.0,2009-05-12,Bbusiness Expansion of current business,0.0,0%,302xx,GA,10+ years,0.0
2500.0,2008-08-09,Need help in Court Case..,467.0,0%,275xx,NC,< 1 year,0.0
15700.0,2008-03-17,want to get out!!,770.0,45.4%,170xx,PA,5 years,0.0
2600.0,2008-10-20,Family Vacation,659.0,11.01%,957xx,CA,3 years,0.0
20000.0,2009-03-09, ,766.0,2.46%,427xx,KY,< 1 year,0.0
4500.0,2008-12-10, ,741.0,51.06%,136xx,NY,9 years,0.0
5000.0,2009-01-17,consolidate debt,529.0,17.19%,075xx,NJ,3 years,0.0
25000.0,2008-01-24,slurrymaster,568.0,72.48%,661xx,KS,9 years,0.0
7500.0,2008-07-26,debt,576.0,15.43%,852xx,AZ,6 years,0.0
5000.0,2007-08-23,oucutiern,419.0,13.76%,741xx,OK,1 year,0.0
7500.0,2008-10-05,college graduate in serious debt,417.0,1.5%,207xx,MD,3 years,0.0
16000.0,2009-03-21, ,643.0,21.4%,335xx,FL,2 years,0.0
12000.0,2009-02-23,Help develop a dream,594.0,15.86%,334xx,FL,4 years,0.0
1000.0,2008-11-17,debt consolidation,535.0,3.63%,296xx,SC,3 years,0.0
1500.0,2009-03-25,Pay off debt,595.0,21.46%,958xx,CA,3 years,0.0
10000.0,2009-02-19, ,654.0,12.51%,806xx,CO,4 years,0.0
7500.0,2008-05-22,Consolidating credit cards,658.0,44.52%,853xx,AZ,1 year,0.0
6000.0,2008-12-02,Request to Borrow - secured loan ok,558.0,12.78%,980xx,WA,4 years,0.0
20000.0,2008-01-13,ocastillo,605.0,36.61%,333xx,FL,9 years,0.0
10000.0,2009-05-06,purchase newer equipment,518.0,1.87%,752xx,TX,2 years,0.0
5000.0,2009-04-25,catch up,558.0,0%,017xx,MA,2 years,0.0
20000.0,2008-11-07, ,592.0,31.76%,300xx,GA,< 1 year,0.0
20000.0,2008-04-07,new start,463.0,1.19%,430xx,OH,6 years,0.0
1500.0,2008-06-24,Maxim,705.0,22.33%,063xx,CT,10+ years,0.0
2000.0,2007-06-24,biblioteach,505.0,1.82%,287xx,NC,10+ years,0.0
20000.0,2009-04-18,Wind Energy Technology Education,481.0,17.76%,811xx,CO,7 years,0.0
20000.0,2008-11-07, ,716.0,28.89%,615xx,IL,1 year,0.0
10000.0,2007-11-23,grandpop2k8,0.0,0%,198xx,CT,4 years,0.0
25000.0,2009-04-06,Cass City Property,756.0,25.06%,486xx,MI,10+ years,0.0
3000.0,2008-12-26,THE Dream ,441.0,42.87%,296xx,SC,2 years,0.0
7500.0,2009-04-27,looking to get back on track,539.0,10.23%,760xx,TX,2 years,0.0
10000.0,2009-02-03,Wedding,603.0,33.88%,548xx,WI,< 1 year,0.0
1500.0,2007-12-04,major_purchase,711.0,0.31%,314xx,GA,2 years,0.0
7500.0,2008-05-07,Coast To Coast Outdoor,446.0,0%,926xx,CA,10+ years,0.0
10000.0,2009-04-16,Continue My Education,0.0,21.6%,902xx,CA,< 1 year,0.0
2500.0,2008-04-23,Children's Talent Consulting firm,500.0,4.29%,946xx,CA,9 years,0.0
5000.0,2008-12-09,Help!,551.0,31.6%,314xx,GA,< 1 year,0.0
8000.0,2008-03-14,debt_consolidation,683.0,2.94%,951xx,CA,< 1 year,0.0
25000.0,2009-04-27,Loan backed by 1st position mortgage,717.0,15.21%,151xx,PA,6 years,0.0
25000.0,2008-04-06,consolidate credit cards,681.0,14.32%,331xx,FL,1 year,0.0
7500.0,2009-04-27, ,682.0,28.21%,760xx,TX,2 years,0.0
8000.0,2008-01-03,debt_consolidation,661.0,156.07%,492xx,MI,10+ years,0.0
15000.0,2009-04-29,Student Seeking Money for Education,680.0,1.38%,173xx,PA,1 year,0.0
6000.0,2008-02-10,thanks4considering,443.0,21.91%,381xx,TN,9 years,0.0
15000.0,2007-10-18,Personal loan,679.0,8.67%,300xx,GA,< 1 year,0.0
25000.0,2009-05-10,REO investing,637.0,9.26%,852xx,AZ,2 years,0.0
6000.0,2007-11-10,ahill,564.0,2.04%,010xx,MA,< 1 year,0.0
14500.0,2009-03-18, ,689.0,25.69%,415xx,KY,< 1 year,0.0
6000.0,2009-05-14,Pay off medical bills,650.0,9.98%,191xx,PA,2 years,0.0
10000.0,2009-01-28,Small Business Loan for Project LifeWork,580.0,15.49%,330xx,FL,< 1 year,0.0
15000.0,2008-07-18,Refinancing Business Loan,627.0,66.02%,804xx,CO,4 years,0.0
4000.0,2008-11-06,Tuition/consolidate debt,496.0,17.08%,981xx,WA,3 years,0.0
6500.0,2008-03-23,Finacial ajustments due to divorce,717.0,44.01%,766xx,TX,3 years,0.0
7500.0,2008-09-11,Credit Card Consolidation,650.0,48.58%,431xx,OH,< 1 year,0.0
15000.0,2008-03-19,time to turn my debt around.,672.0,22.66%,463xx,IN,< 1 year,0.0
9500.0,2009-03-23,Auto,0.0,390%,148xx,NY,1 year,0.0
4000.0,2008-11-16,Appliances / dept consolidation,573.0,18.25%,703xx,LA,4 years,0.0
15000.0,2008-03-07,debt_consolidation,724.0,36.86%,034xx,NH,< 1 year,0.0
2500.0,2008-01-20,Lorri,491.0,16.06%,465xx,IN,3 years,0.0
5000.0,2009-01-06,Payoff a credit card,521.0,24.35%,453xx,OH,3 years,0.0
5000.0,2009-05-17,Single mom covered college for two,684.0,7.65%,481xx,MI,< 1 year,0.0
16500.0,2007-11-23,debt_consolidation,765.0,41.19%,070xx,NJ,10+ years,0.0
7500.0,2008-08-01,MONEY FOR USC AND SMALL BUSINESS ,579.0,9.1%,902xx,CA,7 years,0.0
5000.0,2008-04-15,TIRED OF STRUGGLING,0.0,0%,958xx,CA,10+ years,0.0
7500.0,2008-06-17,Debt Consolidation,607.0,18.79%,201xx,VA,1 year,0.0
10000.0,2008-12-27, ,673.0,35.8%,413xx,KY,< 1 year,0.0
10000.0,2008-02-05,PayItOff70,636.0,22.98%,190xx,PA,10+ years,0.0
6000.0,2008-03-01,Crystal,668.0,21.84%,322xx,FL,< 1 year,0.0
3500.0,2007-12-02,hockeymn889,478.0,0%,668xx,KS,2 years,0.0
7500.0,2008-02-23,NO more 27% interest,593.0,8.85%,235xx,VA,2 years,0.0
2600.0,2009-02-04,Payoff Utility bills and have extra mone,496.0,0%,591xx,MT,4 years,0.0
25000.0,2008-03-02,fmckeague,669.0,4.98%,480xx,MI,6 years,0.0
2500.0,2008-11-29,Tough times loan,479.0,17.1%,158xx,PA,< 1 year,0.0
25000.0,2008-11-06,KievStore-InternationalGroceryStore&Café,647.0,10.2%,972xx,OR,3 years,0.0
10000.0,2008-04-05,moving cost more than expected,0.0,0%,337xx,FL,3 years,0.0
25000.0,2007-11-24,ladycochran,465.0,21.64%,280xx,NC,10+ years,0.0
5000.0,2007-12-03,sgriffin21224,415.0,1.07%,212xx,MD,< 1 year,0.0
3550.0,2008-08-18,A new start,490.0,132.48%,956xx,CA,< 1 year,0.0
4000.0,2009-04-24,TUITION LOAN,536.0,0.56%,317xx,GA,6 years,0.0
2000.0,2008-12-29,After Christmas bills,652.0,35.47%,707xx,LA,3 years,0.0
10000.0,2008-03-02,debt_consolidation,699.0,35.96%,341xx,FL,4 years,0.0
20000.0,2008-02-03,other,735.0,28.78%,234xx,VA,4 years,0.0
5000.0,2009-04-04,re-establish credit,611.0,15.47%,152xx,PA,5 years,0.0
10000.0,2009-03-14,consolidate to buy a home,648.0,7.63%,100xx,NY,1 year,0.0
5000.0,2009-04-29,Summer Educational Loan,692.0,714000%,640xx,MO,10+ years,0.0
10000.0,2008-01-20,discover,733.0,24.15%,760xx,TX,< 1 year,0.0
10000.0,2009-04-21,Studen Loan for son,505.0,17.38%,786xx,TX,5 years,0.0
15000.0,2008-01-13,Time To Wipe Out CC Debt,723.0,15.29%,980xx,WA,8 years,0.0
10000.0,2009-05-04,Wedding,552.0,42.9%,641xx,MO,< 1 year,0.0
4300.0,2007-11-25,major_purchase,670.0,90.63%,278xx,NC,2 years,0.0
10000.0,2009-02-06,Ravenswood Building,751.0,34.99%,261xx,WV,10+ years,0.0
2500.0,2008-06-13,To start a business,523.0,26.07%,800xx,CO,< 1 year,0.0
10000.0,2009-03-30,credit card bills,744.0,4.89%,767xx,TX,6 years,0.0
1000.0,2008-10-30,Hungry Student,526.0,0%,926xx,CA,< 1 year,0.0
15000.0,2009-01-10,Contractors Fee,713.0,65.84%,070xx,NJ,4 years,0.0
10000.0,2009-02-24,bike loan,612.0,4.18%,864xx,AZ,9 years,0.0
2500.0,2007-10-11,tahoetiara,528.0,6%,980xx,WA,< 1 year,0.0
3000.0,2008-10-20,needs to borrow money for vacation,659.0,15600%,957xx,CA,3 years,0.0
25000.0,2009-01-25,Cash Flow,712.0,41.49%,300xx,GA,10+ years,0.0
15000.0,2009-04-23,Re: school loans,617.0,25.67%,932xx,CA,5 years,0.0
5000.0,2008-01-27,kenvess,459.0,27.95%,958xx,CA,< 1 year,0.0
1500.0,2008-06-29,moving,505.0,0%,923xx,CA,1 year,0.0
9500.0,2009-03-17,Refinancing my car,702.0,21.55%,111xx,NY,5 years,0.0
25000.0,2008-01-13,ffriedel,686.0,14.75%,303xx,GA,1 year,0.0
3000.0,2009-04-04,I need a personal loan.,557.0,5.43%,158xx,PA,< 1 year,0.0
5000.0,2008-03-13,Advertising for Small Bussiness,636.0,0%,331xx,FL,1 year,0.0
10000.0,2009-02-23,mortgage,478.0,18.15%,290xx,SC,6 years,0.0
1000.0,2008-07-21,Dell Training,430.0,3.84%,850xx,AZ,< 1 year,0.0
15000.0,2009-03-24,Back2school,725.0,19.67%,330xx,FL,3 years,0.0
15000.0,2008-12-16,student,446.0,0%,065xx,CT,2 years,0.0
3000.0,2009-04-07, ,675.0,1.96%,606xx,IL,1 year,0.0
3300.0,2009-05-12,cosmetology education,569.0,14.16%,086xx,NJ,1 year,0.0
1000.0,2008-03-18,Looking for a job. Need to pay bills,711.0,4%,913xx,CA,1 year,0.0
2800.0,2009-05-12,Motorcycle,698.0,21.5%,430xx,OH,< 1 year,0.0
4000.0,2009-02-05,consolidation,0.0,0%,293xx,SC,< 1 year,0.0
2500.0,2007-11-05,aalvg,482.0,0.52%,300xx,GA,10+ years,0.0
9000.0,2008-06-25, ,619.0,16.13%,105xx,NY,1 year,0.0
12500.0,2009-04-28,Start-up Business Loan,604.0,3.06%,117xx,NY,< 1 year,0.0
2000.0,2008-02-29,zach33781,516.0,0%,521xx,IA,< 1 year,0.0
13000.0,2008-11-24,Oro wheat,517.0,29.84%,857xx,AZ,2 years,0.0
20000.0,2009-02-23, ,524.0,9.1%,902xx,CA,2 years,0.0
25000.0,2008-01-23,GCL1,457.0,0%,981xx,WA,3 years,0.0
7000.0,2008-04-17,Seeking help with credit card debt.,501.0,11.36%,314xx,GA,2 years,0.0
3000.0,2008-11-18,Need Help so we can get back on our feet,488.0,0%,056xx,VT,< 1 year,0.0
6500.0,2009-02-18,Personal Loan,739.0,5.42%,077xx,NJ,6 years,0.0
1500.0,2007-08-09,oneals,0.0,0%,350xx,AL,3 years,0.0
10000.0,2009-03-16, ,735.0,20.3%,606xx,IL,10+ years,0.0
5000.0,2008-03-07,Cash Call refi ,597.0,3.57%,641xx,MO,7 years,0.0
10000.0,2009-01-07,UNLV Loan,808.0,0.51%,891xx,NV,1 year,0.0
7000.0,2008-01-13,Dez0770,576.0,16.89%,161xx,PA,3 years,0.0
12000.0,2007-11-29,rayrayray31,683.0,31.03%,761xx,TX,1 year,0.0
25000.0,2008-10-17,SEASONED INVERTOR BUYING MORE PROPERTY,644.0,33.94%,604xx,IL,1 year,0.0
5000.0,2008-02-10,jarydk311,601.0,61.56%,701xx,LA,1 year,0.0
10000.0,2009-04-22,consolidate debt into one payment,545.0,0%,461xx,IL,2 years,0.0
7500.0,2008-11-22,To get out of debt,469.0,43.6%,710xx,LA,< 1 year,0.0
1600.0,2008-10-22,Single Mother needing small assistance ,492.0,0%,294xx,SC,3 years,0.0
3000.0,2008-11-07,Consolidate debt,535.0,24.43%,402xx,KY,1 year,0.0
25000.0,2008-03-17,To be on track with personal finance,566.0,85.85%,958xx,CA,1 year,0.0
3000.0,2007-07-08,mom2gjs,565.0,3.25%,664xx,KS,< 1 year,0.0
10000.0,2008-12-05,Starting a Family,650.0,2.25%,981xx,WA,2 years,0.0
3200.0,2008-05-05,Better credit card rates,562.0,6.72%,550xx,MN,10+ years,0.0
2000.0,2007-12-12,texas ranger,426.0,20.19%,769xx,TX,10+ years,0.0
5275.0,2008-03-13,Funding of my on-going Internet Business,504.0,36.82%,463xx,IN,7 years,0.0
3000.0,2009-04-26,lawyer retainer fee,673.0,0.96%,104xx,NY,1 year,0.0
17000.0,2008-02-10,MDENHAM,600.0,15.15%,302xx,GA,4 years,0.0
14500.0,2009-05-11,Loan to Finance a Year of College,660.0,0%,149xx,NY,< 1 year,0.0
15000.0,2009-01-28,Improvements,656.0,11.26%,810xx,CO,10+ years,0.0
800.0,2007-11-23,Ronnie,520.0,0%,109xx,NY,2 years,0.0
2800.0,2008-12-19,just4meloan,0.0,0%,161xx,PA,5 years,0.0
2500.0,2008-02-15,stevenr,534.0,10.99%,532xx,WI,3 years,0.0
11000.0,2007-12-21,debt_consolidation,634.0,56.8%,770xx,TX,4 years,0.0
1500.0,2007-05-27,mdrigo,509.0,9.43%,209xx,MD,< 1 year,0.0
7500.0,2009-04-17, ,775.0,16.96%,327xx,FL,10+ years,0.0
2000.0,2008-12-18,need money for  Rent ,464.0,18.59%,921xx,CA,10+ years,0.0
10000.0,2009-04-28,Student Loan,499.0,81%,757xx,TX,< 1 year,0.0
6500.0,2007-06-11,Sammy,512.0,1.84%,021xx,MA,9 years,0.0
5000.0,2008-03-26,consolidation loan,538.0,22.21%,775xx,TX,4 years,0.0
18000.0,2009-04-05,Cottage Purchase,658.0,10.06%,430xx,OH,4 years,0.0
5000.0,2008-06-23,fix the bathroom,522.0,16.51%,441xx,OH,10+ years,0.0
5000.0,2009-04-06, ,699.0,9.19%,334xx,FL,1 year,0.0
10000.0,2009-03-09,Emergency Loan,538.0,1.3%,100xx,NY,< 1 year,0.0
21992.0,2008-03-26,debt_consolidation,629.0,128.08%,494xx,MI,< 1 year,0.0
25000.0,2008-11-19,adoption loan,689.0,26.11%,300xx,GA,10+ years,0.0
23000.0,2008-04-07,Pay Down Debts,645.0,370.37%,423xx,KY,4 years,0.0
1500.0,2008-12-09,Reducing my payments to one payment.,587.0,0%,553xx,MN,1 year,0.0
20000.0,2009-04-05, ,788.0,18.16%,972xx,OR,< 1 year,0.0
10000.0,2007-12-17,home_improvement,626.0,26.34%,310xx,GA,10+ years,0.0
15000.0,2007-12-15,debt_consolidation,648.0,49.42%,338xx,FL,10+ years,0.0
5000.0,2008-04-07,car loan and funiture,416.0,11.83%,146xx,NY,10+ years,0.0
5000.0,2008-11-15,Mother in need.,0.0,1.37%,935xx,CA,< 1 year,0.0
7500.0,2009-01-15,Bar Review Loan,623.0,2.76%,432xx,OH,< 1 year,0.0
5000.0,2007-06-05,baileykearns,552.0,1.6%,450xx,OH,2 years,0.0
7500.0,2009-01-19,Finance my current order backlog,586.0,17.09%,300xx,GA,5 years,0.0
10000.0,2008-10-29,Pay off high interest store cards,587.0,20.52%,953xx,CA,1 year,0.0
5000.0,2008-01-28,Bullrunacres,546.0,15.46%,400xx,KY,2 years,0.0
1500.0,2008-10-27,Help me to get a better bathroom.,490.0,0.63%,946xx,CA,10+ years,0.0
5000.0,2008-04-09,Need A New Computer,620.0,15.24%,112xx,NY,2 years,0.0
2500.0,2008-07-03,Personal loan,734.0,5.37%,021xx,MA,2 years,0.0
10000.0,2009-01-26, ,730.0,45.92%,727xx,AR,< 1 year,0.0
10000.0,2009-02-14,personal loan,571.0,3.08%,908xx,CA,9 years,0.0
1000.0,2008-11-04,car purchace,519.0,0%,481xx,MI,2 years,0.0
15000.0,2008-04-06,Loan Needed ,532.0,10.51%,951xx,CA,< 1 year,0.0
12000.0,2009-05-14,Looking for some help,472.0,0%,550xx,MN,< 1 year,0.0
7000.0,2008-04-07,Music Equipment Isn't cheap,0.0,0%,342xx,FL,4 years,0.0
3000.0,2008-01-24,brisbysmama,596.0,22.09%,891xx,NV,10+ years,0.0
25000.0,2008-10-17,Money Needed To Expand My Business.,559.0,6.11%,531xx,WI,10+ years,0.0
2000.0,2007-12-11,misskim,596.0,15.99%,112xx,NY,10+ years,0.0
8000.0,2007-11-05,supreme,469.0,3.07%,300xx,GA,< 1 year,0.0
15000.0,2009-04-24,Invest In Education,707.0,4944%,864xx,AZ,< 1 year,0.0
7100.0,2008-10-17,Thomas Unversity Private Loan,704.0,14.06%,398xx,GA,3 years,0.0
14000.0,2009-04-08,School loan,0.0,0%,197xx,DE,10+ years,0.0
3000.0,2008-03-28,Help me pay for college,624.0,23.95%,981xx,WA,2 years,0.0
6000.0,2008-10-24,Economical Scooter,683.0,7.58%,325xx,FL,< 1 year,0.0
15000.0,2009-05-05,Credit Card Relief,511.0,53.52%,482xx,MI,1 year,0.0
5000.0,2008-04-07,pay-off,543.0,365.08%,190xx,PA,10+ years,0.0
4000.0,2008-11-10,mortgage refi,576.0,17.5%,925xx,CA,< 1 year,0.0
10000.0,2009-02-27, ,734.0,29.27%,027xx,MA,10+ years,0.0
3000.0,2008-04-01,Personal loan,441.0,0.42%,992xx,WA,10+ years,0.0
12450.0,2009-01-18,Fund Kitchen Rennovation,641.0,5.28%,073xx,NJ,7 years,0.0
1000.0,2009-05-05,My Medical bill,714.0,0%,321xx,FL,< 1 year,0.0
25000.0,2009-03-14,Raders,526.0,49.54%,633xx,MO,6 years,0.0
8000.0,2009-03-11,Just Need A Break To Get Ahead,658.0,14.95%,906xx,CA,6 years,0.0
2000.0,2007-10-13,sshotwell,500.0,29.5%,323xx,FL,1 year,0.0
1000.0,2009-02-23,Rent payment,535.0,0%,212xx,MD,< 1 year,0.0
1500.0,2008-09-15,public service bill,530.0,62%,075xx,NJ,2 years,0.0
10000.0,2008-01-15,XYZ,568.0,11.42%,176xx,PA,10+ years,0.0
20000.0,2008-11-27,Loan 08,648.0,4%,127xx,NY,4 years,0.0
12000.0,2009-05-13,Business loan.,672.0,5.33%,487xx,MI,< 1 year,0.0
1000.0,2008-04-06,Moving,397.0,20.92%,750xx,TX,< 1 year,0.0
5000.0,2008-04-07,Get Caught Up,659.0,50.3%,473xx,IN,9 years,0.0
20000.0,2008-02-21,home_improvement,669.0,12.55%,945xx,CA,1 year,0.0
22000.0,2009-04-26, ,777.0,13.05%,960xx,CA,10+ years,0.0
12000.0,2008-02-27,sahailadance,705.0,12.05%,980xx,WA,6 years,0.0
1500.0,2009-05-14,My first car,567.0,50.57%,210xx,MD,7 years,0.0
7000.0,2008-03-26,becca,632.0,27.4%,802xx,CO,< 1 year,0.0
500.0,2007-12-04,blackdancer85,436.0,20.35%,104xx,NY,< 1 year,0.0
7000.0,2009-04-28, ,679.0,2.07%,080xx,NJ,6 years,0.0
1500.0,2008-06-08, ,660.0,3%,140xx,NY,< 1 year,0.0
10000.0,2009-05-13,education,592.0,0%,191xx,PA,< 1 year,0.0
1000.0,2009-02-02,Eliminating Toxic Debt,671.0,3.07%,024xx,MA,< 1 year,0.0
3000.0,2008-10-21,Need a quick loan,702.0,13.56%,225xx,VA,< 1 year,0.0
25000.0,2008-12-09,Home renovation,660.0,7.15%,902xx,CA,10+ years,0.0
8500.0,2008-10-29,Debt,617.0,15.86%,787xx,TX,10+ years,0.0
5000.0,2008-12-01,Northgate Lakes Apartments,634.0,304.8%,330xx,FL,3 years,0.0
1200.0,2009-04-21,Getting my first apartment,514.0,11.9%,148xx,NY,< 1 year,0.0
15000.0,2007-10-24,Pest pro,670.0,28.56%,300xx,GA,1 year,0.0
5000.0,2008-12-20,Debt Loan,474.0,6.61%,112xx,NY,1 year,0.0
2000.0,2009-01-06,Assistance,475.0,10.25%,953xx,CA,2 years,0.0
1000.0,2007-12-10,steelerfan66,443.0,16.5%,444xx,OH,< 1 year,0.0
8500.0,2009-02-27,home improvement / debt consolidation,715.0,3.81%,325xx,FL,3 years,0.0
5000.0,2008-03-22,doug kobus,573.0,0.4%,130xx,NY,1 year,0.0
9000.0,2007-12-27,Carl527,608.0,13.76%,351xx,AL,9 years,0.0
3000.0,2009-01-22,Help needed for car,505.0,0%,170xx,PA,1 year,0.0
5000.0,2008-11-04,Law School (Bar Exam),622.0,44.11%,352xx,AL,9 years,0.0
15000.0,2008-01-13,owner,554.0,19.65%,325xx,FL,9 years,0.0
8400.0,2009-03-07,Lower rates,743.0,26.73%,160xx,PA,10+ years,0.0
4500.0,2008-04-25,Complete the effort,536.0,3.91%,333xx,FL,< 1 year,0.0
5000.0,2007-10-10,Randall Avenue,476.0,0.33%,104xx,NY,5 years,0.0
2200.0,2008-01-03,Project to reduce utility bills,576.0,16.36%,629xx,IL,1 year,0.0
8600.0,2009-01-02,Senior Year at Marquette,665.0,256.32%,535xx,WI,2 years,0.0
2000.0,2008-12-30,personal loan,661.0,13.5%,027xx,MA,8 years,0.0
10000.0,2008-11-05,Refinance Credit Card,666.0,10.92%,951xx,CA,< 1 year,0.0
4000.0,2008-11-10,Personal ,571.0,4.7%,333xx,FL,1 year,0.0
5000.0,2008-11-29,Margaret's Blessing,802.0,8.26%,852xx,AZ,7 years,0.0
6000.0,2009-05-16,Need money till I ship to basic training,574.0,37.89%,958xx,CA,< 1 year,0.0
2000.0,2009-05-04,Needing to pay off debt,492.0,3.36%,786xx,TX,3 years,0.0
7500.0,2008-06-04, ,678.0,23.68%,671xx,KS,2 years,0.0
2000.0,2008-01-09,GT Tuition Money 4 a National Guardsman,656.0,18.3%,303xx,GA,1 year,0.0
14500.0,2007-11-30,Help this young family get out of debt!,669.0,8.47%,681xx,NE,< 1 year,0.0
1500.0,2008-04-20,vacation,647.0,13.88%,073xx,NJ,1 year,0.0
2600.0,2008-09-20,Moving,559.0,20.25%,558xx,MN,6 years,0.0
25000.0,2008-12-08,Business Loan,712.0,3.94%,302xx,GA,< 1 year,0.0
1500.0,2008-06-08,Rebuilding,570.0,15.5%,479xx,IN,< 1 year,0.0
1500.0,2008-07-31,Upgrade Computer & Printer,620.0,22.67%,275xx,NC,9 years,0.0
15000.0,2008-01-11,OhioLCMember,532.0,16.68%,446xx,OH,10+ years,0.0
7000.0,2008-04-17,bridge loan for accounts payable,560.0,14.98%,024xx,MA,1 year,0.0
11000.0,2009-03-16,VIN #JTJBT20X660107360,774.0,7.26%,410xx,KY,< 1 year,0.0
5500.0,2007-12-11,telrashidi,709.0,34.17%,805xx,CO,1 year,0.0
10500.0,2009-03-23,"Consolidation - Med, Dent, Credit, SLoan",698.0,8.86%,451xx,OH,6 years,0.0
5000.0,2007-11-07,joy_kywonna,644.0,3.84%,331xx,FL,2 years,0.0
20000.0,2008-01-28,debt_consolidation,729.0,67.17%,802xx,CO,8 years,0.0
4000.0,2007-11-08,kamand4kids,479.0,0.5%,272xx,NC,8 years,0.0
15000.0,2009-04-26,Debt Consolidation,698.0,25.23%,076xx,NJ,< 1 year,0.0
25000.0,2008-02-12,stonetile8,525.0,0%,926xx,CA,10+ years,0.0
7500.0,2008-07-07,Inventory capital for Video Game Store,684.0,57.88%,934xx,CA,8 years,0.0
5000.0,2008-01-30,alantheshadow,734.0,10.43%,236xx,VA,2 years,0.0
5000.0,2008-04-07,rv for work,463.0,3.31%,992xx,WA,3 years,0.0
3500.0,2008-12-09,Loan for Bill Payment Request,471.0,0%,720xx,AR,1 year,0.0
20000.0,2009-04-22, ,774.0,4.24%,740xx,OK,10+ years,0.0
1500.0,2007-12-11,Creshaun,437.0,25.5%,891xx,UT,1 year,0.0
10000.0,2009-03-16,inspection business,523.0,12.27%,983xx,WA,7 years,0.0
8000.0,2007-09-16,Quasi,682.0,30.35%,235xx,VA,1 year,0.0
25000.0,2009-05-08,consolidation loan,662.0,38.93%,021xx,MA,2 years,0.0
20000.0,2009-04-29,Help me stop suffocating in debt,629.0,23.48%,441xx,OH,10+ years,0.0
3000.0,2007-11-26,debt_consolidation,490.0,11.87%,010xx,MA,2 years,0.0
13000.0,2008-03-10,Consolidate Credit Cards Debt,632.0,30.31%,925xx,CA,10+ years,0.0
20000.0,2007-12-13,bonc182,605.0,0.42%,303xx,GA,4 years,0.0
7500.0,2008-08-12,Help me get on with my Life,693.0,58.12%,740xx,OK,1 year,0.0
3000.0,2008-01-07,major_purchase,699.0,22.06%,361xx,AL,10+ years,0.0
2500.0,2007-11-13,Tuition Payment,657.0,4%,301xx,LA,< 1 year,0.0
1000.0,2008-04-27,I need a new computer for school,0.0,0%,950xx,CA,1 year,0.0
5000.0,2008-01-09,lawyergirl,457.0,12.45%,360xx,AL,< 1 year,0.0
6000.0,2009-03-26,Independent Auto Dealer,706.0,47.34%,300xx,GA,3 years,0.0
15998.0,2009-03-18, ,724.0,28.23%,840xx,UT,< 1 year,0.0
10000.0,2008-04-02,Business Capital,788.0,3.66%,051xx,VT,1 year,0.0
6000.0,2008-10-19, ,695.0,49.99%,426xx,KY,10+ years,0.0
7000.0,2008-05-06,better rate,659.0,2.4%,114xx,NY,1 year,0.0
20000.0,2007-11-13,aeya,619.0,5.19%,895xx,NV,2 years,0.0
20000.0,2009-03-28, ,728.0,33.99%,547xx,WI,8 years,0.0
2000.0,2008-11-13,WAITING ON DISABILITY AFTER BACK SURGERY,0.0,0%,453xx,OH,3 years,0.0
1000.0,2008-10-16,Jeffs Loan,571.0,0%,503xx,IA,< 1 year,0.0
3000.0,2008-07-08, ,702.0,56.31%,335xx,FL,1 year,0.0
7500.0,2009-01-26, ,624.0,16.27%,801xx,CO,3 years,0.0
6000.0,2008-07-04,Husband is leaving us.,433.0,5.68%,473xx,IN,< 1 year,0.0
7500.0,2008-10-07,fixing credit and consoldate bills,478.0,38.45%,427xx,KY,10+ years,0.0
5000.0,2009-02-07, ,700.0,28.27%,077xx,NJ,2 years,0.0
1000.0,2009-04-01,self,531.0,33.68%,349xx,FL,8 years,0.0
5000.0,2008-12-09,Relocation Expenses,622.0,32.38%,175xx,PA,< 1 year,0.0
17000.0,2007-12-06,debt_consolidation,669.0,46.33%,337xx,FL,10+ years,0.0
5000.0,2009-04-08, ,669.0,13.63%,914xx,CA,1 year,0.0
10000.0,2009-05-07,student loan,599.0,10.5%,125xx,NY,< 1 year,0.0
2000.0,2007-09-06,chijackie6,610.0,26.71%,442xx,OH,< 1 year,0.0
17000.0,2008-03-29,Divorcing and need to consolidate debt,712.0,43.68%,582xx,ND,1 year,0.0
9000.0,2008-10-26, ,752.0,28.98%,145xx,NY,< 1 year,0.0
20000.0,2009-02-10, ,707.0,30.56%,086xx,NJ,9 years,0.0
20000.0,2009-02-19,Short Term Loan Endorser,440.0,13.88%,551xx,MN,10+ years,0.0
25000.0,2008-03-24,Employment service in need of cash to gr,593.0,39.46%,195xx,PA,10+ years,0.0
15000.0,2009-04-20,david,539.0,10.18%,038xx,NH,4 years,0.0
6000.0,2008-11-05,unsecured personal,643.0,13.93%,054xx,VT,1 year,0.0
15000.0,2008-12-23,Money ,729.0,44.41%,932xx,CA,10+ years,0.0
10000.0,2008-12-04,Get it done,701.0,30.41%,275xx,SC,< 1 year,0.0
1000.0,2009-03-19,Dental fees,577.0,7.54%,432xx,OH,1 year,0.0
20000.0,2009-05-07, ,667.0,20.32%,532xx,WI,< 1 year,0.0
15000.0,2007-12-12,wan99,643.0,16.67%,301xx,GA,2 years,0.0
5000.0,2008-02-25,crbosquet,545.0,0%,272xx,NC,2 years,0.0
25000.0,2009-04-29,Stage 1 Play door,537.0,0.6%,112xx,NY,< 1 year,0.0
3500.0,2008-04-29,Eric Fabian Loan,0.0,0%,209xx,MD,2 years,0.0
25000.0,2008-04-03,Indian View Dr.,590.0,12.86%,920xx,CA,10+ years,0.0
4000.0,2008-11-06,its a persona loan i just need it,517.0,0%,104xx,NY,1 year,0.0
4000.0,2008-09-09,Credit Card Payments,606.0,20.3%,331xx,FL,1 year,0.0
19000.0,2008-01-31,debt_consolidation,707.0,29.96%,278xx,NC,8 years,0.0
4000.0,2009-05-11,My Dream,436.0,0%,273xx,SC,4 years,0.0
10000.0,2009-05-02, ,726.0,6.25%,750xx,TX,1 year,0.0
5000.0,2008-01-23,allmighty,561.0,8.95%,983xx,WA,< 1 year,0.0
17000.0,2009-04-28, ,659.0,10.69%,300xx,GA,4 years,0.0
7000.0,2009-02-18,Help me earn my bachelors in business!!!,571.0,1.55%,759xx,TX,4 years,0.0
10000.0,2009-04-27,After School Loan,690.0,1.76%,967xx,HI,3 years,0.0
2500.0,2008-11-06,Personal,423.0,3.8%,386xx,MS,1 year,0.0
10000.0,2007-11-02,jorale,500.0,10.41%,760xx,TX,5 years,0.0
5000.0,2008-08-23,debt consolidation,466.0,25.43%,781xx,TX,2 years,0.0
5000.0,2008-05-01,Gauranteed! Noone'll loan me any money!,0.0,0%,452xx,OH,1 year,0.0
2000.0,2009-05-11,school funding,0.0,47.8%,170xx,PA,1 year,0.0
10000.0,2008-10-20,Pharma Rep needs to consolidate C. Cards,627.0,2.8%,770xx,TX,< 1 year,0.0
5000.0,2008-02-15,josseynd,608.0,9.27%,770xx,TX,< 1 year,0.0
5000.0,2008-09-26,Pay off High Interest Cards,676.0,6%,178xx,PA,5 years,0.0
5000.0,2009-03-12,car loan,464.0,16.2%,857xx,AZ,3 years,0.0
12000.0,2009-04-02,CLEAN UP CREDIT,585.0,10.68%,212xx,MD,3 years,0.0
25000.0,2008-03-03,r2shayford,583.0,0.64%,750xx,TX,2 years,0.0
15000.0,2008-11-04,Pay off of high interest Credit Cards,686.0,41.94%,805xx,CO,< 1 year,0.0
1000.0,2008-04-07,buying a computer,0.0,0%,911xx,CA,< 1 year,0.0
12650.0,2009-05-17,Auto Finance,675.0,9.68%,221xx,VA,3 years,0.0
14000.0,2009-02-22,please help,0.0,0%,028xx,RI,2 years,0.0
3000.0,2009-04-15, ,680.0,46.23%,770xx,TX,1 year,0.0
2500.0,2008-01-23,Misc,656.0,20.7%,347xx,FL,10+ years,0.0
7000.0,2008-08-26,Kiran,644.0,30.03%,787xx,TX,1 year,0.0
1100.0,2009-04-22,buying a car to go to and from work,520.0,0%,300xx,GA,2 years,0.0
5000.0,2008-06-23,Debt Consolidation,695.0,22.02%,750xx,TX,9 years,0.0
7500.0,2008-08-15,student consolidation loan,574.0,12.84%,631xx,MO,< 1 year,0.0
1000.0,2009-03-03,Need money to pay rent,715.0,6.25%,326xx,FL,< 1 year,0.0
20000.0,2007-12-18,metaliclizard,680.0,20.12%,983xx,WA,1 year,0.0
3500.0,2007-12-20,debt_consolidation,635.0,8.08%,114xx,NY,10+ years,0.0
4000.0,2008-03-11,To consolidate my debt,517.0,9.54%,014xx,MA,1 year,0.0
4000.0,2007-10-08,Glendasher,520.0,5.16%,112xx,NY,< 1 year,0.0
2500.0,2008-03-02,areddy,524.0,11.92%,347xx,FL,< 1 year,0.0
10100.0,2008-01-09,Combination Loan,694.0,27.48%,109xx,NY,< 1 year,0.0
15900.0,2008-01-14,emmasdaddyinwv,618.0,28.46%,255xx,WV,4 years,0.0
10000.0,2009-05-07,Need Dental Work..Extremely bad Teeth.,443.0,32.1%,018xx,MA,1 year,0.0
6000.0,2007-12-16,trpavey,517.0,9.96%,432xx,OH,< 1 year,0.0
25000.0,2008-11-06,Purchace of  mobile grooming business,622.0,23.79%,282xx,SC,1 year,0.0
3200.0,2008-03-04,Trying to get my feet on the ground,640.0,22.32%,206xx,MD,4 years,0.0
7500.0,2008-04-15,Consolidate 2 high rate loans,540.0,23.45%,658xx,MO,< 1 year,0.0
7900.0,2008-01-03,Bennett9h,593.0,14.98%,941xx,CA,1 year,0.0
20000.0,2009-04-29,Oakmont short sale,741.0,37.02%,156xx,PA,2 years,0.0
7500.0,2008-04-23,Needing help to get back on to my feet,541.0,0%,941xx,CA,< 1 year,0.0
7500.0,2009-03-30, ,641.0,17.78%,080xx,NJ,8 years,0.0
1000.0,2008-06-23,contining ed,548.0,16.44%,042xx,ME,9 years,0.0
9250.0,2008-11-14,I need office space.  ,482.0,0.83%,337xx,FL,1 year,0.0
5000.0,2008-04-08,debt consolidation,612.0,12.7%,170xx,PA,3 years,0.0
19000.0,2009-03-27,CAR LOAN,724.0,0.36%,113xx,NY,3 years,0.0
11000.0,2009-01-21,ivy's loan,621.0,326.4%,730xx,OK,< 1 year,0.0
5000.0,2008-11-14,Emergency Money,487.0,4.56%,401xx,KY,1 year,0.0
2500.0,2008-04-12,Car financing,772.0,288.6%,927xx,CA,1 year,0.0
14000.0,2009-04-19, ,688.0,27.77%,151xx,PA,4 years,0.0
25000.0,2009-04-23,"pay truck off,buy miniexcavator,dumptruk",523.0,10.13%,450xx,OH,1 year,0.0
5000.0,2009-02-19,Taxi Cab Startup,531.0,0%,212xx,MD,3 years,0.0
20000.0,2008-04-07,Credit card,719.0,12.54%,926xx,CA,4 years,0.0
2000.0,2007-10-30,Jim4455,548.0,38.07%,797xx,TX,< 1 year,0.0
5000.0,2009-03-24,In desperate need of a truck,485.0,3.94%,444xx,OH,2 years,0.0
10000.0,2008-02-11,NOLIMIT250,547.0,18.91%,685xx,NE,1 year,0.0
6000.0,2008-12-03,Daughter's Vehicle,623.0,11.9%,852xx,AZ,5 years,0.0
5000.0,2008-03-21,SCHOOL,475.0,0%,600xx,IL,< 1 year,0.0
10000.0,2008-01-07,home_improvement,766.0,13.88%,287xx,NC,10+ years,0.0
5000.0,2008-09-18,funeral advertising,436.0,32.97%,620xx,IL,5 years,0.0
14000.0,2009-05-11,Pam's loan,456.0,0%,179xx,PA,< 1 year,0.0
5000.0,2008-04-02,A Better Chance,534.0,7.86%,302xx,GA,< 1 year,0.0
5000.0,2008-02-08,hnyoun,608.0,26.12%,208xx,MD,3 years,0.0
5000.0,2009-05-12,education,485.0,0%,727xx,AR,< 1 year,0.0
10000.0,2008-06-05,Start-up Business kwikpost.com,409.0,24.71%,278xx,NC,2 years,0.0
10000.0,2009-03-10, ,770.0,6.35%,941xx,CA,2 years,0.0
5000.0,2009-04-24,To continue flying school,679.0,8.51%,941xx,CA,3 years,0.0
12500.0,2008-01-16,flip master,442.0,28.2%,352xx,AL,4 years,0.0
7500.0,2008-04-13,Financing for: Fitness By Timothy,656.0,14.25%,941xx,CA,1 year,0.0
10000.0,2008-11-15,Property Taxes for New Condo,675.0,12.04%,900xx,CA,5 years,0.0
10000.0,2007-11-27,charles2050,455.0,22.62%,852xx,AZ,1 year,0.0
5000.0,2008-09-22,MOTHER MEDICAL EXPENCES,747.0,8.13%,880xx,NM,6 years,0.0
700.0,2007-12-25,piolinn,471.0,43.84%,954xx,CA,< 1 year,0.0
6000.0,2008-04-07,Saving my credit/paying off car & taxes,598.0,26.54%,287xx,NC,< 1 year,0.0
2000.0,2009-02-09,In a bind and no one to help,601.0,0.9%,330xx,FL,2 years,0.0
5000.0,2008-12-11,home improvement,698.0,10.3%,180xx,PA,10+ years,0.0
7500.0,2008-04-16,"Furniture Supplies, Inc. National Import",660.0,60.2%,900xx,CA,10+ years,0.0
2200.0,2008-03-22,lower interest rate,515.0,18.04%,338xx,FL,1 year,0.0
12000.0,2008-01-13,Mark D,758.0,1.28%,282xx,NC,3 years,0.0
5000.0,2009-04-25,college,524.0,0%,404xx,KY,< 1 year,0.0
25000.0,2009-04-25,Supplemental Loan for Independant,488.0,38700%,750xx,TX,< 1 year,0.0
12000.0,2008-12-29,taxes,452.0,45.05%,061xx,CT,9 years,0.0
20000.0,2008-11-14,Personal loan,701.0,29.68%,168xx,PA,8 years,0.0
5000.0,2008-12-28,Consolidate,401.0,0.79%,980xx,WA,7 years,0.0
12000.0,2008-12-29,WORKING TOWARDS CREDIT CARD FREEDOM,719.0,12.53%,341xx,FL,10+ years,0.0
1000.0,2009-05-08,Paying for my Son's education,577.0,251.52%,021xx,MA,4 years,0.0
12000.0,2009-01-31, ,584.0,33.02%,293xx,SC,< 1 year,0.0
5000.0,2008-12-15,buying something I need asap,575.0,0%,902xx,CA,3 years,0.0
2500.0,2008-11-07, ,673.0,43.03%,062xx,CT,3 years,0.0
15000.0,2008-01-13,debt consolidation,719.0,20.66%,452xx,OH,2 years,0.0
5500.0,2007-06-27,Kratos,594.0,18.76%,207xx,MD,< 1 year,0.0
15000.0,2007-07-16,Etrader77,637.0,4.14%,434xx,OH,3 years,0.0
8500.0,2008-07-31, ,688.0,5.2%,442xx,OH,3 years,0.0
1200.0,2009-01-04,Preventing eviction,465.0,11.4%,029xx,RI,< 1 year,0.0
25000.0,2008-10-14,Luther Project,704.0,25.57%,605xx,IL,5 years,0.0
5000.0,2009-04-15,Baby Girl,526.0,2.2%,906xx,CA,2 years,0.0
4500.0,2007-11-29,islandqueen,522.0,0%,298xx,SC,< 1 year,0.0
9000.0,2008-10-20,Help payoff credit cards,654.0,19.86%,334xx,FL,1 year,0.0
5000.0,2008-03-03,rowan,618.0,6.6%,276xx,NC,2 years,0.0
15000.0,2007-10-06,"Get Back On Track: Pay Closing Costs, Ta",670.0,3.07%,303xx,GA,2 years,0.0
5500.0,2007-12-08,1999,715.0,1.46%,283xx,NC,3 years,0.0
5000.0,2008-10-29,Student loan,467.0,56.57%,770xx,TX,< 1 year,0.0
5000.0,2008-03-24,To get some bills paid off to help famil,479.0,17.47%,243xx,VA,2 years,0.0
10000.0,2008-12-04,Loan For Consolidation,486.0,0%,465xx,IL,< 1 year,0.0
5000.0,2009-05-12,MBA Grad School,656.0,3.69%,326xx,FL,1 year,0.0
15000.0,2008-12-21,Business Loan for expenses and lawyer,594.0,9.78%,618xx,IL,< 1 year,0.0
10000.0,2008-01-13,zacharyg,571.0,2.25%,129xx,NY,1 year,0.0
7500.0,2008-07-29,Getting Finances Under Control,442.0,39.75%,282xx,NC,3 years,0.0
3500.0,2008-03-23,help - please,452.0,24.36%,070xx,NJ,10+ years,0.0
13000.0,2009-03-29,harley davidson loan,631.0,20.05%,761xx,TX,< 1 year,0.0
1000.0,2008-06-28,student,704.0,0%,916xx,CA,1 year,0.0
20000.0,2009-04-07, ,733.0,0.43%,606xx,IL,10+ years,0.0
2000.0,2008-10-22,In Desperate Need of Loan,458.0,12.51%,791xx,TX,10+ years,0.0
3500.0,2008-07-19,QuickenLoan,640.0,20.74%,606xx,IL,10+ years,0.0
1000.0,2009-05-06,Personal,592.0,9.31%,824xx,WY,5 years,0.0
20000.0,2008-01-28,debt_consolidation,727.0,31.73%,989xx,WA,6 years,0.0
4000.0,2008-11-25,Summer Riley,501.0,2.19%,502xx,IL,1 year,0.0
3500.0,2009-05-05,2009 loan,555.0,3.75%,437xx,OH,< 1 year,0.0
3000.0,2008-07-15,New Life,526.0,8.52%,431xx,OH,10+ years,0.0
18000.0,2009-05-17,Debt Consolidation ,661.0,31.01%,946xx,CA,4 years,0.0
20000.0,2009-03-09, ,705.0,36.86%,913xx,CA,10+ years,0.0
4000.0,2008-12-14,secured or unsecured,450.0,0.58%,532xx,WI,8 years,0.0
7500.0,2008-09-04,Inventory for Screen Shop,656.0,5.88%,919xx,CA,1 year,0.0
10000.0,2009-02-13,settle bill,477.0,55.52%,038xx,NH,10+ years,0.0
22262.0,2009-05-11, ,675.0,10.42%,102xx,NY,2 years,0.0
1500.0,2009-01-21,New Car Down Payment,569.0,16.02%,078xx,NJ,1 year,0.0
9600.0,2008-01-07,Personal Loan,680.0,17.8%,503xx,IA,< 1 year,0.0
25000.0,2008-12-08,Debt Consolidation,645.0,22.42%,801xx,CO,2 years,0.0
2500.0,2009-05-02,Debt Gone Away,662.0,14.09%,207xx,MD,5 years,0.0
7500.0,2007-10-15,dakotaaxis,505.0,17.02%,023xx,MA,< 1 year,0.0
1650.0,2007-11-30,MIKEDAVIS4612483,525.0,7.51%,472xx,IN,1 year,0.0
25000.0,2008-02-21,Kraftwerk08,598.0,0%,926xx,CA,< 1 year,0.0
25000.0,2009-01-26,Service division's growth needs flow!,702.0,27.98%,939xx,CA,10+ years,0.0
3000.0,2007-10-15,deafton,501.0,22.47%,750xx,TX,1 year,0.0
6500.0,2008-11-01,Student Loan,608.0,29.52%,328xx,FL,2 years,0.0
7500.0,2008-06-04,I am desprate to save my family,508.0,12.67%,983xx,WA,3 years,0.0
20000.0,2009-02-27,Helping A Friend In Need,658.0,24.24%,630xx,MO,3 years,0.0
25000.0,2008-12-01,Reaching for May 2009,694.0,12.24%,980xx,WA,1 year,0.0
25000.0,2008-02-25,Johnmw,601.0,28.48%,926xx,CA,7 years,0.0
3000.0,2009-05-11,Money Problems,613.0,66.83%,624xx,IL,2 years,0.0
9000.0,2009-05-08,Reliable Transportation,465.0,0%,381xx,UT,< 1 year,0.0
3000.0,2008-01-15,other,667.0,5.57%,481xx,MI,< 1 year,0.0
8000.0,2008-09-02, ,724.0,33.44%,930xx,CA,< 1 year,0.0
15000.0,2009-03-24,engine rebuild,609.0,0.33%,254xx,WV,3 years,0.0
1000.0,2009-01-04,Loan for rent payment,534.0,22.4%,021xx,MA,< 1 year,0.0
1000.0,2009-05-03,Further education,438.0,0.94%,700xx,LA,6 years,0.0
25000.0,2007-12-05,EstateRose,685.0,32.47%,989xx,WA,5 years,0.0
20000.0,2009-05-03, ,677.0,8.86%,600xx,IL,1 year,0.0
7500.0,2008-06-04, ,706.0,34.47%,773xx,TX,10+ years,0.0
8000.0,2008-07-13,Peace of mind,543.0,12.28%,460xx,IN,< 1 year,0.0
2000.0,2008-11-14,car finance/debts,596.0,1.8%,334xx,FL,< 1 year,0.0
9000.0,2009-03-20, ,672.0,3.21%,208xx,MD,9 years,0.0
5000.0,2008-12-08, ,731.0,2.04%,900xx,CA,8 years,0.0
7500.0,2009-02-04,Consolidate High Interest Credit cards,662.0,29.59%,212xx,MD,< 1 year,0.0
15000.0,2009-03-21,steve's loan,455.0,0%,229xx,VA,< 1 year,0.0
1000.0,2009-04-08,Transmission repair,585.0,1.66%,982xx,WA,1 year,0.0
1000.0,2008-12-06,credit card bill,589.0,3.96%,112xx,NY,1 year,0.0
5000.0,2008-12-23,Personal,0.0,0%,104xx,NY,< 1 year,0.0
15000.0,2007-10-16,peaceomind,509.0,4.1%,238xx,VA,10+ years,0.0
1000.0,2007-12-14,rdrobish,400.0,0%,184xx,PA,< 1 year,0.0
25000.0,2008-02-10,jackieo,741.0,33.19%,442xx,OH,8 years,0.0
7000.0,2007-12-18,lpnchic3,391.0,14.35%,441xx,OH,< 1 year,0.0
10000.0,2007-11-20,sk4664,582.0,17.44%,064xx,CO,2 years,0.0
5600.0,2008-07-23,Getting Things in Order,662.0,7.89%,300xx,GA,1 year,0.0
1600.0,2008-12-19,I need some debt relief,548.0,8.28%,601xx,IL,2 years,0.0
5000.0,2007-12-02,WORKINGMOTHEROF3,436.0,16.24%,358xx,AL,1 year,0.0
8000.0,2008-12-07,Consolidating All Debt,599.0,5.28%,921xx,CA,8 years,0.0
15000.0,2009-02-04,Need to finish paying for my wedding,675.0,17.44%,607xx,IL,2 years,0.0
17000.0,2009-03-30, ,705.0,29.7%,208xx,MD,2 years,0.0
3000.0,2009-04-15,medical expenses,536.0,0%,104xx,NY,< 1 year,0.0
21000.0,2009-01-10, ,651.0,23.01%,802xx,CO,10+ years,0.0
3000.0,2007-12-12,Indiana Mom,579.0,19.37%,460xx,IN,2 years,0.0
7500.0,2009-01-16,Home Improvement,658.0,9.54%,126xx,NY,10+ years,0.0
25000.0,2008-04-07,business loan,534.0,47.97%,600xx,IL,10+ years,0.0
5000.0,2008-12-17,christmas,506.0,0%,301xx,GA,10+ years,0.0
10000.0,2008-11-18,Dakodapoker upgrade,0.0,0%,215xx,MD,3 years,0.0
5000.0,2007-12-14,short term loan,661.0,18.38%,331xx,FL,10+ years,0.0
15000.0,2009-01-04,Settling down,561.0,33.32%,940xx,CA,< 1 year,0.0
5000.0,2008-01-14,William Hamm,0.0,0%,675xx,KS,< 1 year,0.0
10000.0,2009-03-16,Refinancing credit card,652.0,62.03%,299xx,SC,10+ years,0.0
6550.0,2008-03-24,WaMU payoff,599.0,24.14%,329xx,FL,5 years,0.0
15000.0,2009-01-05, ,688.0,66.2%,177xx,PA,4 years,0.0
1400.0,2009-05-09,All Most There,572.0,47.43%,852xx,AZ,8 years,0.0
2500.0,2008-08-29,Book Publishing,581.0,4.5%,112xx,NY,3 years,0.0
3500.0,2008-06-30, ,698.0,30.93%,853xx,AZ,7 years,0.0
2000.0,2008-04-29, ,679.0,59.83%,600xx,IL,< 1 year,0.0
6500.0,2009-05-18, ,572.0,7.93%,617xx,IL,2 years,0.0
1500.0,2009-05-04,Dog,777.0,0%,320xx,FL,< 1 year,0.0
2000.0,2009-02-24,Visit Jasen,536.0,7.39%,330xx,FL,3 years,0.0
5000.0,2007-11-01,LjBebe,640.0,50.96%,551xx,MN,1 year,0.0
15000.0,2008-02-12,debt_consolidation,653.0,17.33%,787xx,TX,< 1 year,0.0
3000.0,2009-04-09,In need of consolidating loans,513.0,32.71%,847xx,UT,3 years,0.0
6000.0,2009-04-26,Loan,496.0,2.04%,986xx,WA,7 years,0.0
3000.0,2009-04-01, ,661.0,7.66%,163xx,PA,10+ years,0.0
15000.0,2008-04-07,Buy car,426.0,12.44%,337xx,FL,3 years,0.0
10200.0,2008-12-10,Student loan,646.0,33.93%,016xx,MA,5 years,0.0
4000.0,2008-05-01,Bills,448.0,21.3%,462xx,IN,1 year,0.0
5000.0,2008-03-28,Credit Consolidation,498.0,0%,328xx,FL,1 year,0.0
5000.0,2007-12-12,jm3670,557.0,8.07%,668xx,KS,10+ years,0.0
3500.0,2008-04-07,Want to Purchase a car off craigslist,552.0,2.2%,066xx,CT,10+ years,0.0
1500.0,2008-11-11,Get out of Debt,783.0,1.33%,325xx,FL,< 1 year,0.0
20000.0,2009-04-06,School,477.0,73.44%,430xx,OH,1 year,0.0
20000.0,2009-04-07,Debt consolidation,647.0,11.1%,881xx,NM,10+ years,0.0
17000.0,2008-10-22,Debt consolidation,738.0,10.43%,891xx,NV,10+ years,0.0
16000.0,2008-11-23,Increase of financial flexibility,677.0,29.96%,803xx,CO,1 year,0.0
9500.0,2008-11-13,cover emergency unexpected expenses,442.0,8.52%,671xx,KS,< 1 year,0.0
7000.0,2008-06-18,One easy monthly payment,467.0,12.56%,173xx,PA,< 1 year,0.0
11000.0,2009-03-03,Car Loan,500.0,14.36%,750xx,TX,7 years,0.0
5000.0,2009-05-11, ,721.0,29.48%,780xx,TX,3 years,0.0
14200.0,2009-01-20,FIA Card Services,644.0,34.15%,030xx,NH,7 years,0.0
12000.0,2008-03-24,credit cleanup,659.0,34.69%,363xx,AL,6 years,0.0
12000.0,2009-01-14,Another Chase case,706.0,21.05%,920xx,CA,2 years,0.0
4000.0,2008-10-11, ,778.0,32.21%,484xx,MI,7 years,0.0
23000.0,2009-03-15, ,786.0,27%,604xx,IL,10+ years,0.0
20000.0,2009-04-27,Credit card refinance and consolidation,689.0,11.78%,068xx,CT,1 year,0.0
5000.0,2008-02-25,maddy50,625.0,32.54%,327xx,FL,5 years,0.0
2500.0,2009-04-30,student loan,528.0,456%,604xx,IL,< 1 year,0.0
5000.0,2009-04-01,Paying off my car and some other bills,461.0,22.94%,660xx,KS,3 years,0.0
7000.0,2007-07-18,streetforce1,482.0,0%,100xx,NY,< 1 year,0.0
3000.0,2009-04-30,home improvement,678.0,29%,535xx,WI,1 year,0.0
4000.0,2009-03-21,For School,481.0,9.12%,496xx,MI,4 years,0.0
10000.0,2009-05-13,Eric & Stacy's wedding,778.0,9.14%,916xx,CA,4 years,0.0
4600.0,2008-07-04,Believe it or not...,515.0,0%,800xx,CO,2 years,0.0
2500.0,2008-07-30,need to see the light,503.0,96.75%,982xx,WA,< 1 year,0.0
20000.0,2008-01-20,manny063,641.0,4.19%,129xx,NY,9 years,0.0
6500.0,2008-10-29,Car repair ,552.0,39.79%,234xx,VA,6 years,0.0
25000.0,2008-04-05,Debt consolidation,636.0,6816%,480xx,MI,1 year,0.0
3000.0,2008-11-27,Undergrad student needs to pay off debt,511.0,5.64%,072xx,NJ,1 year,0.0
15000.0,2009-01-31,Business Startup,695.0,29.12%,532xx,WI,< 1 year,0.0
3000.0,2008-10-24,Debt,646.0,18.75%,075xx,NJ,3 years,0.0
10000.0,2008-12-15, ,725.0,0.5%,153xx,PA,2 years,0.0
15000.0,2008-07-10,National Home Music School Next Level!,655.0,31.76%,100xx,NY,1 year,0.0
16000.0,2009-04-25, ,704.0,27.24%,190xx,PA,10+ years,0.0
15000.0,2008-12-30,Trying to stay even.,660.0,16.72%,334xx,FL,< 1 year,0.0
6000.0,2008-08-10,Fall 2008 at Howard University,495.0,7.15%,200xx,DC,< 1 year,0.0
500.0,2007-09-13,writer,511.0,11.34%,024xx,MA,7 years,0.0
20000.0,2009-03-25,Educating Others,0.0,0%,216xx,MD,2 years,0.0
25000.0,2008-04-07,IEMPC DEBT CONSOLIDATION,505.0,26.75%,334xx,FL,7 years,0.0
10000.0,2009-01-24,auto loan,595.0,3.52%,992xx,WA,< 1 year,0.0
1000.0,2008-04-07,Fresh start Loan,507.0,0%,640xx,MO,< 1 year,0.0
25000.0,2008-02-17,GreggHM,561.0,1.67%,142xx,NY,3 years,0.0
20000.0,2009-04-26,to lower monthly payments,685.0,42.65%,970xx,OR,< 1 year,0.0
7000.0,2008-08-16,Medical ,694.0,1.3%,853xx,AZ,5 years,0.0
14406.0,2009-05-13, ,699.0,36.56%,034xx,NH,5 years,0.0
15000.0,2008-04-08,Refinance Long Term Medical Debt,709.0,16.7%,296xx,SC,10+ years,0.0
6000.0,2009-05-04,wedding loan ,616.0,21.04%,071xx,NJ,10+ years,0.0
20000.0,2009-02-03, ,650.0,20.95%,436xx,OH,2 years,0.0
10000.0,2008-10-18,Payoff High Interest Credit Card,638.0,23.97%,800xx,CO,10+ years,0.0
6000.0,2007-12-29,ecruzer,625.0,25.65%,786xx,TX,9 years,0.0
6000.0,2008-12-28,Giselle Study Summary 2009,481.0,15.5%,840xx,UT,10+ years,0.0
5000.0,2009-03-24,Loan for consolidating Debts,519.0,6.39%,074xx,NJ,5 years,0.0
3000.0,2008-07-27,Pick me! Pick Me!,564.0,4.78%,463xx,IN,1 year,0.0
25000.0,2008-03-19,LOAN CONSOLIDATE,553.0,6.25%,949xx,CA,2 years,0.0
800.0,2007-09-27,Marley,467.0,0%,452xx,OH,< 1 year,0.0
18000.0,2008-01-15,ConradS,488.0,39.84%,806xx,CO,< 1 year,0.0
10000.0,2008-02-29,debt_consolidation,676.0,21.82%,442xx,OH,10+ years,0.0
7500.0,2008-10-05,"refi loans -better rate, business capita",557.0,14.67%,468xx,IN,10+ years,0.0
1000.0,2007-09-22,ophelia,422.0,10.58%,112xx,NY,2 years,0.0
17000.0,2009-04-16, ,645.0,25.19%,900xx,CA,3 years,0.0
15000.0,2009-03-03,Repairs to my home,676.0,24.37%,784xx,TX,< 1 year,0.0
5000.0,2008-05-31,Consolidating credit cards,673.0,12.85%,276xx,NC,< 1 year,0.0
3000.0,2007-10-02,flsinglemom,463.0,10.92%,342xx,FL,4 years,0.0
10000.0,2008-02-08,DDWinterrose,432.0,16.39%,840xx,UT,5 years,0.0
13000.0,2008-11-24,Consolidate debt to pay off sooner,657.0,21.63%,750xx,TX,10+ years,0.0
9000.0,2009-05-10,school,0.0,0%,322xx,FL,< 1 year,0.0
2000.0,2009-04-26,Rashid Gary,605.0,19.99%,197xx,DE,2 years,0.0
5000.0,2009-01-29,communitycollege,518.0,43.6%,801xx,CT,3 years,0.0
4000.0,2009-04-05,Please help me get a 2nd chance at life.,645.0,24.66%,559xx,MN,< 1 year,0.0
20000.0,2008-03-19,debt_consolidation,637.0,4.32%,432xx,NY,< 1 year,0.0
5000.0,2008-02-19,SaleSolutions,593.0,1.59%,300xx,GA,4 years,0.0
5000.0,2008-12-18,Fresh Start for a New Year,662.0,10.34%,302xx,GA,10+ years,0.0
22000.0,2008-11-03,2hip business loan,659.0,35.52%,950xx,CA,10+ years,0.0
10000.0,2008-01-10,Consolidate Debt,715.0,22.25%,080xx,NJ,10+ years,0.0
10000.0,2007-11-26,debt_consolidation,635.0,5.27%,801xx,CO,< 1 year,0.0
5000.0,2009-04-28,personal loan,443.0,36.27%,951xx,CA,9 years,0.0
5000.0,2009-01-04,Guy's,458.0,14.71%,469xx,WI,6 years,0.0
17000.0,2008-02-02,major_purchase,711.0,13.73%,316xx,GA,< 1 year,0.0
10000.0,2008-11-23,Help me finish this year at St. John's..,728.0,6.95%,214xx,MD,< 1 year,0.0
20000.0,2009-04-05, ,653.0,3.9%,941xx,CA,< 1 year,0.0
7500.0,2008-04-12,Getting Back on track,508.0,30.18%,319xx,GA,2 years,0.0
4000.0,2007-12-30,newbiz,656.0,1.09%,377xx,TN,2 years,0.0
3000.0,2008-06-13, ,619.0,52.83%,296xx,SC,4 years,0.0
20000.0,2008-12-08,In Over My Head,555.0,265.38%,159xx,PA,1 year,0.0
5000.0,2009-01-06,Consolidation - Christmas,700.0,3.87%,226xx,VA,5 years,0.0
3500.0,2009-01-09,Vet care for rescue dogs,752.0,39.25%,441xx,OH,< 1 year,0.0
5000.0,2009-02-21, ,717.0,8.14%,410xx,KY,< 1 year,0.0
1000.0,2008-08-14,"Different from the rest, PICK ME!!!",522.0,5.66%,446xx,OH,4 years,0.0
4250.0,2008-04-01,personal,593.0,26.52%,468xx,IN,8 years,0.0
5000.0,2008-11-07,Temporary Help,603.0,77.22%,712xx,LA,< 1 year,0.0
3500.0,2008-04-15,Debt Consolidation,450.0,36.36%,440xx,OH,3 years,0.0
4000.0,2008-05-09,Wiping out credit cards!!,700.0,3.58%,077xx,NJ,5 years,0.0
3000.0,2008-10-18,trying to keep a roof over my daughter ,0.0,0%,361xx,AL,1 year,0.0
8000.0,2007-11-02,celsus,654.0,22.44%,980xx,WA,< 1 year,0.0
22000.0,2009-05-12, ,607.0,4.51%,774xx,TX,1 year,0.0
5000.0,2007-11-30,benoliver,608.0,3.56%,439xx,OH,6 years,0.0
2000.0,2008-03-13,Moving,670.0,21.79%,211xx,MD,< 1 year,0.0
15000.0,2009-01-16,Dental/Medical,491.0,2.64%,432xx,OH,3 years,0.0
10000.0,2008-11-25,Purchasing existing business & need help,530.0,16.55%,420xx,KY,< 1 year,0.0
4000.0,2008-03-21,Debt Consolidation,622.0,26.24%,752xx,TX,< 1 year,0.0
2500.0,2008-06-30,payoff,590.0,5.23%,719xx,AR,< 1 year,0.0
5000.0,2008-07-05, ,653.0,52.03%,852xx,AZ,1 year,0.0
3000.0,2009-01-20,New Computer and Design Software,737.0,5.95%,306xx,GA,2 years,0.0
19000.0,2009-05-11, ,735.0,26.22%,329xx,FL,5 years,0.0
4000.0,2008-01-19,McConnell,414.0,7.15%,265xx,WV,1 year,0.0
2500.0,2008-11-11,Student needs help,0.0,0%,660xx,KS,1 year,0.0
2000.0,2008-04-10,Pay down high interest credit card.,687.0,32.51%,871xx,NM,5 years,0.0
4000.0,2008-12-18,personal loan,0.0,0%,173xx,PA,1 year,0.0
7500.0,2008-05-26,Down Payment for another investment prop,749.0,0.64%,951xx,CA,5 years,0.0
1000.0,2009-01-07,Business,608.0,2.12%,038xx,NH,10+ years,0.0
20000.0,2009-02-12, ,683.0,29.26%,080xx,NJ,2 years,0.0
1000.0,2009-04-13,big car repair,462.0,4.98%,194xx,PA,< 1 year,0.0
12000.0,2008-03-17,personal loan,498.0,4.34%,183xx,PA,9 years,0.0
2000.0,2009-04-28,student loan,702.0,4.36%,331xx,FL,< 1 year,0.0
12000.0,2008-03-20,Need money to pay off a 401K loan ASAP!!,474.0,53.52%,622xx,IL,10+ years,0.0
25000.0,2008-02-13,need a loan for a business venture,687.0,20.26%,183xx,PA,< 1 year,0.0
2500.0,2008-11-04,Help with bills,530.0,0%,328xx,FL,1 year,0.0
1600.0,2009-05-08,Perssonal Loan,637.0,26.08%,450xx,OH,2 years,0.0
2000.0,2009-04-28,Student Loan,501.0,0%,774xx,TX,5 years,0.0
5000.0,2008-03-25,major_purchase,617.0,23.86%,112xx,NY,< 1 year,0.0
1000.0,2009-03-24,A NEW START,555.0,0%,212xx,MD,2 years,0.0
7000.0,2009-01-12, ,651.0,7.99%,328xx,FL,< 1 year,0.0
20000.0,2008-11-28,single parent trying to get back on feet,550.0,24.17%,180xx,PA,1 year,0.0
3500.0,2009-03-30,getting out of my parents house,482.0,0%,631xx,MO,10+ years,0.0
5000.0,2007-09-16,busymommy,522.0,73%,298xx,SC,2 years,0.0
7000.0,2008-03-16,BUYING GRANDDAUGHTERS FIRST CAR,803.0,16.14%,452xx,OH,10+ years,0.0
4000.0,2007-11-28,gene,577.0,17.68%,335xx,FL,4 years,0.0
1000.0,2008-01-01,domino1989,0.0,0%,496xx,MI,3 years,0.0
1000.0,2009-04-18,Tattooing equipment to start shop.,530.0,0%,791xx,TX,3 years,0.0
24500.0,2008-10-20,$18000 Home Equity Loan Needed,691.0,19.44%,154xx,PA,3 years,0.0
20500.0,2009-04-13, ,715.0,35.72%,232xx,VA,2 years,0.0
2000.0,2008-03-09,Leaving for the Air Force,687.0,1.51%,028xx,RI,< 1 year,0.0
4000.0,2007-07-04,kktally,473.0,4.13%,300xx,GA,1 year,0.0
3000.0,2008-04-12,Food Bank,506.0,30.29%,329xx,FL,10+ years,0.0
2900.0,2008-12-30,personal loan,407.0,9.43%,146xx,NY,7 years,0.0
5000.0,2008-10-17,Loan for Data Collection (Ph.D. studies),630.0,10.22%,168xx,PA,1 year,0.0
10000.0,2008-12-06,Personal and Business Loan. ,0.0,0%,430xx,OH,10+ years,0.0
10000.0,2009-01-07,Tmerritt loan,383.0,0%,723xx,AR,5 years,0.0
5000.0,2008-12-30, ,796.0,35.76%,212xx,MD,2 years,0.0
7925.0,2008-07-18,Simplifying Our Monthly Payments.,682.0,26.5%,421xx,KY,2 years,0.0
4000.0,2008-04-20,Help to get rid of credit cards,579.0,30.82%,371xx,TN,1 year,0.0
2000.0,2008-02-13,Consolidate debt for better budget mgmt.,600.0,33.81%,604xx,IL,2 years,0.0
5000.0,2008-06-20, ,707.0,6.55%,303xx,GA,5 years,0.0
10000.0,2009-04-19, ,553.0,0%,437xx,OH,3 years,0.0
7500.0,2008-07-02,Business Equipment & Debt Consolidation,685.0,48.25%,333xx,FL,10+ years,0.0
9000.0,2009-02-05,I was almost clear...!!,490.0,1.24%,553xx,MN,2 years,0.0
17000.0,2008-03-14,Debt Consolidation Loan,625.0,20.2%,967xx,HI,10+ years,0.0
10000.0,2007-09-30,Ryan624,492.0,8.4%,334xx,FL,2 years,0.0
5500.0,2008-10-22,Jeep 1995,673.0,37.65%,474xx,IL,8 years,0.0
7000.0,2008-12-13,Personal,461.0,6.94%,338xx,FL,< 1 year,0.0
25000.0,2009-05-06,School Help,743.0,52.24%,601xx,IL,2 years,0.0
1000.0,2008-03-22,debt,470.0,4.28%,073xx,NJ,3 years,0.0
16000.0,2009-03-09, ,693.0,57.76%,438xx,OH,< 1 year,0.0
5000.0,2009-03-25,Consolidtae and Car,650.0,3.26%,338xx,FL,1 year,0.0
7500.0,2008-06-13,Debt Consolidation,622.0,11.04%,309xx,GA,2 years,0.0
500.0,2008-02-09,babegurl84,555.0,118%,940xx,CA,3 years,0.0
2000.0,2007-12-18,frankey2002,566.0,2.86%,200xx,DC,1 year,0.0
3000.0,2009-03-27,Consolidate Depts,0.0,0%,853xx,AZ,9 years,0.0
4000.0,2007-11-28,GOOD7,548.0,11.78%,114xx,NY,10+ years,0.0
5000.0,2008-05-07,loan,517.0,5.8%,482xx,MI,9 years,0.0
5000.0,2009-04-12,Badly in need of a car,457.0,4.59%,921xx,CA,1 year,0.0
15000.0,2009-04-27,NG Loan Request 042709,623.0,29.49%,750xx,TX,4 years,0.0
10000.0,2008-01-14,I am a single mom of 3 teenagers. So very tired of serving tables.I want to start my own business in the small town I live in. Specialty shops are few and far between  and I believe my ideas and products will be the very thing the area needs.,643.0,418800%,230xx,VA,5 years,0.0
15000.0,2007-10-22,hafaza,512.0,39.53%,347xx,FL,8 years,0.0
10000.0,2008-01-31,HelloOutThere,677.0,37.94%,955xx,CA,3 years,0.0
1500.0,2008-02-25,debt_consolidation,652.0,16.17%,077xx,NJ,6 years,0.0
25000.0,2007-12-11,hungr1010,643.0,20.77%,278xx,NC,< 1 year,0.0
1000.0,2007-09-15,alydarinc,442.0,0.96%,951xx,CO,1 year,0.0
10000.0,2008-03-08,IRA/Federal Income Tax Loan,663.0,53.93%,787xx,TX,1 year,0.0
15000.0,2008-12-30,Debt Consolidation,626.0,26.75%,308xx,GA,1 year,0.0
1000.0,2007-11-16,phatbaby26,564.0,4.05%,303xx,GA,1 year,0.0
18000.0,2008-01-30,bostonSportsNut,690.0,20.57%,021xx,MA,5 years,0.0
8000.0,2008-01-28,other,610.0,13.74%,208xx,MD,6 years,0.0
6000.0,2009-04-01,getting back on track,623.0,37.68%,389xx,MS,9 years,0.0
3000.0,2007-11-02,Lauren,445.0,78.1%,975xx,OR,2 years,0.0
15000.0,2009-05-16,Practical Nursing Loan,683.0,36.88%,062xx,CT,2 years,0.0
3000.0,2008-05-16,pay off,651.0,13.58%,112xx,NY,1 year,0.0
20000.0,2008-10-16,Expanding Restaurant,650.0,3.64%,341xx,FL,1 year,0.0
10000.0,2008-03-22,Medical bills consolidation,0.0,0%,716xx,AR,< 1 year,0.0
5000.0,2008-01-13,mommaL,423.0,27.32%,208xx,MD,6 years,0.0
4000.0,2009-04-27,wedding,627.0,53.62%,452xx,OH,1 year,0.0
2500.0,2009-04-09,In need of A car for College,593.0,3%,034xx,NH,2 years,0.0
1500.0,2008-03-24,DITCHING CREDIT CARD BALANCE,469.0,16.55%,151xx,PA,1 year,0.0
10000.0,2009-01-06,2009Consolidate,678.0,23.99%,337xx,FL,10+ years,0.0
15000.0,2009-04-21, ,707.0,29.15%,894xx,NV,2 years,0.0
7500.0,2009-05-06,"Responsible, excellent credit adult",707.0,0.26%,333xx,FL,4 years,0.0
25000.0,2009-04-28,Small Business Loan - Working capital,788.0,30.4%,201xx,VA,4 years,0.0
7500.0,2008-07-23,cleanhouse,671.0,61.05%,750xx,TX,10+ years,0.0
20000.0,2007-06-25,Skeeter,605.0,0%,847xx,UT,1 year,0.0
2500.0,2008-06-21,Consolidate Accts Before Student Loan,609.0,11.04%,490xx,MI,2 years,0.0
15000.0,2008-07-17,Student Loan,584.0,9.97%,630xx,MO,< 1 year,0.0
15000.0,2009-01-19,Consolidating CC's ,649.0,27.96%,914xx,CA,2 years,0.0
12000.0,2008-11-17,personal,637.0,20.19%,891xx,NV,< 1 year,0.0
5500.0,2008-05-02,student/debt consolidation,471.0,0%,945xx,CA,< 1 year,0.0
7000.0,2008-09-11,real estate investing,615.0,8.4%,334xx,FL,6 years,0.0
2000.0,2008-03-22,Fresh Start,431.0,52.2%,060xx,CT,< 1 year,0.0
7500.0,2009-04-28,Motorcycle loan,669.0,23.24%,912xx,CA,3 years,0.0
10000.0,2009-05-02,Temporary funds,603.0,15.01%,802xx,CO,1 year,0.0
7000.0,2008-04-10,Consolidate high interest debt  ,662.0,33.95%,852xx,AZ,1 year,0.0
17050.0,2009-01-31, ,713.0,43.41%,986xx,WA,2 years,0.0
6000.0,2009-02-01,My Loan,768.0,0%,333xx,FL,< 1 year,0.0
5000.0,2009-01-21,A safe means to protect your family.,497.0,90.8%,064xx,CT,< 1 year,0.0
10000.0,2009-01-09, ,734.0,26.28%,409xx,KY,10+ years,0.0
10000.0,2008-04-07,Bills increasing and salary isnt,577.0,0.73%,951xx,CA,3 years,0.0
12000.0,2009-01-05,Help me strike back against unfair APRs,621.0,17.47%,112xx,NY,< 1 year,0.0
20000.0,2008-01-14,jennys2,577.0,31.26%,780xx,TX,3 years,0.0
3000.0,2008-02-26,testy22,427.0,16.6%,980xx,WA,10+ years,0.0
1500.0,2009-04-13,Getting Married,565.0,11.95%,996xx,AK,2 years,0.0
8500.0,2008-10-27,1 monthly bill,697.0,15.75%,725xx,AR,7 years,0.0
15000.0,2008-10-18,pay off credit cards,647.0,25.35%,351xx,AL,3 years,0.0
2000.0,2009-01-19,Consolidation of Debt,617.0,1.38%,809xx,CO,1 year,0.0
20000.0,2009-04-30, ,663.0,53.52%,074xx,NJ,10+ years,0.0
2000.0,2007-12-11,jenellzin,532.0,1.71%,338xx,FL,7 years,0.0
6000.0,2008-11-28,Consolidate,556.0,32.51%,750xx,TX,1 year,0.0
10000.0,2008-12-26,to pay taxes,642.0,11.18%,978xx,OR,10+ years,0.0
3000.0,2009-03-18,Help My Son Get on His Feet,477.0,30.67%,292xx,SC,< 1 year,0.0
25000.0,2008-11-12,cassie loan consolidation,614.0,35.97%,112xx,NY,7 years,0.0
2000.0,2009-04-24,Needed College Stuff,0.0,3.75%,403xx,KY,< 1 year,0.0
3000.0,2008-01-14,das1962,589.0,84.91%,441xx,OH,7 years,0.0
10000.0,2008-07-17,Debt Consolidation/other,556.0,12.89%,922xx,CA,9 years,0.0
25000.0,2009-05-17,Education,554.0,32.64%,452xx,OH,1 year,0.0
6000.0,2008-11-04,catch up bills,592.0,0%,299xx,SC,7 years,0.0
8000.0,2009-01-16,Credit Card Consolidate/Student Loans,542.0,6.54%,992xx,WA,2 years,0.0
5000.0,2009-05-01, ,668.0,1.26%,130xx,NY,< 1 year,0.0
2000.0,2009-04-12,Taking Care of Business,510.0,32.36%,135xx,NY,< 1 year,0.0
20000.0,2009-03-02, ,704.0,33.64%,900xx,CA,3 years,0.0
1000.0,2009-03-24,pay off credit debts,411.0,0%,967xx,HI,3 years,0.0
1500.0,2009-04-20,livelihood,487.0,1.86%,337xx,FL,3 years,0.0
5550.0,2008-07-29,military couple consolidating debt,584.0,1.99%,653xx,MO,4 years,0.0
1000.0,2008-06-06,Moving Expenses,571.0,0%,334xx,FL,6 years,0.0
20000.0,2009-04-15,Need to pay off invoice,636.0,27.29%,483xx,MI,10+ years,0.0
15000.0,2009-03-28, ,707.0,41.24%,128xx,NY,10+ years,0.0
15000.0,2009-02-03,Loan For Ease,604.0,6.07%,759xx,TX,< 1 year,0.0
3250.0,2009-02-03,vehicle needed to return to work,449.0,16.22%,523xx,IL,2 years,0.0
6500.0,2009-01-04,Starting A New Business,484.0,18.88%,322xx,FL,9 years,0.0
25000.0,2009-05-01,Investing in a start up company,725.0,6.69%,342xx,FL,7 years,0.0
25000.0,2008-11-16,Consolidate Debt with Good Salary,651.0,17.93%,330xx,FL,10+ years,0.0
3000.0,2009-02-13,Investing in equipment,739.0,0%,300xx,GA,< 1 year,0.0
2050.0,2007-09-22,tnc03,611.0,31.94%,284xx,NC,10+ years,0.0
2000.0,2009-04-17,get above water,422.0,0.51%,336xx,FL,1 year,0.0
2000.0,2009-02-10,Extra money to help,0.0,0%,320xx,FL,3 years,0.0
1500.0,2009-05-15,Scooter loan,591.0,0%,328xx,FL,< 1 year,0.0
10000.0,2007-08-13,ajstewart19,611.0,25.15%,301xx,GA,1 year,0.0
4000.0,2007-12-10,rmadic,438.0,2.68%,967xx,HI,1 year,0.0
4500.0,2007-10-23,Daniel.Roberts,592.0,4.67%,307xx,GA,< 1 year,0.0
15000.0,2008-12-26,Consolidate,650.0,26.56%,601xx,IL,1 year,0.0
7000.0,2008-03-09,bodacs vs. 25.99%,518.0,3.52%,660xx,KS,10+ years,0.0
3000.0,2007-10-09,coats,395.0,263.38%,275xx,NC,1 year,0.0
17000.0,2008-11-10,Refinancing Truck Loan,747.0,7.67%,600xx,IL,1 year,0.0
20000.0,2009-05-06,consolidate debt,686.0,25.65%,446xx,OH,< 1 year,0.0
12000.0,2009-01-23, ,638.0,20.25%,294xx,SC,10+ years,0.0
10000.0,2009-05-12,Debt Consolidation,601.0,27.35%,151xx,PA,< 1 year,0.0
7500.0,2007-12-18,burl1843,579.0,2.48%,327xx,FL,1 year,0.0
6500.0,2008-08-23,Eliminate my credit card debt,507.0,13.94%,200xx,DC,7 years,0.0
25000.0,2007-12-07,SAStover,622.0,68.44%,063xx,CT,< 1 year,0.0
25000.0,2007-10-15,littlehead7,657.0,62.07%,300xx,GA,1 year,0.0
4000.0,2008-01-25,invest00,623.0,45.1%,212xx,MD,6 years,0.0
1000.0,2008-09-19,medical needs,485.0,0%,481xx,MI,2 years,0.0
6000.0,2008-06-04,Desperate to get a car/start my credit,0.0,0%,318xx,GA,3 years,0.0
5000.0,2009-03-14,Please help settle my credit card debt,443.0,4.86%,330xx,FL,< 1 year,0.0
4000.0,2008-04-05,Used Car Loan,491.0,1.67%,236xx,VA,< 1 year,0.0
1500.0,2009-01-09,Starting a business website for student.,601.0,31.42%,328xx,FL,2 years,0.0
7500.0,2009-03-17,HELP WITH HOUSING,521.0,0%,207xx,MD,5 years,0.0
2000.0,2009-01-29,need my car back so i can attend school,437.0,10.39%,483xx,MI,10+ years,0.0
20000.0,2008-11-21, ,703.0,51.18%,928xx,CA,4 years,0.0
23721.0,2009-03-17, ,721.0,25.57%,363xx,AL,4 years,0.0
3500.0,2008-11-21,Urban Planning Mom University payment,545.0,10%,334xx,FL,1 year,0.0
1000.0,2008-05-17,Debt,602.0,60%,191xx,PA,< 1 year,0.0
2000.0,2009-04-23,car,519.0,0%,761xx,TX,4 years,0.0
5000.0,2008-01-12,ladlauren,456.0,12.55%,180xx,PA,2 years,0.0
2000.0,2007-12-22,Patrick85,572.0,22.17%,322xx,FL,4 years,0.0
2000.0,2009-04-17,CNA  Class,607.0,10.12%,249xx,WV,2 years,0.0
10000.0,2008-12-24,Adoption expences,477.0,15.02%,496xx,MI,10+ years,0.0
1500.0,2009-05-11,Student ,631.0,52.56%,981xx,WA,< 1 year,0.0
2500.0,2008-12-23,need help covering moving expenses,484.0,30.8%,925xx,CA,< 1 year,0.0
11000.0,2008-03-18,debt_consolidation,677.0,35.06%,727xx,AR,< 1 year,0.0
1500.0,2009-02-28,School Money,711.0,50.9%,540xx,WI,< 1 year,0.0
9500.0,2009-02-23,Medical and credit card debt,680.0,26.34%,951xx,CA,< 1 year,0.0
1500.0,2008-03-03,debt_consolidation,661.0,0.82%,601xx,IL,5 years,0.0
15000.0,2007-08-02,MattBK,727.0,32.34%,112xx,NY,1 year,0.0
1000.0,2009-01-08,school,683.0,8.77%,082xx,NJ,3 years,0.0
2000.0,2008-01-07,Dip Chef,449.0,1008.71%,809xx,CO,1 year,0.0
6500.0,2008-05-22,Cosmetic Surgery Loan,642.0,19.58%,480xx,MI,10+ years,0.0
5000.0,2009-01-13, ,627.0,0.48%,078xx,NJ,4 years,0.0
1000.0,2008-12-02,College loan,636.0,0%,982xx,WA,< 1 year,0.0
4000.0,2008-11-28,Need to work on my car,650.0,16.26%,357xx,AL,< 1 year,0.0
2000.0,2009-05-06,Waiting on IRS Tax Check ,512.0,7.15%,296xx,SC,8 years,0.0
25000.0,2009-03-16,BE ABLE TO BE BACK ON TRACK.............,666.0,49.71%,201xx,VA,4 years,0.0
4500.0,2008-03-11,Improve Credit Score,477.0,1.56%,662xx,KS,6 years,0.0
7500.0,2009-04-10,BullionBoysProcessServers,572.0,5.27%,489xx,MI,3 years,0.0
6000.0,2008-02-25,sassygirl57,604.0,12.13%,721xx,AR,10+ years,0.0
25000.0,2009-04-09,GFBA,709.0,35.14%,594xx,MT,3 years,0.0
8625.0,2007-11-02,Consolidate Debt,686.0,23.63%,109xx,NY,3 years,0.0
19000.0,2008-03-16,debt_consolidation,699.0,52.43%,430xx,OH,< 1 year,0.0
5000.0,2008-04-07,Deck,660.0,9.1%,604xx,IL,8 years,0.0
7500.0,2008-09-24,Buying a commercial truck for transport ,630.0,11.48%,852xx,AZ,10+ years,0.0
2000.0,2009-01-29,In need of help getting back on track ,447.0,20.08%,631xx,MO,< 1 year,0.0
15000.0,2008-12-08,Keeping the House Thru the Divorce,637.0,19.35%,954xx,CA,< 1 year,0.0
5000.0,2009-01-12,Short term wedding help!!!,0.0,0%,601xx,IL,1 year,0.0
5000.0,2009-03-03,Help me with my Daughters wedding,604.0,0%,770xx,TX,10+ years,0.0
25000.0,2009-04-14,improve business,453.0,32.33%,544xx,WI,10+ years,0.0
16500.0,2008-02-09,LetsGoTech,685.0,23.93%,122xx,NY,10+ years,0.0
9900.0,2009-05-06, ,679.0,33.93%,985xx,WA,6 years,0.0
25000.0,2008-10-20,Help! The interest is killing me!,694.0,68.54%,905xx,CA,10+ years,0.0
22868.68,2009-03-20, ,741.0,30.49%,957xx,CA,1 year,0.0
2000.0,2007-08-08,wade44,533.0,13.83%,234xx,VA,6 years,0.0
15000.0,2009-04-20,school1,499.0,53.22%,667xx,KS,< 1 year,0.0
20000.0,2007-12-21,borrowerlend,651.0,6.33%,605xx,IL,3 years,0.0
5000.0,2007-10-05,Jayr061,511.0,18.35%,088xx,NJ,2 years,0.0
14000.0,2009-03-01,Missy,765.0,51.74%,447xx,OH,10+ years,0.0
7500.0,2009-04-14,I need a loan to help pay for my wedding,455.0,18.15%,840xx,UT,3 years,0.0
2000.0,2007-12-18,bbyjaimee,536.0,35.92%,240xx,VA,< 1 year,0.0
3000.0,2008-06-26,i need money,575.0,3.27%,837xx,ID,1 year,0.0
5000.0,2007-11-25,blueeyes72,643.0,4.27%,317xx,GA,< 1 year,0.0
10000.0,2008-01-24,bootz,646.0,19.52%,681xx,NE,< 1 year,0.0
1500.0,2008-06-19,Need to move,431.0,3.71%,302xx,GA,1 year,0.0
10000.0,2008-03-03,virtuallucinda,503.0,16.05%,104xx,NY,3 years,0.0
10000.0,2009-02-24,Education and living expenses,503.0,40.88%,957xx,CA,6 years,0.0
5000.0,2009-02-27,freedon,0.0,0%,113xx,NY,2 years,0.0
20000.0,2009-04-21,debt consolidation,710.0,20.02%,920xx,CA,10+ years,0.0
6000.0,2008-03-31,Desperately needs an automobile!!!,598.0,6%,352xx,AL,1 year,0.0
5000.0,2008-11-08,single mother,697.0,46.95%,726xx,AR,10+ years,0.0
3000.0,2008-07-28,Get out from under,528.0,29.6%,989xx,WA,10+ years,0.0
5000.0,2008-09-12,Start up for small business,558.0,1.5%,492xx,MI,< 1 year,0.0
22000.0,2009-05-05,Consolidate Debt,577.0,69.44%,333xx,FL,2 years,0.0
15000.0,2007-12-15,Frazier820,533.0,0%,116xx,NY,< 1 year,0.0
2500.0,2009-05-05,Online schooling,581.0,9.39%,376xx,TX,2 years,0.0
5000.0,2008-01-22,debt_consolidation,722.0,92.54%,199xx,DE,6 years,0.0
10000.0,2008-11-07, ,709.0,29.72%,442xx,OH,5 years,0.0
7500.0,2008-08-21,Personal Loan,559.0,32.22%,505xx,IA,< 1 year,0.0
12000.0,2008-11-11,Consolidating all debt into one payment,658.0,18.76%,908xx,CA,2 years,0.0
15000.0,2008-12-14,Reduce Debt to become Debt Free,658.0,34.87%,786xx,TX,7 years,0.0
5000.0,2009-03-09,personal loan,589.0,13.11%,207xx,MD,9 years,0.0
18000.0,2007-11-23,ARK1,539.0,48.96%,365xx,AL,1 year,0.0
7000.0,2008-12-31,jamison duhon,646.0,8.88%,891xx,NV,< 1 year,0.0
2000.0,2009-05-01,Car Purchase,540.0,17.02%,484xx,MI,< 1 year,0.0
7500.0,2008-06-28,Trying to get my debt down,601.0,11.79%,759xx,TX,1 year,0.0
2500.0,2008-12-29,school,509.0,14.68%,604xx,IL,5 years,0.0
7500.0,2008-09-18,Credit Card Debt for Student Loans,607.0,14.15%,926xx,CA,3 years,0.0
1500.0,2009-05-06,personal,698.0,25.55%,782xx,TX,9 years,0.0
10000.0,2008-12-23,home repair,622.0,15.84%,704xx,LA,< 1 year,0.0
10000.0,2008-12-30, ,668.0,34.19%,951xx,CA,6 years,0.0
5000.0,2008-03-20,PAY OFF DEBT,442.0,22.91%,454xx,OH,1 year,0.0
13500.0,2008-12-19, ,677.0,9.86%,152xx,PA,4 years,0.0
22000.0,2009-04-28,Medical School Education Loan,577.0,7668%,770xx,TX,< 1 year,0.0
15000.0,2009-01-10,Debt Free,754.0,18.51%,671xx,KS,10+ years,0.0
15000.0,2008-05-06,Please Help Me Achieve My Goals!,793.0,6.89%,109xx,NY,4 years,0.0
2500.0,2007-11-02,kellch,631.0,15.09%,296xx,SC,2 years,0.0
2000.0,2009-04-02,Refi Credit Cards,633.0,26.31%,121xx,NY,1 year,0.0
25000.0,2008-11-10,Business acquisition,731.0,87.73%,981xx,WA,< 1 year,0.0
20000.0,2009-03-03,sunshine,639.0,119.18%,088xx,NJ,4 years,0.0
10000.0,2009-03-19,consolidate debt,668.0,35.83%,038xx,NH,10+ years,0.0
7500.0,2008-10-03,need to upgrade my kitchen and 3 restroo,457.0,4.87%,958xx,CA,10+ years,0.0
20000.0,2008-10-21,Debt Consolidation,713.0,11.12%,900xx,CA,6 years,0.0
7500.0,2008-06-11,Freedom Unlimited,634.0,20.46%,840xx,UT,6 years,0.0
3000.0,2008-05-15,Small Business Financing Needed,489.0,10.94%,452xx,OH,10+ years,0.0
3000.0,2007-12-16,Mom In Need,450.0,0%,611xx,IL,1 year,0.0
3500.0,2008-10-07,Need 3500 to supplement educational cost,585.0,8.83%,303xx,GA,3 years,0.0
5000.0,2007-07-05,newdeal80,592.0,16.33%,681xx,NE,5 years,0.0
10000.0,2008-11-03,lake county  survey,665.0,0.58%,440xx,OH,7 years,0.0
6000.0,2008-02-08,mwhit59,618.0,7.87%,148xx,NY,9 years,0.0
3900.0,2009-03-25,Personal,447.0,7.2%,723xx,AR,10+ years,0.0
4000.0,2008-12-21,Hard times loan,541.0,31.99%,853xx,AZ,10+ years,0.0
6000.0,2008-11-06,yes,599.0,9.11%,553xx,MN,1 year,0.0
2500.0,2007-10-08,peluchita09,468.0,6%,331xx,FL,4 years,0.0
25000.0,2008-03-26,Private Student Loan Condolidation Help,676.0,67.16%,606xx,IL,1 year,0.0
5000.0,2009-01-21,Start Anew Loan,759.0,56.48%,201xx,VA,1 year,0.0
7500.0,2009-04-18, ,722.0,0%,030xx,NH,5 years,0.0
7500.0,2009-03-04, ,678.0,32.65%,542xx,WI,2 years,0.0
1500.0,2008-12-03,Vacation,418.0,16.37%,907xx,CA,5 years,0.0
10000.0,2007-12-28,acrobbins,609.0,32.62%,325xx,FL,10+ years,0.0
13000.0,2009-04-22, ,702.0,31.17%,403xx,KY,3 years,0.0
5000.0,2008-12-01,Pay Overdue Taxes,455.0,27.64%,751xx,TX,10+ years,0.0
1650.0,2008-11-08,Dental ,626.0,23.73%,551xx,MN,10+ years,0.0
25000.0,2008-01-28,theredneck,515.0,0%,974xx,OR,< 1 year,0.0
20000.0,2009-01-26,consolidation,604.0,13.58%,019xx,MA,10+ years,0.0
10000.0,2008-03-21,Pay off car loan,0.0,0%,281xx,NC,1 year,0.0
15000.0,2008-10-27,Student Loan at a better rate,696.0,21.16%,212xx,MD,< 1 year,0.0
5000.0,2008-01-01,vinman620,491.0,10.72%,087xx,NJ,1 year,0.0
13300.0,2009-04-28,business,716.0,17.41%,720xx,AR,10+ years,0.0
8000.0,2009-01-18,Car Loan,551.0,6.11%,301xx,GA,< 1 year,0.0
2500.0,2008-12-03,Personal,472.0,0%,029xx,RI,10+ years,0.0
2300.0,2007-10-23,kandigrl,412.0,0%,328xx,FL,5 years,0.0
4000.0,2008-01-30,lissa76,485.0,10.44%,388xx,MS,< 1 year,0.0
5000.0,2009-05-08,Lifewinner,487.0,21.9%,117xx,NY,4 years,0.0
5000.0,2009-03-30,Seatac_01's Loan,488.0,18.2%,980xx,WA,3 years,0.0
5000.0,2007-11-16,smjerd,508.0,5.35%,549xx,WI,7 years,0.0
2500.0,2008-01-02,tfd0307,623.0,18%,073xx,NJ,10+ years,0.0
25000.0,2008-03-24,start up business loan,633.0,11.45%,325xx,FL,< 1 year,0.0
5000.0,2009-01-14, ,623.0,26.67%,989xx,WA,10+ years,0.0
10000.0,2009-03-17, ,681.0,14.56%,088xx,NJ,2 years,0.0
15000.0,2009-02-02,Expansion of Real Estate Practice,667.0,7.03%,850xx,AZ,6 years,0.0
20000.0,2008-04-07,Consolidation Loan,621.0,13.9%,088xx,NJ,7 years,0.0
7500.0,2009-04-21, ,624.0,4.5%,178xx,PA,3 years,0.0
8500.0,2008-01-07,major_purchase,724.0,0%,273xx,NC,< 1 year,0.0
9000.0,2009-04-14,diner,714.0,37.5%,130xx,NY,10+ years,0.0
10000.0,2009-04-09,c&m gas,566.0,0.94%,283xx,NJ,9 years,0.0
25000.0,2008-12-04,Auto and Debt Loan,483.0,0.51%,328xx,FL,10+ years,0.0
25000.0,2009-05-10,Cardigan,744.0,18.49%,032xx,NH,6 years,0.0
2300.0,2008-11-18,Wishlist,673.0,26.23%,706xx,LA,< 1 year,0.0
24000.0,2008-11-25,Investing in myself ,632.0,10.33%,601xx,IL,10+ years,0.0
7500.0,2008-09-10,Refinancing Car Loan,511.0,13.4%,221xx,VA,1 year,0.0
15000.0,2007-10-02,rchase1832,581.0,18%,207xx,MD,2 years,0.0
14000.0,2009-02-04,"13,000 2004 Ford Mustang GT Convertible",0.0,0%,290xx,SC,5 years,0.0
5000.0,2007-11-13,coolman,451.0,17.45%,802xx,CO,10+ years,0.0
4200.0,2008-01-17,korbelme1,554.0,46.13%,539xx,WI,8 years,0.0
17000.0,2007-10-18,sarahh,546.0,0.71%,540xx,WI,2 years,0.0
3000.0,2008-08-26,family reunion dream,512.0,18.77%,956xx,CA,1 year,0.0
15000.0,2009-02-13,Investment property loan,671.0,21.38%,484xx,MI,10+ years,0.0
5000.0,2008-01-16,beargirl1975,443.0,14.06%,982xx,WA,< 1 year,0.0
13000.0,2009-04-05, ,675.0,34.84%,117xx,NY,3 years,0.0
2000.0,2008-06-28,Family Illness,629.0,24.27%,324xx,FL,4 years,0.0
1200.0,2008-04-07,Monthly payments getting to high.,608.0,31.76%,535xx,WI,1 year,0.0
10000.0,2009-02-09,personal,579.0,90.12%,117xx,NY,< 1 year,0.0
8000.0,2009-04-10,"newAddition to fam soon, need bigger car",444.0,0%,787xx,TX,2 years,0.0
1700.0,2007-10-17,rosalee29,457.0,0%,173xx,NY,6 years,0.0
7500.0,2007-11-15,NITA927,593.0,24.95%,641xx,MO,4 years,0.0
15000.0,2008-12-30,Refinancing credit card,595.0,14.83%,069xx,CT,< 1 year,0.0
1000.0,2009-04-28,College Expenses,659.0,24.96%,159xx,PA,< 1 year,0.0
3000.0,2008-07-21,New Bed/Coach Fund,636.0,39.31%,983xx,WA,< 1 year,0.0
25000.0,2008-11-26,Great Market to start this business!!,671.0,17.19%,319xx,GA,< 1 year,0.0
6000.0,2009-01-10,Looking to Save with a lower rate.,649.0,27.48%,068xx,CT,1 year,0.0
18500.0,2009-04-30,Summer Abroad Study Program Forum Nexus,563.0,23.15%,331xx,FL,< 1 year,0.0
1000.0,2009-01-22,refinance credit cards,528.0,169.45%,980xx,WA,10+ years,0.0
7400.0,2007-12-18,Consolidate Bills,652.0,24.58%,070xx,NJ,6 years,0.0
6000.0,2009-04-27,finish nursing school,517.0,7.5%,783xx,TX,4 years,0.0
10000.0,2009-01-24, ,636.0,23.81%,794xx,TX,2 years,0.0
5000.0,2007-12-19,sassykat944,472.0,22.36%,454xx,OH,< 1 year,0.0
2000.0,2008-07-25,School Loan,647.0,1.35%,331xx,FL,1 year,0.0
25000.0,2008-03-04,dsgBRLAt,579.0,6.53%,708xx,LA,1 year,0.0
10000.0,2009-03-14,solar panel purchase,630.0,4.45%,934xx,CA,1 year,0.0
3000.0,2008-03-26,Summer Vacation/ Debut Party,591.0,14.4%,484xx,MI,1 year,0.0
10000.0,2008-03-13,Small Business,586.0,25.59%,223xx,VA,3 years,0.0
25000.0,2009-01-24,RETRAINING FOR NEW JOB CAREER IN I.T.,654.0,8.21%,238xx,VA,9 years,0.0
2000.0,2007-10-29,mmcelwain,521.0,9.18%,131xx,NY,1 year,0.0
13500.0,2009-03-23, ,725.0,29.59%,346xx,FL,10+ years,0.0
1000.0,2008-09-03,NEEDING A COMPUTER,0.0,0%,625xx,IL,< 1 year,0.0
15000.0,2009-03-12,Just want to be like everyone else,576.0,24.11%,947xx,CA,10+ years,0.0
10000.0,2009-02-13,Military Service Member Needs Your Help!,749.0,7.37%,220xx,VA,10+ years,0.0
20000.0,2009-04-12, ,675.0,31.46%,891xx,NV,9 years,0.0
17350.0,2008-01-07,Credit card consolidation,690.0,20.62%,220xx,VA,6 years,0.0
2500.0,2008-01-14,Carolana,566.0,4.23%,926xx,CA,10+ years,0.0
9500.0,2007-11-28,debt_consolidation,658.0,29.36%,549xx,WI,6 years,0.0
2000.0,2009-04-20,Continuing my education ,513.0,0%,299xx,SC,< 1 year,0.0
1500.0,2008-11-16,getting back on track,465.0,10.19%,815xx,CO,1 year,0.0
5000.0,2007-11-27,tinkerbellz,584.0,9.78%,240xx,VA,1 year,0.0
5000.0,2009-04-06,house loan,418.0,25.58%,922xx,CA,9 years,0.0
7500.0,2008-04-08,To start building a home,479.0,13.68%,785xx,TX,< 1 year,0.0
5000.0,2007-06-19,christinam84,594.0,0%,127xx,NY,1 year,0.0
10000.0,2008-02-11,home_improvement,693.0,1.83%,655xx,MO,2 years,0.0
2500.0,2007-06-01,Scott Stowe,520.0,13.1%,460xx,IN,1 year,0.0
17000.0,2007-07-23,mimi1011,635.0,74.86%,282xx,NC,1 year,0.0
1000.0,2009-05-06,Need Loan to Pay off Balnce ,468.0,20.46%,787xx,TX,< 1 year,0.0
2000.0,2008-10-18,Personal Loan,624.0,352.2%,891xx,NV,10+ years,0.0
7500.0,2009-02-13, ,723.0,26.06%,173xx,PA,2 years,0.0
5000.0,2009-03-12,Motorcycle loan,582.0,20.24%,392xx,MS,< 1 year,0.0
5000.0,2008-01-12,adil,510.0,11.35%,085xx,NJ,< 1 year,0.0
4050.0,2008-09-10,Hard Working Man Starting New Business,0.0,0%,928xx,CA,10+ years,0.0
12000.0,2009-03-17,consolidate debt to lower payments,637.0,28.55%,355xx,AL,2 years,0.0
25000.0,2008-02-18,leahcim,691.0,51.33%,691xx,NE,< 1 year,0.0
4000.0,2009-02-26, ,642.0,0.3%,165xx,PA,4 years,0.0
10000.0,2008-12-31,Consolidate higher interest debt,465.0,10.11%,550xx,MN,10+ years,0.0
1000.0,2009-04-29,education,684.0,16.92%,721xx,AR,< 1 year,0.0
4000.0,2008-09-24,pay off my credit cards,639.0,46.52%,600xx,IL,2 years,0.0
14000.0,2008-01-13,Eldon,588.0,8.23%,721xx,AR,10+ years,0.0
10000.0,2008-01-11,Babs911,662.0,38.8%,500xx,IA,3 years,0.0
16565.0,2009-04-12, ,699.0,28.47%,405xx,KY,1 year,0.0
10000.0,2008-12-16, ,649.0,33.56%,441xx,OH,6 years,0.0
10000.0,2008-12-25,GE,731.0,28.69%,953xx,CA,6 years,0.0
10000.0,2009-03-14,Help me Help myself,457.0,37%,857xx,AZ,3 years,0.0
5000.0,2008-08-29,personal,521.0,18.12%,782xx,TX,< 1 year,0.0
15000.0,2008-11-30,business cash flow,530.0,26.28%,294xx,SC,4 years,0.0
5500.0,2008-11-04,To be current on my bills,536.0,18.78%,011xx,MA,2 years,0.0
6000.0,2008-08-11, ,778.0,38.09%,240xx,VA,10+ years,0.0
5400.0,2008-09-16,climbing out of debt,680.0,26.39%,461xx,IN,7 years,0.0
5000.0,2007-08-21,acooper2,533.0,10.82%,700xx,LA,1 year,0.0
7000.0,2008-11-05,Truck loan,651.0,6.19%,655xx,MO,3 years,0.0
6000.0,2008-11-08,Grossmont College Loan,508.0,37.8%,919xx,CA,3 years,0.0
2000.0,2009-04-09,Loan for outgoing navy recruit,600.0,15.31%,852xx,AZ,1 year,0.0
12000.0,2008-03-15,Strarting Over,393.0,24.58%,925xx,CA,10+ years,0.0
5500.0,2009-05-15,Worried Student,625.0,63.05%,644xx,MO,< 1 year,0.0
6500.0,2008-03-21,Financial Security in College,491.0,19.2%,021xx,MA,< 1 year,0.0
10000.0,2008-06-13, ,709.0,40.61%,200xx,DC,1 year,0.0
20000.0,2008-03-12,other,552.0,16.29%,781xx,TX,< 1 year,0.0
20000.0,2009-05-15,Music Publishing Company Seek Expansion ,617.0,3.13%,070xx,NJ,3 years,0.0
9000.0,2009-02-28,One Payment,689.0,1.72%,214xx,MD,5 years,0.0
20000.0,2008-11-23, ,698.0,37.13%,060xx,CT,10+ years,0.0
5000.0,2009-02-10,I want to stop paying high interest!,713.0,16.83%,300xx,GA,< 1 year,0.0
9500.0,2009-04-20,Growing my Business,595.0,12.37%,720xx,AR,4 years,0.0
20500.0,2009-04-27,hurricane redo,749.0,925.25%,775xx,TX,10+ years,0.0
15000.0,2009-03-16, ,720.0,8.09%,155xx,PA,1 year,0.0
6000.0,2009-02-14, ,700.0,34.2%,982xx,WA,2 years,0.0
20000.0,2008-12-07,Bridge Loan,724.0,32.51%,550xx,MN,10+ years,0.0
1500.0,2008-01-13,nicntan2,680.0,10.44%,580xx,ND,9 years,0.0
3000.0,2008-03-31,need a better truck,531.0,254.86%,280xx,NC,< 1 year,0.0
11000.0,2009-04-12,Working Capital with a Bonus to Lender,510.0,1.77%,522xx,IL,4 years,0.0
3000.0,2008-05-08,catch up bills,543.0,12.64%,278xx,NC,10+ years,0.0
15000.0,2008-10-30,High-end Designer brand resale inventory,523.0,40.63%,951xx,CA,2 years,0.0
15000.0,2008-03-20,auto loan,616.0,0%,956xx,CA,1 year,0.0
12000.0,2009-02-11,Basement,713.0,11.2%,672xx,KS,< 1 year,0.0
23000.0,2009-02-03, ,657.0,30.52%,261xx,WV,3 years,0.0
25000.0,2009-01-29,invest on a business,782.0,3.34%,731xx,OK,8 years,0.0
5000.0,2009-04-14, ,655.0,33.5%,115xx,NY,4 years,0.0
10000.0,2009-04-09,kevins loan,685.0,0.46%,207xx,MD,10+ years,0.0
15000.0,2009-01-24,Kim,591.0,16.17%,444xx,OH,1 year,0.0
5000.0,2008-03-12,School Loan,579.0,6.62%,729xx,AR,3 years,0.0
15000.0,2009-01-19,Visionhomes loan,646.0,71.95%,442xx,OH,2 years,0.0
25000.0,2008-01-13,SHADY,671.0,46.72%,235xx,VA,7 years,0.0
5000.0,2008-01-13,scout1,713.0,28.31%,283xx,NC,9 years,0.0
15000.0,2008-03-24,Bill Consolidation,713.0,26.06%,334xx,FL,1 year,0.0
11693.34,2008-01-02,debt_consolidation,662.0,12.85%,115xx,NY,10+ years,0.0
4500.0,2008-09-18,Loan for student (last year to graduate),604.0,15.49%,935xx,CA,3 years,0.0
15000.0,2008-11-30,lesson learned !!!,660.0,24.05%,946xx,CA,7 years,0.0
10500.0,2008-01-29,lazarusT,615.0,28.27%,385xx,TN,< 1 year,0.0
12000.0,2009-04-03,Floors,672.0,3.01%,344xx,FL,2 years,0.0
15000.0,2009-05-12,Looking to pay off debt/wedding costs,658.0,24.59%,531xx,WI,1 year,0.0
25000.0,2008-11-03,faustodebt,632.0,29.42%,950xx,CA,1 year,0.0
7500.0,2007-10-02,helpmebuy,541.0,0%,309xx,GA,< 1 year,0.0
5000.0,2008-09-01,Please help my family!,587.0,5.83%,431xx,OH,2 years,0.0
5000.0,2008-06-17, ,626.0,9.1%,700xx,LA,2 years,0.0
2500.0,2007-12-07,indiana1970,417.0,15.47%,467xx,IN,< 1 year,0.0
2500.0,2008-04-07,Paying Off High interest CC's,561.0,6.88%,840xx,UT,< 1 year,0.0
10000.0,2009-01-28,looking to consolidate my debt,606.0,11.47%,537xx,WI,6 years,0.0
5000.0,2008-05-28, ,633.0,14.51%,952xx,CA,2 years,0.0
4000.0,2008-10-23, ,0.0,0%,190xx,PA,6 years,0.0
5000.0,2008-01-21,I'd like to pay off a credit card that has a high interest rate.,637.0,36.5%,334xx,FL,10+ years,0.0
10000.0,2008-06-24, ,757.0,3.48%,358xx,AL,< 1 year,0.0
15000.0,2009-02-23,Debt Consolidation,747.0,4.56%,958xx,CA,1 year,0.0
1000.0,2007-10-08,seekingfreedom,559.0,69.45%,395xx,MS,2 years,0.0
7500.0,2009-03-11, ,674.0,57.98%,211xx,MD,2 years,0.0
4500.0,2009-02-22,Starting over,693.0,29.72%,452xx,OH,5 years,0.0
25000.0,2008-03-10,Internet Music Store - AutocratMusic.com,590.0,0%,945xx,CA,2 years,0.0
8000.0,2009-02-25,School Supplies,677.0,20.98%,900xx,CA,< 1 year,0.0
25000.0,2007-11-12,AkAv8r,693.0,44.25%,996xx,AK,< 1 year,0.0
3000.0,2009-03-08, ,622.0,11.7%,181xx,PA,2 years,0.0
7500.0,2008-04-14,newlyweds,686.0,29.88%,913xx,CA,8 years,0.0
1000.0,2008-03-25,car loan,636.0,0%,441xx,OH,1 year,0.0
1000.0,2008-12-02,house,499.0,6.8%,535xx,WI,< 1 year,0.0
8000.0,2008-10-18,motorcycle,663.0,19.44%,320xx,FL,1 year,0.0
5500.0,2008-12-18, ,624.0,8.14%,386xx,MS,< 1 year,0.0
16000.0,2009-04-26, ,762.0,0.13%,303xx,GA,2 years,0.0
15000.0,2008-10-19,PAY DOWN DEBT,437.0,17.29%,282xx,NC,2 years,0.0
6500.0,2008-01-13,Let's help each other!,656.0,9.42%,890xx,NV,< 1 year,0.0
20000.0,2008-12-07,First Year in My Second Home,530.0,23.14%,064xx,CT,2 years,0.0
10000.0,2009-04-30,Med school money,627.0,93.12%,352xx,AL,< 1 year,0.0
15000.0,2008-12-17,Startup Co. Needs Startup Money,429.0,6.71%,141xx,NY,1 year,0.0
6700.0,2009-02-09,Music equipment,495.0,11.2%,104xx,NY,< 1 year,0.0
15000.0,2009-04-09,Debt Consolidation,667.0,33.93%,351xx,AL,5 years,0.0
25000.0,2009-04-26,Credit Card Debt Relief,668.0,45.45%,142xx,NY,< 1 year,0.0
5000.0,2009-03-30,pay off some debt,525.0,10.24%,330xx,FL,< 1 year,0.0
2000.0,2009-01-08,i need loan,578.0,3.84%,606xx,IL,< 1 year,0.0
2000.0,2008-06-22,Debt Consolidation,646.0,1.27%,956xx,CA,< 1 year,0.0
10000.0,2009-03-13,personal debts,550.0,0%,113xx,NY,2 years,0.0
12000.0,2008-01-01,rkayne14,592.0,1.78%,981xx,WA,1 year,0.0
10000.0,2009-04-20,Personal Loan,507.0,10.64%,930xx,CA,10+ years,0.0
10000.0,2008-11-14,Down Payment for home loan,503.0,0%,448xx,OH,3 years,0.0
1000.0,2008-12-26,new home,416.0,3.96%,900xx,CA,1 year,0.0
2000.0,2008-03-22,School & Bills,565.0,10.95%,147xx,NY,3 years,0.0
1500.0,2008-06-24,Personal  loan,458.0,12.47%,210xx,MD,< 1 year,0.0
4000.0,2008-12-16,Final Wedding expenses,701.0,7.92%,070xx,NJ,< 1 year,0.0
10000.0,2008-04-07,Pay off Car,646.0,18.84%,217xx,MD,10+ years,0.0
10000.0,2008-04-24, ,642.0,4.2%,750xx,TX,2 years,0.0
15000.0,2008-12-16,Norma,522.0,61.07%,328xx,FL,< 1 year,0.0
25000.0,2008-01-14,Cza,551.0,23.21%,933xx,CA,10+ years,0.0
17000.0,2009-03-13, ,721.0,33.63%,176xx,PA,10+ years,0.0
8200.0,2009-02-09,personal loan,709.0,14.66%,270xx,SC,10+ years,0.0
2000.0,2008-12-13,Car Payments,489.0,13.75%,890xx,NV,3 years,0.0
2000.0,2008-05-07,Moving to warmer climate due to medical,573.0,0%,550xx,MN,< 1 year,0.0
10000.0,2008-10-20,start up costs for business,506.0,0%,932xx,CA,1 year,0.0
5000.0,2008-01-19,dlpuchala,599.0,34.33%,551xx,MN,10+ years,0.0
1000.0,2009-01-16,business,488.0,17.9%,761xx,TX,< 1 year,0.0
2000.0,2008-03-14,Auto Repair,0.0,0%,349xx,FL,< 1 year,0.0
3000.0,2008-04-03,Move to Tennessee,0.0,0%,392xx,MS,2 years,0.0
15000.0,2008-12-28,Bubbs' Wash & Fold,412.0,6.15%,835xx,WA,10+ years,0.0
12500.0,2008-02-12,debt_consolidation,0.0,0%,373xx,TN,10+ years,0.0
10000.0,2009-04-04, ,658.0,19.78%,912xx,CA,2 years,0.0
8000.0,2009-03-25,biscuit8391,628.0,1.4%,170xx,PA,2 years,0.0
9000.0,2008-02-10,My loan,693.0,0%,328xx,FL,< 1 year,0.0
1000.0,2007-07-31,V-sizzle,680.0,68%,210xx,MD,6 years,0.0
6000.0,2008-02-19,major_purchase,701.0,17.39%,795xx,TX,8 years,0.0
10000.0,2009-05-11,Major Investment - Personal and Business,609.0,10.4%,857xx,AZ,< 1 year,0.0
20000.0,2008-11-23,Folding three Credit Cards into One Loan,532.0,7.34%,282xx,SC,< 1 year,0.0
6700.0,2008-03-16,debt_consolidation,734.0,25.44%,088xx,NJ,< 1 year,0.0
25000.0,2008-10-25,pay off all high rate credit card.,709.0,24.16%,958xx,CA,9 years,0.0
7500.0,2008-09-29,consolidate credit cards and other debts,614.0,20.51%,923xx,CA,9 years,0.0
15000.0,2008-11-14,debt free,615.0,0%,891xx,NV,< 1 year,0.0
1500.0,2008-07-25,Education Fund,660.0,11.03%,234xx,VA,4 years,0.0
8500.0,2008-03-13,Short on Home Loan,697.0,17.57%,321xx,FL,7 years,0.0
20000.0,2008-03-21,pay debts as soon as possible,577.0,16.85%,760xx,TX,2 years,0.0
10000.0,2008-07-21,Dream vacation,479.0,20.97%,782xx,TX,10+ years,0.0
14000.0,2009-04-14, ,640.0,15.96%,984xx,WA,< 1 year,0.0
5000.0,2008-11-24,Personal Loan,617.0,3.04%,480xx,MI,5 years,0.0
10000.0,2009-04-16,Dental Assisting,458.0,14.52%,442xx,OH,3 years,0.0
5000.0,2008-11-03,DESPERATE NEED,608.0,0%,304xx,GA,1 year,0.0
14000.0,2009-04-16,Car,454.0,1.5%,900xx,CA,< 1 year,0.0
15000.0,2008-10-21, ,595.0,40.73%,967xx,HI,5 years,0.0
5000.0,2009-03-31,BACK RENT......,0.0,0%,661xx,KS,< 1 year,0.0
15000.0,2008-03-22,Dying to get my PhD!!,0.0,0%,483xx,MI,10+ years,0.0
9000.0,2008-11-20, ,673.0,1.3%,193xx,PA,4 years,0.0
5000.0,2008-11-13,Helping daughter with college,577.0,12.26%,561xx,MN,8 years,0.0
4000.0,2008-12-09,Consolidate Debt For New Life Direction,516.0,2.5%,312xx,GA,4 years,0.0
4100.0,2008-02-05,"This money will be used to fund my Roth IRA for 2007.  The market is down and this is the best time to fund it.  The reason my credit rating is low is because in October of last year, I did an APP-0-RAMA, basically applied for a bunch of 0% credit cards, and stuck the money in online savings accounts earning between 4 - 5%.  My FICO score at that time was 761.  Not sure what it is now, but my liquid assets total $190,000, and my total outstanding debt totals $69,000.  I would have no problem paying this off.  I just don't want to use credit card money that is only temporarily mine, nor do I want to sell my mutual funds in a down market.  Hope this clarifies my rating.",634.0,50.15%,622xx,IL,8 years,0.0
20000.0,2009-02-24,home purchase,0.0,0%,300xx,GA,8 years,0.0
15000.0,2009-04-16,dales student loan,682.0,10.1%,305xx,GA,10+ years,0.0
3000.0,2009-04-30,STUDENT LOAN,456.0,0%,638xx,MO,2 years,0.0
10000.0,2007-12-15,austinmhurst,528.0,6.24%,662xx,KS,5 years,0.0
10500.0,2009-04-28, ,678.0,12.94%,925xx,CA,2 years,0.0
6000.0,2007-11-06,CCK,637.0,27.48%,711xx,LA,10+ years,0.0
10000.0,2008-03-08,In a tight spot,561.0,0%,189xx,PA,7 years,0.0
4000.0,2008-11-12,Personal Loan,480.0,4.13%,485xx,MI,< 1 year,0.0
6000.0,2009-04-16,Elimination By First Consolidating,642.0,43.4%,083xx,NJ,4 years,0.0
5000.0,2007-11-18,cpkaiser,646.0,21.08%,630xx,MO,< 1 year,0.0
25000.0,2009-03-30,FUNDING FOR LOW RISK DEAL-,716.0,0.78%,432xx,OH,5 years,0.0
5000.0,2008-10-17,"BAY-AREA ,FEMALE ARTIST,HELP !",524.0,0%,945xx,CA,2 years,0.0
12000.0,2009-01-09,131 Liberty Street,679.0,0.45%,104xx,NY,10+ years,0.0
25000.0,2009-03-29,Consolidate for brian,574.0,28.21%,582xx,MN,7 years,0.0
3500.0,2007-12-13,betsymelba,465.0,2.87%,045xx,ME,4 years,0.0
7500.0,2008-10-13,pay bills,667.0,35.13%,967xx,HI,3 years,0.0
5000.0,2008-07-18,My Dream Business,0.0,0%,950xx,CA,< 1 year,0.0
12000.0,2008-02-29,kfhdancer,655.0,15.68%,559xx,MN,< 1 year,0.0
7500.0,2009-04-29,Consolidating High APR Credit Cards,686.0,50.23%,662xx,KS,< 1 year,0.0
1500.0,2009-01-15,Trying to to take a Master dance class,0.0,0%,132xx,NY,1 year,0.0
5000.0,2008-12-12,Consolidation of debt expenses requested,420.0,2.29%,945xx,CA,1 year,0.0
8000.0,2008-10-20,Inventory Loan,667.0,4.44%,769xx,TX,< 1 year,0.0
10000.0,2007-10-26,want to start business with jewelry,747.0,24.3%,148xx,NY,3 years,0.0
10000.0,2009-04-16,education/car/materials for class,607.0,1.1%,331xx,FL,2 years,0.0
6000.0,2008-12-03,Loan Needed to Complete Graduate School,597.0,37.35%,760xx,TX,1 year,0.0
15000.0,2009-04-23,School loan ,478.0,0%,641xx,MO,2 years,0.0
7000.0,2008-11-10,Eliminating Entire Credit Card Debt,622.0,13.24%,920xx,CA,< 1 year,0.0
12000.0,2009-01-15,Turn a $340/month Payment Into Less,660.0,50.75%,232xx,VA,2 years,0.0
3000.0,2009-03-24,loan,616.0,4.44%,191xx,PA,7 years,0.0
4000.0,2008-12-26,Personnel Exspense,447.0,0%,958xx,CA,6 years,0.0
5000.0,2008-10-15, ,646.0,9.38%,760xx,TX,4 years,0.0
12000.0,2008-01-22,cfoster,788.0,40.14%,394xx,MS,9 years,0.0
23500.0,2008-01-13,Praise HIM,598.0,6.26%,212xx,MD,< 1 year,0.0
3000.0,2009-03-27, ,701.0,35.69%,120xx,NY,10+ years,0.0
5000.0,2008-01-13,Dianne,715.0,46.58%,298xx,SC,10+ years,0.0
25000.0,2008-01-13,thephade,563.0,0%,809xx,CO,3 years,0.0
5000.0,2009-02-16,need money to pay bills,470.0,42.09%,852xx,AZ,7 years,0.0
20000.0,2008-04-05,Please Help Me Open My Business...,411.0,0%,191xx,PA,< 1 year,0.0
17000.0,2009-03-10, ,720.0,15.59%,294xx,SC,4 years,0.0
5500.0,2009-05-05,mgk motor cycle,630.0,13.13%,554xx,MN,10+ years,0.0
10000.0,2008-11-05,The Berna-Hilliard Wedding,656.0,19.95%,480xx,MI,< 1 year,0.0
4000.0,2008-04-07,Help me ,433.0,130.15%,319xx,GA,1 year,0.0
