loan_amnt,term,int_rate,grade,emp_length,home_ownership,annual_inc,loan_status,purpose,dti,delinq_2yrs,fico_range_low,fico_range_high,inq_last_6mths,pub_rec
24000.0, 36 months,11.22,B,8 years,RENT,88000.0,Charged Off,debt_consolidation,24.25,0.0,720.0,724.0,0.0,0.0
19200.0, 36 months,5.32,A,8 years,RENT,60000.0,Fully Paid,credit_card,17.84,0.0,720.0,724.0,0.0,0.0
7000.0, 36 months,5.32,A,10+ years,RENT,65000.0,Fully Paid,credit_card,3.18,2.0,700.0,704.0,0.0,0.0
20000.0, 36 months,12.59,C,2 years,RENT,80000.0,Fully Paid,debt_consolidation,23.36,0.0,665.0,669.0,2.0,0.0
1200.0, 36 months,8.49,B,,OWN,73000.0,Fully Paid,other,19.46,0.0,745.0,749.0,0.0,0.0
3000.0, 36 months,17.57,D,10+ years,MORTGAGE,50000.0,Fully Paid,moving,23.96,0.0,675.0,679.0,0.0,0.0
8000.0, 36 months,13.67,C,7 years,RENT,46000.0,Fully Paid,debt_consolidation,19.78,0.0,665.0,669.0,2.0,2.0
20000.0, 60 months,16.55,D,8 years,RENT,53900.0,Fully Paid,credit_card,33.87,0.0,670.0,674.0,0.0,0.0
16000.0, 60 months,16.55,D,3 years,MORTGAGE,70000.0,Fully Paid,credit_card,25.84,0.0,660.0,664.0,2.0,0.0
6000.0, 36 months,9.76,B,4 years,RENT,31000.0,Charged Off,credit_card,25.67,0.0,725.0,729.0,2.0,1.0
3000.0, 36 months,14.85,C,10+ years,RENT,70000.0,Fully Paid,other,8.81,0.0,700.0,704.0,1.0,0.0
4800.0, 36 months,10.64,B,< 1 year,RENT,62000.0,Fully Paid,debt_consolidation,20.87,2.0,700.0,704.0,1.0,0.0
25000.0, 60 months,15.77,D,6 years,MORTGAGE,58000.0,Charged Off,credit_card,20.57,0.0,705.0,709.0,0.0,0.0
8000.0, 36 months,5.32,A,8 years,MORTGAGE,85000.0,Fully Paid,debt_consolidation,13.55,0.0,785.0,789.0,0.0,0.0
7775.0, 36 months,17.57,D,10+ years,MORTGAGE,48000.0,Fully Paid,debt_consolidation,19.5,1.0,670.0,674.0,4.0,0.0
21000.0, 60 months,18.2,E,10+ years,RENT,78000.0,Charged Off,moving,22.98,1.0,670.0,674.0,0.0,0.0
4800.0, 36 months,11.99,C,8 years,MORTGAGE,62000.0,Fully Paid,other,7.31,0.0,675.0,679.0,0.0,0.0
5000.0, 36 months,9.17,B,2 years,RENT,85000.0,Fully Paid,credit_card,14.07,0.0,685.0,689.0,2.0,0.0
11600.0, 60 months,13.67,C,2 years,MORTGAGE,44000.0,Fully Paid,debt_consolidation,7.75,0.0,685.0,689.0,0.0,0.0
33000.0, 36 months,12.59,C,10+ years,MORTGAGE,88500.0,Charged Off,debt_consolidation,29.63,0.0,685.0,689.0,0.0,0.0
2100.0, 36 months,15.41,D,4 years,RENT,35000.0,Fully Paid,debt_consolidation,12.86,0.0,665.0,669.0,1.0,0.0
4800.0, 36 months,17.86,D,10+ years,MORTGAGE,35000.0,Charged Off,debt_consolidation,9.84,0.0,670.0,674.0,0.0,0.0
10000.0, 36 months,11.99,C,2 years,RENT,30000.0,Fully Paid,debt_consolidation,6.72,3.0,660.0,664.0,2.0,0.0
11350.0, 60 months,16.55,D,10+ years,MORTGAGE,68000.0,Fully Paid,debt_consolidation,36.75,0.0,735.0,739.0,0.0,0.0
9000.0, 36 months,15.41,D,9 years,MORTGAGE,29760.0,Fully Paid,other,28.99,0.0,665.0,669.0,1.0,0.0
12000.0, 36 months,9.17,B,2 years,MORTGAGE,85000.0,Fully Paid,major_purchase,18.99,1.0,690.0,694.0,3.0,0.0
35000.0, 60 months,11.99,C,2 years,MORTGAGE,77500.0,Fully Paid,debt_consolidation,30.07,0.0,755.0,759.0,1.0,0.0
10000.0, 36 months,10.78,B,8 years,RENT,45000.0,Fully Paid,credit_card,20.37,0.0,665.0,669.0,2.0,0.0
15000.0, 60 months,10.99,B,10+ years,MORTGAGE,135000.0,Fully Paid,major_purchase,7.09,0.0,730.0,734.0,0.0,0.0
30000.0, 60 months,20.5,E,5 years,MORTGAGE,227698.0,Charged Off,major_purchase,11.3,1.0,690.0,694.0,0.0,0.0
6650.0, 36 months,14.48,C,3 years,RENT,75000.0,Charged Off,debt_consolidation,9.2,0.0,665.0,669.0,1.0,0.0
18000.0, 60 months,17.57,D,8 years,OWN,122000.0,Fully Paid,debt_consolidation,14.13,0.0,675.0,679.0,0.0,0.0
15000.0, 60 months,18.99,E,10+ years,OWN,72000.0,Charged Off,vacation,16.17,0.0,695.0,699.0,0.0,1.0
16000.0, 36 months,11.48,B,8 years,RENT,185000.0,Fully Paid,debt_consolidation,15.29,2.0,670.0,674.0,0.0,0.0
7700.0, 36 months,10.64,B,< 1 year,RENT,65000.0,Fully Paid,debt_consolidation,5.74,0.0,670.0,674.0,0.0,0.0
30000.0, 36 months,9.99,B,10+ years,MORTGAGE,98000.0,Fully Paid,debt_consolidation,10.41,0.0,730.0,734.0,1.0,1.0
6000.0, 36 months,8.38,B,1 year,MORTGAGE,50000.0,Fully Paid,debt_consolidation,16.03,0.0,715.0,719.0,0.0,0.0
7000.0, 36 months,10.64,B,3 years,MORTGAGE,42000.0,Fully Paid,credit_card,19.94,0.0,705.0,709.0,0.0,0.0
23100.0, 60 months,17.57,D,10+ years,RENT,57800.0,Charged Off,debt_consolidation,19.1,1.0,660.0,664.0,1.0,0.0
15000.0, 60 months,15.41,D,< 1 year,MORTGAGE,42000.0,Fully Paid,debt_consolidation,24.77,0.0,665.0,669.0,0.0,0.0
13600.0, 60 months,25.09,F,3 years,RENT,40000.0,Charged Off,debt_consolidation,28.35,0.0,675.0,679.0,0.0,0.0
8000.0, 36 months,8.49,B,3 years,MORTGAGE,48000.0,Fully Paid,credit_card,15.15,0.0,670.0,674.0,4.0,0.0
17000.0, 60 months,12.05,C,3 years,MORTGAGE,51500.0,Charged Off,debt_consolidation,12.26,0.0,695.0,699.0,2.0,0.0
8000.0, 36 months,11.99,C,< 1 year,MORTGAGE,72000.0,Fully Paid,debt_consolidation,31.85,0.0,700.0,704.0,3.0,0.0
3200.0, 36 months,10.64,B,,RENT,71274.36,Fully Paid,vacation,31.45,0.0,695.0,699.0,1.0,0.0
28000.0, 60 months,7.89,A,2 years,RENT,260000.0,Fully Paid,credit_card,9.13,0.0,700.0,704.0,0.0,0.0
1000.0, 36 months,12.59,C,2 years,RENT,5360.0,Charged Off,other,15.92,0.0,680.0,684.0,0.0,0.0
5000.0, 36 months,9.17,B,2 years,RENT,80000.0,Charged Off,major_purchase,17.0,1.0,665.0,669.0,0.0,0.0
19200.0, 60 months,13.67,C,2 years,MORTGAGE,85000.0,Charged Off,credit_card,11.46,0.0,680.0,684.0,1.0,0.0
15000.0, 36 months,10.64,B,10+ years,RENT,52000.0,Fully Paid,debt_consolidation,19.69,0.0,660.0,664.0,1.0,1.0
19200.0, 36 months,5.32,A,< 1 year,MORTGAGE,65000.0,Fully Paid,credit_card,21.25,0.0,690.0,694.0,0.0,1.0
20000.0, 36 months,5.32,A,10+ years,MORTGAGE,100000.0,Fully Paid,debt_consolidation,4.04,0.0,810.0,814.0,0.0,0.0
12000.0, 36 months,7.26,A,< 1 year,RENT,90400.0,Fully Paid,debt_consolidation,13.39,0.0,735.0,739.0,1.0,0.0
11450.0, 36 months,16.55,D,2 years,RENT,55000.0,Fully Paid,other,25.53,0.0,690.0,694.0,0.0,0.0
35000.0, 36 months,8.38,B,10+ years,MORTGAGE,700000.0,Fully Paid,credit_card,5.1,0.0,710.0,714.0,0.0,10.0
28000.0, 60 months,10.64,B,10+ years,MORTGAGE,130000.0,Fully Paid,debt_consolidation,18.29,0.0,745.0,749.0,0.0,0.0
8000.0, 36 months,9.99,B,6 years,RENT,36000.0,Fully Paid,credit_card,23.9,1.0,680.0,684.0,0.0,0.0
17550.0, 36 months,13.67,C,10+ years,MORTGAGE,50000.0,Fully Paid,credit_card,37.95,0.0,675.0,679.0,0.0,1.0
24000.0, 60 months,17.57,D,10+ years,RENT,72000.0,Charged Off,debt_consolidation,22.62,0.0,690.0,694.0,0.0,1.0
19625.0, 36 months,18.49,D,5 years,MORTGAGE,79500.0,Fully Paid,debt_consolidation,18.9,2.0,675.0,679.0,0.0,0.0
23000.0, 36 months,14.48,C,10+ years,RENT,57000.0,Fully Paid,car,32.69,1.0,690.0,694.0,0.0,0.0
14400.0, 36 months,7.49,A,10+ years,MORTGAGE,78000.0,Fully Paid,credit_card,28.8,0.0,695.0,699.0,1.0,0.0
4675.0, 36 months,24.99,F,1 year,MORTGAGE,42000.0,Charged Off,debt_consolidation,22.13,0.0,675.0,679.0,1.0,0.0
7000.0, 36 months,11.22,B,10+ years,OWN,65000.0,Fully Paid,credit_card,34.51,1.0,665.0,669.0,0.0,0.0
11800.0, 36 months,9.17,B,5 years,RENT,120600.0,Fully Paid,debt_consolidation,25.47,0.0,720.0,724.0,0.0,0.0
10000.0, 36 months,5.32,A,10+ years,MORTGAGE,85000.0,Fully Paid,debt_consolidation,16.87,0.0,715.0,719.0,1.0,0.0
1000.0, 36 months,12.59,C,2 years,RENT,30600.0,Fully Paid,other,17.76,0.0,665.0,669.0,0.0,0.0
1500.0, 36 months,7.26,A,3 years,MORTGAGE,89000.0,Fully Paid,credit_card,27.07,0.0,680.0,684.0,0.0,1.0
14075.0, 36 months,11.99,C,10+ years,RENT,32000.0,Fully Paid,debt_consolidation,22.51,2.0,665.0,669.0,0.0,0.0
30000.0, 36 months,17.86,D,10+ years,MORTGAGE,94000.0,Fully Paid,debt_consolidation,10.72,1.0,660.0,664.0,1.0,0.0
10000.0, 60 months,13.67,C,2 years,RENT,76000.0,Charged Off,credit_card,20.16,0.0,740.0,744.0,0.0,0.0
15000.0, 36 months,5.32,A,7 years,MORTGAGE,66000.0,Fully Paid,credit_card,16.98,0.0,755.0,759.0,0.0,0.0
10000.0, 36 months,9.17,B,10+ years,MORTGAGE,62044.0,Fully Paid,credit_card,15.38,0.0,720.0,724.0,0.0,0.0
9800.0, 36 months,5.32,A,10+ years,RENT,68000.0,Fully Paid,credit_card,4.08,0.0,725.0,729.0,0.0,0.0
8000.0, 36 months,9.99,B,< 1 year,RENT,50000.0,Fully Paid,credit_card,16.75,0.0,665.0,669.0,5.0,0.0
5000.0, 36 months,18.99,E,10+ years,OWN,50000.0,Charged Off,moving,21.89,0.0,695.0,699.0,0.0,0.0
2000.0, 36 months,10.78,B,10+ years,RENT,66000.0,Fully Paid,vacation,8.55,0.0,675.0,679.0,0.0,1.0
6000.0, 36 months,13.18,C,< 1 year,MORTGAGE,58000.0,Fully Paid,debt_consolidation,20.26,0.0,670.0,674.0,1.0,1.0
4200.0, 36 months,7.26,A,10+ years,OWN,96000.0,Fully Paid,home_improvement,17.1,0.0,715.0,719.0,1.0,0.0
16275.0, 36 months,18.99,E,10+ years,MORTGAGE,76000.0,Charged Off,debt_consolidation,11.53,5.0,695.0,699.0,2.0,0.0
16800.0, 60 months,22.45,F,,MORTGAGE,50000.0,Fully Paid,debt_consolidation,20.51,0.0,680.0,684.0,1.0,0.0
8000.0, 36 months,17.86,D,10+ years,RENT,44000.0,Fully Paid,credit_card,29.72,0.0,680.0,684.0,1.0,0.0
9500.0, 36 months,6.24,A,10+ years,OWN,63000.0,Fully Paid,debt_consolidation,27.41,0.0,765.0,769.0,0.0,0.0
12000.0, 36 months,7.89,A,6 years,RENT,42000.0,Fully Paid,debt_consolidation,15.14,0.0,740.0,744.0,0.0,0.0
8000.0, 36 months,9.17,B,10+ years,RENT,40000.0,Fully Paid,debt_consolidation,20.76,0.0,695.0,699.0,1.0,0.0
10000.0, 60 months,16.99,D,,MORTGAGE,26000.0,Charged Off,credit_card,32.78,0.0,660.0,664.0,2.0,1.0
25000.0, 36 months,8.38,B,1 year,RENT,65400.0,Fully Paid,debt_consolidation,33.82,0.0,735.0,739.0,1.0,0.0
5700.0, 36 months,11.99,C,4 years,RENT,26000.0,Charged Off,credit_card,23.73,0.0,685.0,689.0,1.0,0.0
18000.0, 60 months,15.41,D,10+ years,MORTGAGE,82000.0,Charged Off,debt_consolidation,14.21,0.0,695.0,699.0,0.0,0.0
5000.0, 36 months,11.49,B,1 year,RENT,55000.0,Fully Paid,home_improvement,24.37,0.0,665.0,669.0,0.0,0.0
10000.0, 36 months,6.89,A,3 years,RENT,45000.0,Fully Paid,debt_consolidation,17.68,0.0,695.0,699.0,0.0,0.0
1500.0, 36 months,7.26,A,10+ years,RENT,51000.0,Fully Paid,debt_consolidation,25.22,0.0,735.0,739.0,0.0,0.0
9000.0, 36 months,6.89,A,10+ years,RENT,35000.0,Fully Paid,credit_card,10.6,0.0,715.0,719.0,0.0,0.0
5000.0, 36 months,11.22,B,5 years,RENT,34000.0,Charged Off,debt_consolidation,25.06,1.0,665.0,669.0,0.0,0.0
35000.0, 60 months,15.41,D,1 year,MORTGAGE,155000.0,Fully Paid,debt_consolidation,10.89,0.0,725.0,729.0,1.0,0.0
25000.0, 36 months,7.26,A,10+ years,MORTGAGE,135000.0,Fully Paid,debt_consolidation,24.23,0.0,720.0,724.0,0.0,0.0
20000.0, 36 months,9.17,B,10+ years,RENT,84000.0,Fully Paid,debt_consolidation,7.56,0.0,670.0,674.0,0.0,1.0
10000.0, 36 months,11.99,C,10+ years,RENT,70000.0,Fully Paid,debt_consolidation,11.4,0.0,675.0,679.0,0.0,0.0
15000.0, 60 months,11.99,C,1 year,RENT,55000.0,Fully Paid,credit_card,15.08,0.0,700.0,704.0,0.0,0.0
10000.0, 36 months,17.57,D,3 years,MORTGAGE,35000.0,Fully Paid,credit_card,15.02,0.0,665.0,669.0,3.0,0.0
12900.0, 36 months,17.97,D,8 years,RENT,38000.0,Fully Paid,small_business,29.85,0.0,660.0,664.0,0.0,0.0
4000.0, 36 months,9.76,B,5 years,MORTGAGE,71000.0,Fully Paid,credit_card,27.16,0.0,705.0,709.0,2.0,0.0
12000.0, 36 months,5.32,A,8 years,OWN,40000.0,Fully Paid,credit_card,13.68,0.0,740.0,744.0,0.0,0.0
7225.0, 36 months,18.49,E,3 years,MORTGAGE,26665.0,Charged Off,credit_card,31.55,1.0,670.0,674.0,1.0,1.0
25900.0, 36 months,13.18,C,5 years,MORTGAGE,81000.0,Charged Off,other,20.3,0.0,660.0,664.0,2.0,1.0
10000.0, 36 months,15.41,D,2 years,RENT,44000.0,Fully Paid,moving,17.49,1.0,675.0,679.0,0.0,0.0
10000.0, 36 months,9.17,B,5 years,MORTGAGE,77000.0,Fully Paid,debt_consolidation,9.77,0.0,665.0,669.0,1.0,1.0
10000.0, 36 months,12.59,C,4 years,OWN,20000.0,Charged Off,credit_card,6.84,0.0,680.0,684.0,3.0,0.0
11800.0, 36 months,14.33,C,10+ years,RENT,115000.0,Fully Paid,debt_consolidation,7.27,0.0,665.0,669.0,0.0,0.0
15000.0, 60 months,18.99,E,5 years,MORTGAGE,56000.0,Fully Paid,major_purchase,13.29,1.0,665.0,669.0,0.0,0.0
5000.0, 36 months,5.32,A,10+ years,OWN,70000.0,Fully Paid,credit_card,6.62,0.0,815.0,819.0,1.0,0.0
21600.0, 60 months,17.27,D,3 years,MORTGAGE,85000.0,Charged Off,debt_consolidation,17.63,1.0,665.0,669.0,0.0,1.0
7500.0, 36 months,11.22,B,3 years,MORTGAGE,62000.0,Fully Paid,debt_consolidation,13.18,0.0,665.0,669.0,0.0,0.0
29950.0, 36 months,17.27,D,10+ years,RENT,71088.0,Fully Paid,debt_consolidation,20.39,0.0,710.0,714.0,0.0,0.0
20000.0, 60 months,11.99,C,9 years,OWN,55000.0,Fully Paid,debt_consolidation,28.89,0.0,730.0,734.0,0.0,0.0
9000.0, 36 months,5.32,A,7 years,RENT,35000.0,Fully Paid,credit_card,17.44,0.0,760.0,764.0,0.0,0.0
10000.0, 60 months,16.99,D,1 year,RENT,49700.0,Fully Paid,credit_card,15.36,0.0,660.0,664.0,1.0,1.0
11000.0, 60 months,10.64,B,1 year,MORTGAGE,57000.0,Fully Paid,credit_card,33.88,0.0,705.0,709.0,0.0,0.0
12600.0, 36 months,8.38,B,2 years,MORTGAGE,42400.0,Fully Paid,debt_consolidation,21.43,0.0,690.0,694.0,2.0,0.0
25000.0, 36 months,12.59,C,5 years,RENT,70000.0,Fully Paid,other,18.43,0.0,710.0,714.0,1.0,0.0
10000.0, 60 months,13.67,C,< 1 year,MORTGAGE,45000.0,Fully Paid,debt_consolidation,8.13,0.0,665.0,669.0,0.0,0.0
6800.0, 36 months,9.76,B,4 years,MORTGAGE,55000.0,Fully Paid,debt_consolidation,8.16,0.0,675.0,679.0,0.0,0.0
10000.0, 36 months,7.89,A,9 years,MORTGAGE,250000.0,Fully Paid,debt_consolidation,11.3,0.0,695.0,699.0,1.0,0.0
15000.0, 60 months,18.49,E,3 years,RENT,33600.0,Charged Off,credit_card,19.32,0.0,715.0,719.0,0.0,1.0
5025.0, 36 months,20.99,E,4 years,RENT,118000.0,Fully Paid,debt_consolidation,13.9,7.0,660.0,664.0,4.0,2.0
2400.0, 36 months,17.27,D,2 years,MORTGAGE,52000.0,Fully Paid,home_improvement,28.38,1.0,670.0,674.0,1.0,1.0
14400.0, 36 months,12.59,C,7 years,RENT,120000.0,Fully Paid,moving,7.59,0.0,685.0,689.0,0.0,2.0
5650.0, 36 months,6.24,A,,MORTGAGE,40632.0,Fully Paid,credit_card,30.15,0.0,785.0,789.0,0.0,0.0
9000.0, 36 months,9.99,B,4 years,RENT,70000.0,Fully Paid,debt_consolidation,18.36,1.0,675.0,679.0,0.0,0.0
4800.0, 36 months,8.38,B,10+ years,OWN,40000.0,Fully Paid,credit_card,21.31,0.0,665.0,669.0,0.0,1.0
5475.0, 36 months,18.49,D,10+ years,RENT,21000.0,Fully Paid,debt_consolidation,29.71,0.0,680.0,684.0,3.0,0.0
1000.0, 36 months,7.89,A,3 years,MORTGAGE,52000.0,Fully Paid,major_purchase,12.2,0.0,685.0,689.0,0.0,0.0
35000.0, 36 months,18.2,E,9 years,RENT,89000.0,Fully Paid,credit_card,25.42,0.0,665.0,669.0,1.0,0.0
5000.0, 36 months,7.89,A,6 years,OWN,80000.0,Fully Paid,credit_card,15.21,0.0,730.0,734.0,1.0,0.0
9600.0, 36 months,17.57,D,1 year,RENT,27000.0,Charged Off,debt_consolidation,31.29,1.0,660.0,664.0,0.0,0.0
35000.0, 60 months,11.99,C,8 years,MORTGAGE,95000.0,Fully Paid,debt_consolidation,11.89,0.0,730.0,734.0,0.0,0.0
10000.0, 60 months,9.17,B,3 years,RENT,59000.0,Charged Off,credit_card,9.64,0.0,720.0,724.0,0.0,0.0
9800.0, 36 months,11.99,C,10+ years,RENT,45000.0,Fully Paid,credit_card,15.57,2.0,670.0,674.0,3.0,0.0
13000.0, 36 months,7.89,A,10+ years,MORTGAGE,80000.0,Fully Paid,debt_consolidation,19.5,0.0,695.0,699.0,1.0,0.0
10000.0, 36 months,12.59,C,10+ years,RENT,35000.0,Fully Paid,debt_consolidation,28.74,0.0,685.0,689.0,1.0,1.0
21000.0, 36 months,10.64,B,< 1 year,RENT,80000.0,Fully Paid,debt_consolidation,14.43,1.0,680.0,684.0,0.0,0.0
10000.0, 60 months,14.48,C,10+ years,RENT,40000.0,Fully Paid,debt_consolidation,19.02,0.0,660.0,664.0,2.0,0.0
15000.0, 36 months,13.67,C,10+ years,RENT,42000.0,Charged Off,debt_consolidation,27.09,0.0,680.0,684.0,0.0,0.0
15000.0, 60 months,17.86,D,10+ years,MORTGAGE,70000.0,Charged Off,major_purchase,35.78,0.0,660.0,664.0,4.0,0.0
5600.0, 36 months,9.76,B,9 years,RENT,34000.0,Fully Paid,debt_consolidation,14.17,0.0,685.0,689.0,0.0,0.0
7200.0, 36 months,9.76,B,2 years,RENT,72500.0,Charged Off,debt_consolidation,8.24,0.0,685.0,689.0,0.0,2.0
16000.0, 36 months,5.32,A,2 years,RENT,121000.0,Fully Paid,car,19.38,0.0,715.0,719.0,1.0,0.0
4800.0, 36 months,13.18,C,7 years,OWN,79000.0,Fully Paid,debt_consolidation,15.77,1.0,690.0,694.0,3.0,0.0
3550.0, 36 months,13.18,C,1 year,RENT,40000.0,Fully Paid,debt_consolidation,18.18,2.0,670.0,674.0,0.0,1.0
6000.0, 36 months,12.05,C,10+ years,RENT,90000.0,Fully Paid,debt_consolidation,20.78,1.0,670.0,674.0,0.0,0.0
12000.0, 36 months,8.38,B,,RENT,60000.0,Fully Paid,credit_card,20.72,1.0,700.0,704.0,0.0,0.0
35000.0, 36 months,7.89,A,10+ years,MORTGAGE,150000.0,Fully Paid,debt_consolidation,28.66,3.0,680.0,684.0,0.0,0.0
22000.0, 36 months,8.38,B,2 years,RENT,121000.0,Fully Paid,debt_consolidation,15.13,0.0,705.0,709.0,0.0,0.0
12500.0, 36 months,12.59,C,5 years,MORTGAGE,54000.0,Fully Paid,debt_consolidation,17.16,0.0,675.0,679.0,1.0,0.0
4000.0, 36 months,18.2,E,< 1 year,RENT,10000.0,Fully Paid,credit_card,57.14,0.0,660.0,664.0,2.0,0.0
30000.0, 60 months,12.59,C,< 1 year,OWN,80000.0,Charged Off,debt_consolidation,10.26,0.0,735.0,739.0,2.0,0.0
21150.0, 36 months,13.67,C,10+ years,RENT,70000.0,Fully Paid,debt_consolidation,31.5,0.0,710.0,714.0,0.0,0.0
18000.0, 36 months,10.99,B,10+ years,OWN,50000.0,Fully Paid,debt_consolidation,27.77,0.0,705.0,709.0,0.0,0.0
11000.0, 36 months,11.22,B,8 years,RENT,57511.91,Fully Paid,debt_consolidation,4.3,0.0,690.0,694.0,1.0,0.0
25150.0, 60 months,18.99,E,10+ years,MORTGAGE,63000.0,Fully Paid,debt_consolidation,19.98,0.0,735.0,739.0,1.0,1.0
25000.0, 60 months,8.18,B,9 years,MORTGAGE,110000.0,Fully Paid,debt_consolidation,25.42,0.0,695.0,699.0,0.0,0.0
6700.0, 36 months,14.48,C,< 1 year,RENT,30000.0,Charged Off,debt_consolidation,12.44,0.0,660.0,664.0,1.0,1.0
10000.0, 36 months,8.38,B,3 years,MORTGAGE,155000.0,Fully Paid,debt_consolidation,8.26,0.0,675.0,679.0,0.0,0.0
10000.0, 36 months,9.17,B,5 years,RENT,50000.0,Charged Off,small_business,2.86,0.0,755.0,759.0,0.0,0.0
13000.0, 60 months,12.05,C,10+ years,MORTGAGE,50000.0,Fully Paid,debt_consolidation,13.39,1.0,690.0,694.0,0.0,0.0
13000.0, 36 months,8.38,B,1 year,OWN,50000.0,Fully Paid,credit_card,24.8,0.0,675.0,679.0,0.0,0.0
6000.0, 36 months,7.91,A,2 years,RENT,41000.0,Fully Paid,debt_consolidation,15.06,0.0,730.0,734.0,0.0,0.0
7375.0, 36 months,18.49,E,,OWN,21704.0,Charged Off,home_improvement,38.11,0.0,715.0,719.0,0.0,0.0
13500.0, 36 months,11.22,B,,MORTGAGE,96000.0,Fully Paid,credit_card,14.71,0.0,675.0,679.0,0.0,4.0
12000.0, 36 months,15.41,D,1 year,RENT,96000.0,Charged Off,other,5.71,0.0,665.0,669.0,0.0,0.0
10750.0, 36 months,9.17,B,10+ years,MORTGAGE,60000.0,Fully Paid,debt_consolidation,23.64,0.0,680.0,684.0,0.0,0.0
28000.0, 36 months,14.48,C,10+ years,RENT,80000.0,Charged Off,debt_consolidation,21.09,1.0,710.0,714.0,0.0,0.0
15000.0, 60 months,13.18,C,4 years,MORTGAGE,30000.0,Fully Paid,debt_consolidation,14.28,1.0,665.0,669.0,4.0,0.0
14000.0, 60 months,11.22,B,10+ years,OWN,63000.0,Fully Paid,home_improvement,22.63,2.0,730.0,734.0,0.0,0.0
8175.0, 36 months,24.99,F,4 years,OWN,97000.0,Charged Off,debt_consolidation,7.05,0.0,680.0,684.0,2.0,0.0
8000.0, 36 months,10.64,B,5 years,RENT,60000.0,Fully Paid,debt_consolidation,5.62,3.0,670.0,674.0,1.0,0.0
3775.0, 36 months,11.99,C,2 years,RENT,17795.0,Fully Paid,credit_card,34.01,0.0,675.0,679.0,0.0,0.0
12000.0, 36 months,17.86,D,2 years,RENT,24000.0,Fully Paid,small_business,16.25,0.0,690.0,694.0,0.0,0.0
28800.0, 60 months,9.76,B,6 years,MORTGAGE,210000.0,Fully Paid,debt_consolidation,27.45,0.0,710.0,714.0,1.0,0.0
20000.0, 36 months,6.89,A,5 years,RENT,105000.0,Fully Paid,debt_consolidation,27.63,0.0,685.0,689.0,0.0,0.0
2525.0, 36 months,19.99,E,2 years,RENT,51000.0,Fully Paid,other,12.66,0.0,665.0,669.0,0.0,0.0
32225.0, 36 months,19.99,E,7 years,RENT,120000.0,Fully Paid,house,5.38,1.0,680.0,684.0,3.0,1.0
18000.0, 36 months,6.24,A,1 year,RENT,120000.0,Fully Paid,credit_card,26.79,0.0,735.0,739.0,0.0,0.0
8000.0, 36 months,9.76,B,6 years,MORTGAGE,39000.0,Charged Off,debt_consolidation,21.72,1.0,665.0,669.0,0.0,2.0
21000.0, 36 months,7.26,A,10+ years,MORTGAGE,190000.0,Fully Paid,credit_card,13.96,0.0,700.0,704.0,2.0,0.0
3000.0, 36 months,9.17,B,,OWN,135299.0,Charged Off,other,10.35,0.0,680.0,684.0,0.0,0.0
7500.0, 36 months,5.32,A,< 1 year,MORTGAGE,100000.0,Fully Paid,credit_card,21.94,0.0,700.0,704.0,0.0,0.0
5500.0, 36 months,8.38,B,8 years,MORTGAGE,45000.0,Fully Paid,debt_consolidation,15.32,0.0,740.0,744.0,0.0,0.0
23000.0, 36 months,7.89,A,10+ years,RENT,50000.0,Fully Paid,debt_consolidation,24.32,0.0,680.0,684.0,0.0,0.0
10000.0, 36 months,13.67,C,3 years,RENT,57000.0,Fully Paid,credit_card,18.19,0.0,680.0,684.0,2.0,0.0
9600.0, 36 months,5.32,A,1 year,RENT,27000.0,Fully Paid,debt_consolidation,16.31,0.0,720.0,724.0,0.0,0.0
18000.0, 36 months,6.24,A,2 years,RENT,60000.0,Fully Paid,credit_card,14.02,0.0,725.0,729.0,0.0,0.0
11825.0, 60 months,16.99,D,10+ years,OWN,67000.0,Charged Off,debt_consolidation,24.97,0.0,670.0,674.0,1.0,4.0
6000.0, 36 months,13.67,C,10+ years,MORTGAGE,110000.0,Fully Paid,house,16.16,1.0,700.0,704.0,0.0,0.0
10950.0, 36 months,19.48,E,3 years,RENT,60000.0,Fully Paid,debt_consolidation,18.38,0.0,660.0,664.0,2.0,2.0
8500.0, 36 months,10.64,B,4 years,RENT,30000.0,Fully Paid,credit_card,9.28,0.0,690.0,694.0,0.0,0.0
3575.0, 36 months,7.26,A,10+ years,RENT,13000.0,Fully Paid,debt_consolidation,9.88,0.0,715.0,719.0,0.0,0.0
35000.0, 36 months,16.55,D,4 years,MORTGAGE,94000.0,Fully Paid,debt_consolidation,22.65,0.0,665.0,669.0,1.0,1.0
12000.0, 36 months,11.48,B,< 1 year,OWN,80000.0,Fully Paid,debt_consolidation,1.8,1.0,690.0,694.0,1.0,1.0
10000.0, 36 months,10.64,B,,MORTGAGE,75885.96,Charged Off,debt_consolidation,31.09,0.0,710.0,714.0,0.0,0.0
6000.0, 36 months,11.22,B,3 years,MORTGAGE,42000.0,Charged Off,debt_consolidation,14.23,0.0,680.0,684.0,0.0,0.0
17750.0, 36 months,13.99,C,1 year,MORTGAGE,76780.0,Fully Paid,credit_card,13.49,0.0,680.0,684.0,0.0,2.0
22800.0, 60 months,23.99,F,10+ years,RENT,60000.0,Fully Paid,debt_consolidation,13.14,0.0,695.0,699.0,1.0,0.0
3000.0, 36 months,11.22,B,10+ years,OWN,39000.0,Fully Paid,other,16.37,0.0,670.0,674.0,0.0,1.0
25000.0, 36 months,11.49,B,3 years,RENT,90000.0,Fully Paid,debt_consolidation,14.13,1.0,670.0,674.0,1.0,0.0
7225.0, 36 months,16.99,D,8 years,RENT,27000.0,Fully Paid,debt_consolidation,25.55,2.0,665.0,669.0,2.0,0.0
4000.0, 36 months,10.99,B,5 years,RENT,25000.0,Fully Paid,debt_consolidation,21.69,0.0,725.0,729.0,0.0,0.0
2500.0, 36 months,17.57,D,,RENT,29000.0,Charged Off,other,2.24,0.0,695.0,699.0,0.0,0.0
15000.0, 36 months,8.38,B,8 years,MORTGAGE,94000.0,Fully Paid,home_improvement,9.13,3.0,665.0,669.0,0.0,0.0
15000.0, 36 months,7.89,A,< 1 year,RENT,60000.0,Fully Paid,credit_card,23.0,0.0,685.0,689.0,1.0,0.0
10000.0, 36 months,9.17,B,2 years,RENT,60000.0,Fully Paid,credit_card,16.98,1.0,660.0,664.0,0.0,0.0
21000.0, 36 months,11.99,C,10+ years,MORTGAGE,85000.0,Fully Paid,credit_card,19.37,0.0,685.0,689.0,3.0,2.0
15000.0, 60 months,13.18,C,,MORTGAGE,50000.0,Fully Paid,debt_consolidation,22.71,1.0,665.0,669.0,0.0,0.0
14000.0, 60 months,7.89,A,10+ years,OWN,42000.0,Fully Paid,credit_card,15.37,1.0,720.0,724.0,0.0,0.0
18000.0, 60 months,11.48,B,9 years,MORTGAGE,52000.0,Fully Paid,debt_consolidation,26.26,1.0,695.0,699.0,0.0,0.0
21150.0, 36 months,11.22,B,3 years,RENT,46000.0,Fully Paid,credit_card,18.0,0.0,675.0,679.0,0.0,0.0
2500.0, 36 months,16.59,D,3 years,RENT,30000.0,Fully Paid,other,10.96,0.0,675.0,679.0,0.0,0.0
5600.0, 36 months,10.64,B,10+ years,MORTGAGE,55000.0,Fully Paid,home_improvement,20.82,0.0,735.0,739.0,0.0,0.0
6000.0, 36 months,13.18,C,,RENT,31000.0,Charged Off,credit_card,13.51,0.0,705.0,709.0,0.0,0.0
7250.0, 36 months,7.26,A,2 years,RENT,26000.0,Fully Paid,credit_card,35.18,0.0,770.0,774.0,0.0,0.0
6000.0, 36 months,8.18,B,10+ years,RENT,90000.0,Fully Paid,other,22.25,0.0,675.0,679.0,1.0,0.0
5000.0, 36 months,11.99,C,,MORTGAGE,41172.0,Charged Off,other,24.34,0.0,710.0,714.0,0.0,0.0
28300.0, 60 months,17.57,D,< 1 year,RENT,59000.0,Charged Off,credit_card,16.05,0.0,720.0,724.0,0.0,0.0
20000.0, 36 months,13.67,C,8 years,RENT,90000.0,Fully Paid,debt_consolidation,20.52,0.0,675.0,679.0,2.0,1.0
24000.0, 60 months,9.76,B,10+ years,MORTGAGE,105000.0,Fully Paid,debt_consolidation,33.87,0.0,685.0,689.0,0.0,0.0
7000.0, 36 months,11.22,B,7 years,OWN,37000.0,Fully Paid,debt_consolidation,18.13,0.0,725.0,729.0,0.0,0.0
6000.0, 36 months,9.17,B,1 year,OWN,40000.0,Charged Off,debt_consolidation,16.5,1.0,665.0,669.0,1.0,0.0
11200.0, 36 months,9.17,B,8 years,MORTGAGE,80000.0,Fully Paid,debt_consolidation,9.65,2.0,660.0,664.0,1.0,0.0
35000.0, 60 months,17.57,D,8 years,MORTGAGE,75000.0,Charged Off,credit_card,22.16,0.0,710.0,714.0,0.0,0.0
21000.0, 60 months,16.55,D,10+ years,RENT,87100.0,Charged Off,debt_consolidation,36.62,0.0,660.0,664.0,1.0,0.0
13200.0, 36 months,5.32,A,,RENT,68000.0,Fully Paid,credit_card,15.13,0.0,760.0,764.0,0.0,0.0
15000.0, 36 months,10.64,B,10+ years,RENT,103000.0,Fully Paid,debt_consolidation,23.4,2.0,695.0,699.0,0.0,0.0
16500.0, 36 months,8.38,B,10+ years,OWN,60000.0,Fully Paid,credit_card,21.8,0.0,695.0,699.0,0.0,0.0
28800.0, 36 months,6.24,A,10+ years,MORTGAGE,94500.0,Fully Paid,credit_card,30.99,0.0,700.0,704.0,0.0,0.0
15000.0, 36 months,9.8,B,4 years,RENT,92000.0,Fully Paid,credit_card,6.17,0.0,660.0,664.0,0.0,3.0
4800.0, 36 months,11.99,C,10+ years,MORTGAGE,80000.0,Fully Paid,debt_consolidation,27.71,2.0,665.0,669.0,0.0,0.0
8000.0, 36 months,12.59,C,4 years,RENT,35000.0,Charged Off,debt_consolidation,21.54,0.0,725.0,729.0,1.0,0.0
28000.0, 36 months,14.48,C,10+ years,MORTGAGE,100000.0,Fully Paid,debt_consolidation,21.64,0.0,695.0,699.0,2.0,0.0
14000.0, 36 months,17.86,D,8 years,OWN,35000.0,Fully Paid,debt_consolidation,21.02,0.0,690.0,694.0,1.0,0.0
26000.0, 36 months,14.85,C,10+ years,MORTGAGE,108000.0,Fully Paid,debt_consolidation,29.88,0.0,710.0,714.0,0.0,0.0
22400.0, 36 months,5.32,A,10+ years,MORTGAGE,110000.0,Fully Paid,credit_card,21.22,0.0,760.0,764.0,0.0,0.0
14200.0, 60 months,19.99,E,4 years,OWN,45000.0,Charged Off,debt_consolidation,20.49,0.0,660.0,664.0,0.0,0.0
9600.0, 36 months,7.89,A,4 years,MORTGAGE,88000.0,Fully Paid,home_improvement,15.94,0.0,685.0,689.0,0.0,0.0
6000.0, 36 months,9.17,B,10+ years,RENT,50000.0,Fully Paid,car,16.68,0.0,685.0,689.0,1.0,0.0
6000.0, 36 months,8.38,B,5 years,RENT,28000.0,Fully Paid,credit_card,8.14,0.0,670.0,674.0,0.0,1.0
5075.0, 36 months,13.18,C,,RENT,18000.0,Charged Off,debt_consolidation,26.67,0.0,680.0,684.0,0.0,1.0
10000.0, 36 months,18.49,D,10+ years,RENT,77000.0,Fully Paid,debt_consolidation,10.88,0.0,690.0,694.0,2.0,0.0
3000.0, 36 months,9.99,B,1 year,RENT,45000.0,Fully Paid,credit_card,23.12,0.0,700.0,704.0,0.0,0.0
7800.0, 36 months,7.89,A,10+ years,MORTGAGE,75000.0,Fully Paid,debt_consolidation,5.74,0.0,665.0,669.0,1.0,2.0
28000.0, 36 months,12.59,C,9 years,OWN,85000.0,Fully Paid,credit_card,32.77,0.0,690.0,694.0,1.0,0.0
19200.0, 36 months,8.38,B,8 years,RENT,130000.0,Fully Paid,debt_consolidation,15.08,0.0,700.0,704.0,1.0,0.0
5475.0, 36 months,14.48,C,5 years,RENT,54000.0,Fully Paid,credit_card,9.55,0.0,665.0,669.0,1.0,0.0
18000.0, 60 months,12.59,C,1 year,RENT,125000.0,Fully Paid,credit_card,7.68,1.0,675.0,679.0,0.0,0.0
24000.0, 36 months,9.17,B,10+ years,MORTGAGE,156500.0,Fully Paid,home_improvement,20.54,1.0,715.0,719.0,2.0,0.0
15000.0, 36 months,13.67,C,10+ years,RENT,64000.0,Charged Off,debt_consolidation,7.78,1.0,705.0,709.0,0.0,0.0
27500.0, 60 months,14.33,C,10+ years,MORTGAGE,55000.0,Fully Paid,debt_consolidation,29.57,1.0,690.0,694.0,0.0,0.0
10000.0, 36 months,8.38,B,10+ years,MORTGAGE,70000.0,Fully Paid,debt_consolidation,18.88,2.0,675.0,679.0,0.0,0.0
12000.0, 36 months,7.89,A,2 years,RENT,94000.0,Fully Paid,credit_card,10.53,0.0,665.0,669.0,3.0,1.0
3000.0, 36 months,9.17,B,10+ years,RENT,60000.0,Fully Paid,credit_card,6.12,0.0,670.0,674.0,1.0,1.0
10000.0, 36 months,5.32,A,10+ years,MORTGAGE,125000.0,Fully Paid,credit_card,10.12,0.0,730.0,734.0,1.0,0.0
15000.0, 36 months,9.17,B,4 years,RENT,88000.0,Fully Paid,debt_consolidation,12.33,1.0,670.0,674.0,0.0,0.0
22025.0, 60 months,16.99,D,2 years,MORTGAGE,120000.0,Charged Off,debt_consolidation,29.1,1.0,675.0,679.0,0.0,0.0
12000.0, 60 months,10.64,B,10+ years,OWN,40560.0,Fully Paid,debt_consolidation,32.19,0.0,710.0,714.0,0.0,0.0
24000.0, 36 months,7.26,A,10+ years,MORTGAGE,200000.0,Fully Paid,debt_consolidation,21.05,0.0,705.0,709.0,4.0,0.0
8000.0, 36 months,13.18,C,4 years,RENT,39520.0,Fully Paid,debt_consolidation,32.89,0.0,680.0,684.0,0.0,0.0
6300.0, 36 months,17.57,D,10+ years,MORTGAGE,68000.0,Fully Paid,debt_consolidation,20.7,0.0,685.0,689.0,1.0,0.0
4600.0, 36 months,24.99,F,1 year,MORTGAGE,32000.0,Fully Paid,other,3.08,0.0,660.0,664.0,1.0,0.0
35000.0, 60 months,23.99,F,5 years,RENT,130000.0,Fully Paid,small_business,6.59,0.0,730.0,734.0,4.0,0.0
11100.0, 36 months,6.24,A,5 years,MORTGAGE,62000.0,Fully Paid,credit_card,26.04,1.0,705.0,709.0,0.0,0.0
6200.0, 36 months,8.49,B,1 year,MORTGAGE,44800.0,Fully Paid,debt_consolidation,21.06,0.0,675.0,679.0,0.0,0.0
5000.0, 36 months,7.89,A,< 1 year,OWN,50000.0,Fully Paid,credit_card,11.09,0.0,690.0,694.0,0.0,0.0
10000.0, 36 months,10.99,B,9 years,RENT,32000.0,Fully Paid,debt_consolidation,21.49,0.0,720.0,724.0,1.0,0.0
15000.0, 36 months,12.88,C,10+ years,MORTGAGE,60000.0,Fully Paid,debt_consolidation,36.4,0.0,675.0,679.0,0.0,1.0
19000.0, 36 months,9.99,B,5 years,MORTGAGE,60000.0,Fully Paid,debt_consolidation,16.04,0.0,740.0,744.0,0.0,0.0
4200.0, 36 months,13.44,C,10+ years,MORTGAGE,24000.0,Fully Paid,credit_card,22.1,0.0,705.0,709.0,0.0,0.0
15000.0, 60 months,11.22,B,< 1 year,RENT,87000.0,Fully Paid,credit_card,15.57,0.0,670.0,674.0,1.0,0.0
28000.0, 60 months,13.18,C,2 years,MORTGAGE,105000.0,Fully Paid,credit_card,17.5,0.0,695.0,699.0,0.0,0.0
28000.0, 60 months,8.18,B,10+ years,MORTGAGE,76785.0,Fully Paid,debt_consolidation,11.41,0.0,755.0,759.0,1.0,0.0
10000.0, 36 months,11.99,C,1 year,RENT,77000.0,Charged Off,debt_consolidation,6.83,0.0,665.0,669.0,0.0,0.0
26200.0, 60 months,17.86,D,3 years,MORTGAGE,75000.0,Fully Paid,credit_card,30.61,0.0,720.0,724.0,0.0,0.0
15000.0, 36 months,11.22,B,10+ years,MORTGAGE,192000.0,Fully Paid,credit_card,19.41,0.0,665.0,669.0,2.0,0.0
12000.0, 36 months,5.32,A,7 years,MORTGAGE,144000.0,Fully Paid,debt_consolidation,6.61,0.0,830.0,834.0,0.0,0.0
11575.0, 36 months,18.2,E,2 years,RENT,38584.0,Fully Paid,debt_consolidation,23.63,0.0,675.0,679.0,0.0,0.0
6000.0, 36 months,11.22,B,< 1 year,MORTGAGE,60000.0,Fully Paid,debt_consolidation,15.2,0.0,710.0,714.0,0.0,0.0
10800.0, 60 months,11.99,C,10+ years,MORTGAGE,75000.0,Charged Off,credit_card,23.18,0.0,705.0,709.0,0.0,0.0
2000.0, 36 months,11.22,B,10+ years,MORTGAGE,95000.0,Charged Off,other,13.93,0.0,685.0,689.0,0.0,0.0
5000.0, 36 months,8.38,B,1 year,MORTGAGE,45000.0,Fully Paid,debt_consolidation,4.16,0.0,715.0,719.0,1.0,0.0
35000.0, 36 months,13.67,C,10+ years,RENT,100000.0,Charged Off,home_improvement,13.24,1.0,705.0,709.0,0.0,1.0
16800.0, 60 months,13.18,C,10+ years,MORTGAGE,72644.0,Fully Paid,credit_card,19.68,0.0,685.0,689.0,1.0,0.0
10000.0, 36 months,11.99,C,4 years,RENT,120000.0,Fully Paid,credit_card,10.57,0.0,660.0,664.0,0.0,1.0
5400.0, 36 months,6.24,A,10+ years,MORTGAGE,110000.0,Fully Paid,credit_card,27.64,1.0,730.0,734.0,1.0,0.0
28800.0, 36 months,18.49,E,1 year,RENT,100000.0,Fully Paid,debt_consolidation,11.03,0.0,660.0,664.0,4.0,0.0
7000.0, 36 months,8.49,B,,OWN,25000.0,Charged Off,home_improvement,24.29,1.0,715.0,719.0,0.0,0.0
17000.0, 60 months,9.17,B,< 1 year,OWN,38000.0,Fully Paid,debt_consolidation,24.48,0.0,685.0,689.0,0.0,1.0
7875.0, 36 months,11.99,C,9 years,MORTGAGE,56300.0,Fully Paid,debt_consolidation,24.73,0.0,665.0,669.0,0.0,0.0
13000.0, 36 months,8.49,B,4 years,OWN,125000.0,Fully Paid,debt_consolidation,29.58,0.0,670.0,674.0,1.0,0.0
14000.0, 36 months,6.89,A,< 1 year,MORTGAGE,131000.0,Fully Paid,credit_card,7.15,0.0,705.0,709.0,0.0,0.0
2500.0, 36 months,11.99,C,,MORTGAGE,18000.0,Fully Paid,debt_consolidation,28.73,0.0,710.0,714.0,0.0,1.0
25000.0, 36 months,7.89,A,8 years,OWN,157500.0,Fully Paid,debt_consolidation,4.08,2.0,720.0,724.0,0.0,0.0
20000.0, 36 months,5.32,A,< 1 year,MORTGAGE,125000.0,Fully Paid,other,7.42,0.0,790.0,794.0,0.0,0.0
10000.0, 36 months,7.49,A,5 years,MORTGAGE,120000.0,Fully Paid,home_improvement,18.63,0.0,715.0,719.0,0.0,0.0
4000.0, 36 months,13.67,C,1 year,RENT,45000.0,Fully Paid,credit_card,4.45,0.0,670.0,674.0,0.0,0.0
8000.0, 36 months,11.22,B,3 years,MORTGAGE,55000.0,Fully Paid,moving,26.6,0.0,705.0,709.0,0.0,0.0
1500.0, 36 months,16.99,D,< 1 year,RENT,18000.0,Charged Off,debt_consolidation,26.33,0.0,665.0,669.0,2.0,0.0
15000.0, 60 months,13.18,C,,RENT,90000.0,Charged Off,credit_card,3.76,0.0,770.0,774.0,0.0,0.0
20000.0, 60 months,18.99,E,1 year,MORTGAGE,102500.0,Fully Paid,debt_consolidation,21.61,4.0,690.0,694.0,0.0,0.0
24000.0, 60 months,14.85,C,10+ years,MORTGAGE,100000.0,Fully Paid,credit_card,21.73,0.0,705.0,709.0,0.0,0.0
20000.0, 60 months,9.76,B,10+ years,MORTGAGE,85000.0,Fully Paid,credit_card,12.96,0.0,710.0,714.0,0.0,0.0
6000.0, 36 months,9.76,B,10+ years,RENT,110000.0,Fully Paid,major_purchase,9.18,2.0,680.0,684.0,0.0,0.0
7400.0, 36 months,14.48,C,< 1 year,RENT,62340.0,Fully Paid,debt_consolidation,4.48,0.0,660.0,664.0,0.0,0.0
22000.0, 60 months,13.67,C,10+ years,RENT,90000.0,Fully Paid,other,16.93,0.0,700.0,704.0,0.0,0.0
10000.0, 36 months,13.18,C,10+ years,MORTGAGE,35000.0,Fully Paid,debt_consolidation,28.09,1.0,670.0,674.0,1.0,0.0
30000.0, 36 months,17.57,D,10+ years,MORTGAGE,203712.0,Fully Paid,home_improvement,10.45,0.0,705.0,709.0,0.0,0.0
11875.0, 36 months,25.99,F,9 years,RENT,39600.0,Charged Off,debt_consolidation,25.12,0.0,660.0,664.0,1.0,0.0
13500.0, 60 months,16.99,D,10+ years,MORTGAGE,48720.0,Fully Paid,credit_card,12.17,0.0,675.0,679.0,0.0,0.0
12000.0, 36 months,7.49,A,10+ years,MORTGAGE,88000.0,Fully Paid,debt_consolidation,14.01,4.0,685.0,689.0,1.0,0.0
9800.0, 36 months,12.88,C,3 years,RENT,103000.0,Fully Paid,debt_consolidation,16.91,1.0,680.0,684.0,2.0,0.0
14700.0, 36 months,10.64,B,,MORTGAGE,43200.0,Fully Paid,debt_consolidation,35.0,3.0,680.0,684.0,0.0,3.0
10000.0, 36 months,9.8,B,10+ years,MORTGAGE,37000.0,Fully Paid,credit_card,7.69,0.0,680.0,684.0,0.0,1.0
34575.0, 36 months,12.59,C,< 1 year,RENT,75000.0,Fully Paid,debt_consolidation,19.58,0.0,675.0,679.0,0.0,0.0
35000.0, 36 months,12.88,C,10+ years,MORTGAGE,230000.0,Fully Paid,debt_consolidation,11.74,1.0,670.0,674.0,1.0,0.0
20275.0, 36 months,16.55,D,10+ years,MORTGAGE,58000.0,Charged Off,car,25.55,1.0,710.0,714.0,2.0,0.0
35000.0, 60 months,13.18,C,9 years,MORTGAGE,110000.0,Charged Off,credit_card,24.05,0.0,695.0,699.0,2.0,0.0
21000.0, 60 months,13.67,C,1 year,OWN,165000.0,Charged Off,debt_consolidation,14.89,0.0,680.0,684.0,3.0,0.0
10100.0, 60 months,26.77,G,10+ years,RENT,80000.0,Charged Off,small_business,14.34,0.0,705.0,709.0,0.0,0.0
11200.0, 36 months,5.32,A,10+ years,MORTGAGE,80000.0,Fully Paid,debt_consolidation,17.65,0.0,795.0,799.0,0.0,0.0
24000.0, 36 months,9.17,B,10+ years,MORTGAGE,130000.0,Fully Paid,credit_card,39.05,0.0,730.0,734.0,0.0,0.0
6000.0, 36 months,6.89,A,10+ years,RENT,32000.0,Fully Paid,major_purchase,3.0,0.0,680.0,684.0,0.0,0.0
2000.0, 36 months,7.89,A,2 years,RENT,38000.0,Fully Paid,credit_card,20.56,0.0,735.0,739.0,0.0,0.0
17250.0, 36 months,13.18,C,10+ years,RENT,61548.0,Fully Paid,debt_consolidation,28.76,0.0,705.0,709.0,0.0,0.0
22400.0, 36 months,5.32,A,10+ years,MORTGAGE,170000.0,Fully Paid,debt_consolidation,4.11,0.0,815.0,819.0,0.0,0.0
9000.0, 36 months,9.76,B,2 years,OWN,60000.0,Fully Paid,debt_consolidation,14.78,1.0,690.0,694.0,0.0,0.0
5000.0, 36 months,9.17,B,,RENT,26000.0,Fully Paid,credit_card,17.85,0.0,750.0,754.0,2.0,0.0
20000.0, 36 months,11.99,C,3 years,MORTGAGE,70000.0,Fully Paid,debt_consolidation,7.73,0.0,680.0,684.0,0.0,0.0
20000.0, 60 months,9.8,B,2 years,RENT,80000.0,Fully Paid,credit_card,16.8,1.0,705.0,709.0,0.0,0.0
5400.0, 36 months,18.49,E,1 year,OWN,20000.0,Charged Off,medical,31.27,0.0,660.0,664.0,2.0,2.0
12000.0, 60 months,13.67,C,10+ years,MORTGAGE,109000.0,Fully Paid,debt_consolidation,9.81,1.0,675.0,679.0,0.0,0.0
7000.0, 36 months,8.49,B,10+ years,MORTGAGE,41700.0,Fully Paid,debt_consolidation,18.33,0.0,670.0,674.0,1.0,1.0
1200.0, 36 months,17.27,D,10+ years,RENT,28000.0,Fully Paid,other,16.8,1.0,675.0,679.0,2.0,0.0
16000.0, 36 months,9.17,B,10+ years,MORTGAGE,67885.33,Fully Paid,debt_consolidation,15.41,2.0,690.0,694.0,0.0,0.0
21900.0, 60 months,13.18,C,4 years,MORTGAGE,62000.0,Fully Paid,debt_consolidation,14.11,1.0,660.0,664.0,0.0,3.0
15000.0, 36 months,11.22,B,8 years,RENT,65000.0,Fully Paid,debt_consolidation,23.5,0.0,740.0,744.0,1.0,0.0
20000.0, 36 months,11.99,C,2 years,MORTGAGE,140000.0,Fully Paid,debt_consolidation,15.92,1.0,660.0,664.0,0.0,0.0
13500.0, 60 months,19.99,E,10+ years,MORTGAGE,72000.0,Fully Paid,debt_consolidation,22.77,0.0,705.0,709.0,0.0,0.0
8000.0, 36 months,5.32,A,10+ years,MORTGAGE,62000.0,Fully Paid,debt_consolidation,14.0,2.0,680.0,684.0,0.0,1.0
10000.0, 36 months,9.17,B,9 years,MORTGAGE,55000.0,Fully Paid,debt_consolidation,19.94,0.0,670.0,674.0,1.0,1.0
14400.0, 36 months,7.26,A,9 years,RENT,98000.0,Fully Paid,debt_consolidation,16.23,0.0,690.0,694.0,0.0,0.0
10000.0, 36 months,11.22,B,1 year,MORTGAGE,130000.0,Fully Paid,home_improvement,7.75,0.0,685.0,689.0,2.0,2.0
6000.0, 36 months,5.32,A,1 year,RENT,109500.0,Fully Paid,credit_card,12.22,0.0,705.0,709.0,0.0,0.0
1600.0, 36 months,15.41,D,1 year,RENT,42000.0,Fully Paid,debt_consolidation,26.31,0.0,660.0,664.0,0.0,1.0
4000.0, 36 months,13.67,C,< 1 year,MORTGAGE,70000.0,Fully Paid,debt_consolidation,13.08,0.0,660.0,664.0,0.0,0.0
12000.0, 36 months,9.17,B,10+ years,MORTGAGE,48000.0,Fully Paid,debt_consolidation,18.63,0.0,685.0,689.0,1.0,0.0
11900.0, 36 months,16.99,D,6 years,RENT,33100.0,Fully Paid,other,36.66,0.0,705.0,709.0,0.0,0.0
15000.0, 36 months,10.64,B,9 years,MORTGAGE,50000.0,Charged Off,debt_consolidation,26.88,0.0,715.0,719.0,1.0,0.0
1500.0, 36 months,11.22,B,2 years,RENT,22000.0,Fully Paid,debt_consolidation,4.02,0.0,715.0,719.0,0.0,0.0
5000.0, 36 months,12.88,C,10+ years,OWN,80000.0,Fully Paid,renewable_energy,18.05,0.0,680.0,684.0,1.0,0.0
12000.0, 36 months,11.22,B,9 years,RENT,60000.0,Fully Paid,debt_consolidation,21.86,0.0,660.0,664.0,0.0,0.0
10000.0, 36 months,16.99,D,1 year,OWN,39000.0,Charged Off,debt_consolidation,7.42,2.0,660.0,664.0,2.0,0.0
14000.0, 36 months,5.32,A,,MORTGAGE,90000.0,Fully Paid,credit_card,4.25,0.0,795.0,799.0,0.0,0.0
15000.0, 36 months,11.99,C,7 years,OWN,97000.0,Fully Paid,house,0.25,4.0,665.0,669.0,0.0,0.0
20000.0, 36 months,7.89,A,10+ years,RENT,57300.0,Fully Paid,debt_consolidation,25.13,0.0,715.0,719.0,0.0,0.0
10000.0, 36 months,10.64,B,< 1 year,MORTGAGE,64000.0,Charged Off,home_improvement,38.85,0.0,660.0,664.0,0.0,1.0
14400.0, 36 months,9.17,B,10+ years,MORTGAGE,120000.0,Fully Paid,debt_consolidation,23.99,0.0,670.0,674.0,0.0,0.0
15000.0, 36 months,10.78,B,2 years,RENT,90000.0,Fully Paid,credit_card,18.47,1.0,660.0,664.0,0.0,0.0
8000.0, 36 months,13.18,C,< 1 year,MORTGAGE,75000.0,Fully Paid,car,14.48,0.0,665.0,669.0,3.0,3.0
8000.0, 36 months,8.38,B,8 years,RENT,65000.0,Fully Paid,credit_card,18.45,0.0,695.0,699.0,0.0,0.0
13050.0, 36 months,11.22,B,10+ years,MORTGAGE,96000.0,Charged Off,small_business,6.81,2.0,670.0,674.0,1.0,0.0
16000.0, 36 months,11.22,B,10+ years,MORTGAGE,120800.0,Fully Paid,debt_consolidation,13.98,0.0,720.0,724.0,0.0,0.0
16800.0, 36 months,5.32,A,2 years,RENT,135000.0,Fully Paid,car,20.74,0.0,770.0,774.0,1.0,0.0
8000.0, 36 months,9.76,B,2 years,RENT,65000.0,Fully Paid,credit_card,15.53,2.0,665.0,669.0,0.0,1.0
5000.0, 36 months,12.59,C,10+ years,RENT,75185.0,Fully Paid,debt_consolidation,7.08,0.0,715.0,719.0,0.0,0.0
20000.0, 60 months,18.99,E,1 year,MORTGAGE,118500.0,Charged Off,small_business,12.92,1.0,675.0,679.0,0.0,0.0
14275.0, 36 months,11.99,C,5 years,MORTGAGE,75000.0,Fully Paid,credit_card,2.32,0.0,670.0,674.0,0.0,0.0
30000.0, 36 months,10.99,B,< 1 year,MORTGAGE,67000.0,Fully Paid,debt_consolidation,11.66,0.0,695.0,699.0,0.0,0.0
13100.0, 36 months,18.2,E,2 years,RENT,74000.0,Charged Off,debt_consolidation,17.34,0.0,675.0,679.0,1.0,0.0
10000.0, 36 months,12.59,C,2 years,RENT,109000.0,Fully Paid,home_improvement,14.47,0.0,685.0,689.0,4.0,0.0
15000.0, 36 months,7.89,A,3 years,MORTGAGE,64400.0,Fully Paid,debt_consolidation,24.77,0.0,745.0,749.0,1.0,0.0
8200.0, 36 months,6.24,A,2 years,MORTGAGE,43000.0,Fully Paid,debt_consolidation,11.69,0.0,705.0,709.0,0.0,0.0
6125.0, 36 months,17.27,D,4 years,RENT,70000.0,Fully Paid,debt_consolidation,17.36,0.0,690.0,694.0,0.0,1.0
18000.0, 36 months,11.99,C,8 years,MORTGAGE,68953.29,Fully Paid,credit_card,21.51,0.0,670.0,674.0,0.0,0.0
8000.0, 36 months,11.99,C,10+ years,MORTGAGE,76000.0,Fully Paid,debt_consolidation,3.03,0.0,660.0,664.0,0.0,1.0
12000.0, 36 months,9.76,B,,MORTGAGE,100000.0,Fully Paid,other,10.47,0.0,720.0,724.0,0.0,0.0
8500.0, 36 months,13.67,C,10+ years,RENT,110000.0,Fully Paid,debt_consolidation,11.53,0.0,660.0,664.0,3.0,2.0
20000.0, 36 months,6.24,A,8 years,OWN,65000.0,Fully Paid,credit_card,14.96,1.0,705.0,709.0,0.0,0.0
25000.0, 36 months,11.22,B,,MORTGAGE,112272.0,Fully Paid,debt_consolidation,14.36,0.0,715.0,719.0,0.0,0.0
5200.0, 36 months,11.22,B,3 years,RENT,73000.0,Charged Off,debt_consolidation,24.28,0.0,680.0,684.0,1.0,0.0
12000.0, 36 months,9.17,B,8 years,RENT,76000.0,Fully Paid,credit_card,8.29,0.0,660.0,664.0,0.0,0.0
15000.0, 36 months,5.32,A,7 years,MORTGAGE,142000.0,Fully Paid,debt_consolidation,21.89,0.0,775.0,779.0,0.0,0.0
10400.0, 36 months,7.91,A,8 years,RENT,35620.0,Fully Paid,debt_consolidation,21.46,0.0,700.0,704.0,0.0,0.0
6600.0, 36 months,19.48,E,6 years,RENT,22000.0,Fully Paid,debt_consolidation,17.46,0.0,700.0,704.0,2.0,0.0
24000.0, 60 months,13.67,C,3 years,MORTGAGE,108000.0,Fully Paid,home_improvement,25.79,2.0,675.0,679.0,0.0,0.0
14000.0, 60 months,11.22,B,10+ years,MORTGAGE,70000.0,Fully Paid,debt_consolidation,6.22,0.0,670.0,674.0,2.0,1.0
14000.0, 36 months,11.99,C,1 year,MORTGAGE,90000.0,Fully Paid,debt_consolidation,24.15,1.0,685.0,689.0,2.0,1.0
24000.0, 36 months,5.32,A,10+ years,MORTGAGE,125000.0,Fully Paid,debt_consolidation,24.54,0.0,745.0,749.0,0.0,0.0
10000.0, 36 months,13.18,C,4 years,OWN,52000.0,Fully Paid,other,14.86,0.0,695.0,699.0,0.0,0.0
12000.0, 36 months,12.59,C,3 years,RENT,40000.0,Fully Paid,debt_consolidation,18.81,0.0,695.0,699.0,0.0,0.0
24000.0, 60 months,17.57,D,< 1 year,RENT,70000.0,Charged Off,credit_card,24.1,0.0,715.0,719.0,0.0,0.0
3000.0, 36 months,9.17,B,10+ years,MORTGAGE,140000.0,Fully Paid,major_purchase,25.88,0.0,670.0,674.0,0.0,0.0
7000.0, 36 months,9.76,B,10+ years,RENT,63000.0,Fully Paid,debt_consolidation,4.93,0.0,665.0,669.0,2.0,2.0
9000.0, 36 months,5.32,A,2 years,OWN,200000.0,Fully Paid,debt_consolidation,12.11,0.0,805.0,809.0,0.0,0.0
4500.0, 36 months,13.18,C,3 years,RENT,45000.0,Fully Paid,credit_card,8.11,1.0,660.0,664.0,0.0,0.0
12000.0, 36 months,5.32,A,1 year,MORTGAGE,95000.0,Fully Paid,credit_card,17.24,0.0,780.0,784.0,0.0,0.0
8000.0, 36 months,7.26,A,10+ years,MORTGAGE,50000.0,Fully Paid,credit_card,28.13,0.0,695.0,699.0,1.0,0.0
13300.0, 36 months,11.99,C,10+ years,MORTGAGE,82000.0,Fully Paid,credit_card,26.83,0.0,705.0,709.0,0.0,0.0
33600.0, 60 months,9.17,B,9 years,MORTGAGE,160000.0,Fully Paid,credit_card,18.25,0.0,695.0,699.0,0.0,0.0
24000.0, 36 months,10.99,B,7 years,RENT,165000.0,Fully Paid,debt_consolidation,13.09,0.0,660.0,664.0,0.0,1.0
24000.0, 60 months,12.05,C,< 1 year,MORTGAGE,185000.0,Charged Off,credit_card,15.17,0.0,660.0,664.0,1.0,0.0
5000.0, 36 months,6.89,A,,RENT,13000.0,Fully Paid,credit_card,27.52,0.0,690.0,694.0,0.0,1.0
30000.0, 60 months,21.99,F,10+ years,OWN,125000.0,Fully Paid,home_improvement,18.55,2.0,660.0,664.0,0.0,0.0
5600.0, 36 months,16.99,D,2 years,RENT,38000.0,Charged Off,other,18.83,0.0,675.0,679.0,2.0,2.0
35000.0, 36 months,13.67,C,10+ years,MORTGAGE,118000.0,Fully Paid,debt_consolidation,21.45,0.0,675.0,679.0,1.0,0.0
7200.0, 36 months,11.99,C,1 year,RENT,35000.0,Fully Paid,credit_card,31.04,0.0,660.0,664.0,0.0,0.0
16000.0, 60 months,17.57,D,3 years,RENT,38000.0,Charged Off,debt_consolidation,35.31,1.0,700.0,704.0,0.0,2.0
27000.0, 36 months,9.76,B,10+ years,MORTGAGE,111000.0,Fully Paid,debt_consolidation,9.34,0.0,720.0,724.0,0.0,0.0
12000.0, 60 months,15.41,D,5 years,MORTGAGE,55000.0,Fully Paid,major_purchase,23.11,0.0,690.0,694.0,0.0,0.0
17600.0, 60 months,17.86,D,10+ years,MORTGAGE,54700.0,Charged Off,home_improvement,26.15,0.0,665.0,669.0,0.0,0.0
35000.0, 36 months,7.26,A,6 years,OWN,187000.0,Fully Paid,credit_card,17.51,0.0,700.0,704.0,0.0,0.0
11800.0, 60 months,20.5,E,3 years,MORTGAGE,45000.0,Fully Paid,debt_consolidation,23.67,0.0,715.0,719.0,0.0,0.0
24000.0, 60 months,13.67,C,2 years,RENT,70000.0,Charged Off,debt_consolidation,14.18,1.0,695.0,699.0,0.0,1.0
7800.0, 36 months,12.88,C,2 years,RENT,40000.0,Fully Paid,debt_consolidation,20.4,0.0,665.0,669.0,0.0,0.0
13400.0, 36 months,16.55,D,10+ years,RENT,50000.0,Fully Paid,debt_consolidation,14.04,0.0,670.0,674.0,0.0,1.0
12000.0, 36 months,9.76,B,9 years,RENT,39000.0,Fully Paid,debt_consolidation,21.69,0.0,720.0,724.0,0.0,0.0
18000.0, 60 months,18.99,E,9 years,RENT,36000.0,Charged Off,debt_consolidation,31.7,0.0,710.0,714.0,1.0,0.0
8000.0, 36 months,7.89,A,< 1 year,RENT,55000.0,Fully Paid,major_purchase,32.25,0.0,770.0,774.0,0.0,0.0
5000.0, 36 months,7.89,A,4 years,OWN,35000.0,Fully Paid,debt_consolidation,28.43,0.0,685.0,689.0,1.0,1.0
22000.0, 36 months,10.64,B,10+ years,MORTGAGE,90000.0,Fully Paid,debt_consolidation,28.21,0.0,695.0,699.0,0.0,0.0
19800.0, 36 months,10.64,B,9 years,MORTGAGE,45000.0,Fully Paid,debt_consolidation,23.84,0.0,765.0,769.0,2.0,0.0
5150.0, 36 months,15.77,D,,MORTGAGE,20200.0,Fully Paid,debt_consolidation,26.62,0.0,665.0,669.0,0.0,1.0
8000.0, 36 months,11.48,B,2 years,RENT,38000.0,Fully Paid,debt_consolidation,23.52,0.0,735.0,739.0,2.0,0.0
20000.0, 36 months,5.32,A,10+ years,MORTGAGE,110000.0,Fully Paid,debt_consolidation,9.22,0.0,785.0,789.0,1.0,0.0
1500.0, 36 months,11.99,C,9 years,RENT,40000.0,Fully Paid,debt_consolidation,24.42,0.0,715.0,719.0,1.0,6.0
12000.0, 36 months,9.76,B,< 1 year,RENT,38000.0,Fully Paid,debt_consolidation,32.0,0.0,675.0,679.0,0.0,0.0
4000.0, 36 months,10.64,B,10+ years,OWN,53700.0,Fully Paid,other,15.87,0.0,690.0,694.0,1.0,0.0
25000.0, 60 months,22.99,F,2 years,MORTGAGE,300000.0,Charged Off,debt_consolidation,16.51,1.0,665.0,669.0,4.0,0.0
25000.0, 36 months,17.57,D,< 1 year,RENT,90000.0,Fully Paid,debt_consolidation,37.11,0.0,660.0,664.0,2.0,0.0
6000.0, 36 months,19.99,E,,MORTGAGE,20000.0,Fully Paid,other,2.9,0.0,705.0,709.0,0.0,0.0
24000.0, 36 months,9.8,B,10+ years,MORTGAGE,100000.0,Fully Paid,debt_consolidation,15.46,0.0,665.0,669.0,0.0,0.0
16000.0, 36 months,6.89,A,2 years,MORTGAGE,99000.0,Fully Paid,debt_consolidation,20.84,0.0,700.0,704.0,1.0,0.0
20000.0, 36 months,10.99,B,2 years,RENT,103000.0,Fully Paid,credit_card,16.32,0.0,675.0,679.0,0.0,1.0
15000.0, 36 months,9.76,B,< 1 year,RENT,200000.0,Fully Paid,debt_consolidation,12.68,0.0,670.0,674.0,0.0,0.0
4700.0, 36 months,13.44,C,3 years,RENT,22000.0,Fully Paid,debt_consolidation,17.64,0.0,705.0,709.0,0.0,0.0
6000.0, 36 months,9.76,B,3 years,RENT,77000.0,Fully Paid,credit_card,13.5,8.0,670.0,674.0,0.0,1.0
6000.0, 36 months,11.22,B,3 years,RENT,30500.0,Fully Paid,debt_consolidation,35.62,0.0,720.0,724.0,0.0,0.0
11000.0, 36 months,16.55,D,10+ years,RENT,125000.0,Fully Paid,major_purchase,10.46,1.0,660.0,664.0,1.0,0.0
9000.0, 36 months,9.76,B,3 years,MORTGAGE,90000.0,Fully Paid,other,12.27,0.0,785.0,789.0,0.0,0.0
8400.0, 36 months,11.99,C,< 1 year,RENT,45000.0,Charged Off,debt_consolidation,21.73,0.0,660.0,664.0,1.0,0.0
35000.0, 36 months,16.99,D,2 years,MORTGAGE,100000.0,Fully Paid,debt_consolidation,6.98,0.0,665.0,669.0,1.0,0.0
4000.0, 36 months,8.49,B,10+ years,OWN,45000.0,Fully Paid,credit_card,19.1,0.0,695.0,699.0,0.0,0.0
1550.0, 36 months,11.99,C,10+ years,MORTGAGE,60000.0,Fully Paid,debt_consolidation,8.7,0.0,695.0,699.0,1.0,0.0
35000.0, 36 months,6.89,A,10+ years,MORTGAGE,305000.0,Fully Paid,credit_card,10.7,0.0,735.0,739.0,0.0,0.0
9600.0, 36 months,6.24,A,< 1 year,RENT,38000.0,Fully Paid,car,8.91,0.0,700.0,704.0,0.0,0.0
12300.0, 36 months,5.32,A,10+ years,RENT,110000.0,Fully Paid,credit_card,8.51,0.0,700.0,704.0,0.0,0.0
15000.0, 36 months,10.64,B,2 years,RENT,100000.0,Charged Off,credit_card,11.05,0.0,660.0,664.0,1.0,0.0
11000.0, 36 months,9.76,B,,RENT,40000.0,Fully Paid,debt_consolidation,17.85,0.0,680.0,684.0,1.0,0.0
6000.0, 36 months,22.45,F,,RENT,25000.0,Charged Off,debt_consolidation,31.88,0.0,660.0,664.0,3.0,0.0
3000.0, 36 months,12.59,C,3 years,MORTGAGE,85000.0,Fully Paid,credit_card,23.96,8.0,660.0,664.0,1.0,1.0
5000.0, 36 months,16.99,D,,MORTGAGE,55000.0,Fully Paid,debt_consolidation,17.74,0.0,690.0,694.0,3.0,1.0
10000.0, 36 months,5.32,A,,MORTGAGE,126860.0,Fully Paid,debt_consolidation,15.5,0.0,715.0,719.0,0.0,1.0
5000.0, 36 months,12.59,C,2 years,RENT,44000.0,Fully Paid,debt_consolidation,3.11,0.0,695.0,699.0,0.0,0.0
9000.0, 36 months,14.33,C,3 years,RENT,42004.0,Fully Paid,other,34.0,0.0,690.0,694.0,0.0,0.0
8000.0, 36 months,7.89,A,8 years,RENT,118500.0,Fully Paid,debt_consolidation,9.77,0.0,665.0,669.0,0.0,1.0
11200.0, 60 months,11.99,C,9 years,RENT,50400.0,Fully Paid,debt_consolidation,34.86,0.0,780.0,784.0,1.0,0.0
3000.0, 36 months,17.57,D,,RENT,30000.0,Charged Off,debt_consolidation,17.8,0.0,660.0,664.0,4.0,0.0
14400.0, 60 months,13.67,C,5 years,MORTGAGE,55000.0,Fully Paid,debt_consolidation,18.72,4.0,660.0,664.0,0.0,0.0
35000.0, 36 months,12.88,C,5 years,MORTGAGE,101000.0,Fully Paid,debt_consolidation,13.03,2.0,675.0,679.0,2.0,0.0
35000.0, 36 months,11.22,B,3 years,MORTGAGE,75000.0,Fully Paid,credit_card,22.5,0.0,715.0,719.0,0.0,0.0
16000.0, 36 months,5.32,A,8 years,MORTGAGE,96000.0,Fully Paid,debt_consolidation,14.45,0.0,725.0,729.0,1.0,0.0
9000.0, 36 months,7.26,A,10+ years,MORTGAGE,46906.0,Fully Paid,debt_consolidation,28.64,0.0,680.0,684.0,0.0,0.0
35000.0, 36 months,16.55,D,5 years,MORTGAGE,123600.0,Fully Paid,credit_card,35.17,0.0,675.0,679.0,3.0,0.0
7000.0, 36 months,7.89,A,10+ years,MORTGAGE,80000.0,Fully Paid,home_improvement,20.18,0.0,715.0,719.0,0.0,1.0
10000.0, 36 months,5.32,A,10+ years,RENT,70000.0,Fully Paid,major_purchase,23.35,0.0,755.0,759.0,0.0,0.0
18225.0, 60 months,27.88,G,6 years,MORTGAGE,50000.0,Fully Paid,debt_consolidation,28.44,0.0,680.0,684.0,2.0,0.0
29750.0, 36 months,7.26,A,7 years,RENT,100000.0,Fully Paid,debt_consolidation,17.23,0.0,715.0,719.0,0.0,0.0
19200.0, 36 months,15.41,D,10+ years,MORTGAGE,165000.0,Fully Paid,home_improvement,20.56,0.0,705.0,709.0,0.0,3.0
26600.0, 60 months,23.99,F,10+ years,RENT,64000.0,Charged Off,debt_consolidation,34.43,0.0,675.0,679.0,1.0,0.0
28000.0, 60 months,9.17,B,10+ years,MORTGAGE,113000.0,Fully Paid,credit_card,18.94,0.0,730.0,734.0,0.0,0.0
35000.0, 36 months,13.18,C,1 year,RENT,77250.0,Charged Off,debt_consolidation,16.37,0.0,720.0,724.0,0.0,0.0
10000.0, 36 months,13.67,C,8 years,MORTGAGE,67000.0,Fully Paid,debt_consolidation,11.99,0.0,680.0,684.0,1.0,1.0
10000.0, 60 months,10.64,B,8 years,RENT,35211.36,Charged Off,debt_consolidation,12.34,0.0,695.0,699.0,0.0,1.0
2400.0, 36 months,7.26,A,3 years,MORTGAGE,27000.0,Fully Paid,car,5.9,0.0,805.0,809.0,0.0,0.0
8000.0, 36 months,11.22,B,2 years,MORTGAGE,95000.0,Fully Paid,debt_consolidation,6.15,0.0,680.0,684.0,2.0,3.0
12250.0, 36 months,12.88,C,1 year,MORTGAGE,57680.0,Fully Paid,debt_consolidation,29.28,0.0,720.0,724.0,0.0,0.0
12000.0, 60 months,18.99,E,3 years,RENT,30000.0,Fully Paid,debt_consolidation,33.28,1.0,670.0,674.0,0.0,0.0
8325.0, 36 months,17.86,D,10+ years,MORTGAGE,56000.0,Fully Paid,debt_consolidation,21.15,0.0,680.0,684.0,2.0,2.0
10000.0, 36 months,14.85,C,10+ years,MORTGAGE,51000.0,Fully Paid,other,29.81,0.0,660.0,664.0,0.0,0.0
20000.0, 36 months,13.44,C,10+ years,MORTGAGE,50000.0,Fully Paid,debt_consolidation,31.66,2.0,665.0,669.0,1.0,0.0
14000.0, 36 months,11.99,C,1 year,MORTGAGE,130000.0,Fully Paid,debt_consolidation,19.0,0.0,700.0,704.0,1.0,0.0
14725.0, 36 months,15.41,D,9 years,RENT,55000.0,Fully Paid,debt_consolidation,32.4,1.0,670.0,674.0,0.0,0.0
22350.0, 60 months,12.59,C,10+ years,MORTGAGE,128000.0,Fully Paid,home_improvement,30.39,0.0,770.0,774.0,2.0,0.0
30000.0, 36 months,9.17,B,< 1 year,RENT,150000.0,Fully Paid,debt_consolidation,17.86,0.0,730.0,734.0,0.0,0.0
14925.0, 60 months,23.99,F,8 years,RENT,45000.0,Charged Off,debt_consolidation,38.24,0.0,675.0,679.0,0.0,2.0
26425.0, 36 months,6.89,A,10+ years,MORTGAGE,120000.0,Fully Paid,credit_card,17.95,0.0,685.0,689.0,0.0,0.0
3000.0, 36 months,11.99,C,< 1 year,RENT,42000.0,Fully Paid,house,6.74,0.0,685.0,689.0,1.0,0.0
3000.0, 36 months,11.22,B,9 years,MORTGAGE,60000.0,Fully Paid,debt_consolidation,20.24,1.0,695.0,699.0,0.0,0.0
21275.0, 60 months,19.99,E,< 1 year,MORTGAGE,55000.0,Charged Off,debt_consolidation,27.23,0.0,675.0,679.0,0.0,0.0
12000.0, 60 months,18.49,E,< 1 year,MORTGAGE,101000.0,Fully Paid,debt_consolidation,16.85,0.0,685.0,689.0,1.0,0.0
5000.0, 36 months,9.76,B,< 1 year,RENT,25000.0,Fully Paid,debt_consolidation,22.13,0.0,705.0,709.0,0.0,1.0
20000.0, 36 months,14.85,C,6 years,RENT,60000.0,Charged Off,debt_consolidation,26.02,0.0,715.0,719.0,4.0,0.0
14150.0, 60 months,11.22,B,< 1 year,MORTGAGE,45000.0,Fully Paid,debt_consolidation,15.41,0.0,710.0,714.0,0.0,2.0
24000.0, 36 months,10.64,B,6 years,OWN,200000.0,Charged Off,debt_consolidation,11.16,0.0,720.0,724.0,3.0,0.0
35000.0, 36 months,9.17,B,9 years,MORTGAGE,132000.0,Fully Paid,debt_consolidation,17.8,1.0,685.0,689.0,0.0,0.0
7000.0, 36 months,10.64,B,5 years,MORTGAGE,57000.0,Fully Paid,debt_consolidation,34.25,0.0,715.0,719.0,0.0,0.0
15000.0, 36 months,11.99,C,2 years,MORTGAGE,41000.0,Fully Paid,credit_card,14.17,0.0,695.0,699.0,1.0,0.0
16000.0, 36 months,6.24,A,10+ years,MORTGAGE,112000.0,Charged Off,debt_consolidation,28.68,3.0,715.0,719.0,0.0,0.0
1200.0, 36 months,19.99,E,,MORTGAGE,23676.0,Fully Paid,other,9.22,0.0,685.0,689.0,1.0,0.0
9000.0, 36 months,7.26,A,10+ years,OWN,70000.0,Fully Paid,home_improvement,14.4,2.0,690.0,694.0,0.0,0.0
1200.0, 36 months,8.38,B,3 years,MORTGAGE,41000.0,Fully Paid,major_purchase,10.91,0.0,675.0,679.0,0.0,0.0
12800.0, 36 months,5.32,A,3 years,MORTGAGE,95000.0,Fully Paid,home_improvement,15.93,0.0,700.0,704.0,1.0,0.0
10000.0, 36 months,10.64,B,< 1 year,RENT,100000.0,Fully Paid,credit_card,4.56,0.0,660.0,664.0,0.0,3.0
10000.0, 36 months,6.89,A,10+ years,MORTGAGE,96000.0,Fully Paid,car,16.58,0.0,760.0,764.0,2.0,0.0
26650.0, 36 months,9.17,B,10+ years,RENT,186000.0,Charged Off,credit_card,27.41,0.0,735.0,739.0,0.0,0.0
20000.0, 60 months,12.59,C,10+ years,MORTGAGE,55000.0,Fully Paid,debt_consolidation,28.29,0.0,705.0,709.0,0.0,0.0
10000.0, 36 months,9.17,B,3 years,RENT,30000.0,Fully Paid,debt_consolidation,10.28,0.0,695.0,699.0,2.0,0.0
8000.0, 36 months,9.17,B,10+ years,OWN,62000.0,Fully Paid,credit_card,4.51,0.0,690.0,694.0,0.0,0.0
9600.0, 36 months,8.38,B,< 1 year,RENT,92000.0,Fully Paid,debt_consolidation,3.59,0.0,700.0,704.0,1.0,0.0
7000.0, 36 months,13.18,C,2 years,RENT,38000.0,Charged Off,medical,32.22,0.0,665.0,669.0,0.0,1.0
4800.0, 36 months,11.22,B,3 years,OWN,65000.0,Fully Paid,credit_card,28.45,0.0,695.0,699.0,0.0,0.0
18000.0, 60 months,12.59,C,8 years,MORTGAGE,70500.0,Charged Off,credit_card,27.51,0.0,720.0,724.0,0.0,0.0
28000.0, 36 months,5.32,A,10+ years,MORTGAGE,350000.0,Fully Paid,credit_card,16.82,0.0,725.0,729.0,0.0,0.0
30000.0, 36 months,9.76,B,2 years,MORTGAGE,300000.0,Fully Paid,credit_card,12.17,1.0,660.0,664.0,0.0,0.0
6000.0, 36 months,5.32,A,2 years,MORTGAGE,45000.0,Fully Paid,home_improvement,16.59,0.0,745.0,749.0,1.0,0.0
7825.0, 36 months,18.2,E,3 years,OWN,70000.0,Fully Paid,debt_consolidation,13.6,0.0,665.0,669.0,1.0,0.0
7075.0, 36 months,17.27,D,10+ years,RENT,72000.0,Fully Paid,small_business,21.73,0.0,680.0,684.0,0.0,6.0
6000.0, 36 months,11.22,B,5 years,RENT,70000.0,Fully Paid,credit_card,16.37,0.0,665.0,669.0,0.0,0.0
11000.0, 36 months,11.22,B,10+ years,RENT,35000.0,Fully Paid,debt_consolidation,34.02,0.0,660.0,664.0,0.0,0.0
5000.0, 36 months,11.22,B,10+ years,RENT,53000.0,Fully Paid,major_purchase,23.2,0.0,670.0,674.0,1.0,0.0
7200.0, 36 months,12.05,C,10+ years,OWN,30000.0,Fully Paid,debt_consolidation,32.64,0.0,680.0,684.0,0.0,1.0
24600.0, 36 months,16.55,D,1 year,MORTGAGE,73000.0,Fully Paid,debt_consolidation,28.64,0.0,665.0,669.0,1.0,1.0
21725.0, 60 months,18.49,E,,MORTGAGE,54336.0,Charged Off,debt_consolidation,16.83,0.0,670.0,674.0,0.0,1.0
5000.0, 36 months,9.76,B,10+ years,OWN,50000.0,Fully Paid,home_improvement,14.67,0.0,675.0,679.0,1.0,0.0
6000.0, 36 months,9.99,B,,RENT,52000.0,Charged Off,credit_card,18.69,0.0,660.0,664.0,0.0,1.0
24000.0, 36 months,7.89,A,10+ years,RENT,172000.0,Fully Paid,credit_card,16.89,0.0,690.0,694.0,1.0,0.0
35000.0, 60 months,22.99,F,10+ years,OWN,100000.0,Charged Off,debt_consolidation,21.55,1.0,695.0,699.0,1.0,0.0
18400.0, 36 months,15.41,D,3 years,RENT,40000.0,Fully Paid,credit_card,36.27,1.0,685.0,689.0,0.0,0.0
28000.0, 36 months,7.26,A,10+ years,MORTGAGE,160000.0,Fully Paid,debt_consolidation,12.71,1.0,690.0,694.0,0.0,0.0
6000.0, 36 months,11.99,C,7 years,RENT,35000.0,Fully Paid,debt_consolidation,31.42,1.0,660.0,664.0,0.0,0.0
20000.0, 36 months,8.18,B,5 years,MORTGAGE,83000.0,Fully Paid,credit_card,20.85,0.0,685.0,689.0,0.0,0.0
35000.0, 36 months,7.89,A,1 year,RENT,85000.0,Fully Paid,credit_card,13.89,0.0,730.0,734.0,0.0,0.0
10000.0, 36 months,10.64,B,5 years,OWN,50000.0,Fully Paid,debt_consolidation,11.95,0.0,695.0,699.0,0.0,0.0
16000.0, 60 months,13.18,C,7 years,RENT,56000.0,Fully Paid,debt_consolidation,18.99,0.0,660.0,664.0,0.0,0.0
14575.0, 36 months,9.8,B,10+ years,MORTGAGE,65000.0,Fully Paid,debt_consolidation,27.53,0.0,735.0,739.0,0.0,0.0
35000.0, 36 months,7.91,A,2 years,MORTGAGE,140000.0,Fully Paid,debt_consolidation,0.99,0.0,815.0,819.0,0.0,0.0
10000.0, 60 months,12.05,C,1 year,RENT,65000.0,Charged Off,debt_consolidation,10.6,0.0,665.0,669.0,0.0,0.0
15000.0, 36 months,15.41,D,< 1 year,RENT,30000.0,Fully Paid,debt_consolidation,13.04,0.0,670.0,674.0,0.0,0.0
15800.0, 60 months,20.99,E,1 year,RENT,39500.0,Charged Off,debt_consolidation,17.87,0.0,690.0,694.0,1.0,0.0
10500.0, 36 months,11.22,B,5 years,MORTGAGE,75000.0,Fully Paid,credit_card,12.13,0.0,660.0,664.0,0.0,0.0
5000.0, 36 months,11.22,B,10+ years,MORTGAGE,84000.0,Fully Paid,other,7.16,0.0,680.0,684.0,0.0,0.0
20000.0, 60 months,17.57,D,10+ years,MORTGAGE,42000.0,Fully Paid,debt_consolidation,17.23,0.0,700.0,704.0,0.0,0.0
17600.0, 36 months,14.85,C,8 years,RENT,40000.0,Fully Paid,debt_consolidation,17.64,0.0,695.0,699.0,0.0,0.0
12000.0, 36 months,9.17,B,5 years,MORTGAGE,63000.0,Fully Paid,credit_card,17.24,0.0,665.0,669.0,0.0,0.0
8000.0, 36 months,6.89,A,10+ years,MORTGAGE,70760.0,Fully Paid,debt_consolidation,20.22,0.0,680.0,684.0,0.0,1.0
15000.0, 36 months,9.17,B,6 years,RENT,90000.0,Fully Paid,credit_card,16.59,0.0,695.0,699.0,0.0,0.0
15000.0, 60 months,10.64,B,5 years,RENT,90000.0,Fully Paid,other,7.11,0.0,705.0,709.0,0.0,0.0
24000.0, 36 months,8.49,B,2 years,RENT,98000.0,Fully Paid,debt_consolidation,0.36,0.0,790.0,794.0,0.0,0.0
1200.0, 36 months,17.86,D,10+ years,RENT,30000.0,Fully Paid,debt_consolidation,15.63,0.0,670.0,674.0,0.0,2.0
6025.0, 36 months,12.88,C,3 years,RENT,29000.0,Fully Paid,debt_consolidation,34.89,1.0,670.0,674.0,0.0,0.0
18000.0, 60 months,12.59,C,7 years,MORTGAGE,53000.0,Fully Paid,credit_card,26.63,0.0,685.0,689.0,2.0,0.0
8500.0, 36 months,13.18,C,,MORTGAGE,25000.0,Fully Paid,other,32.26,1.0,665.0,669.0,0.0,0.0
20000.0, 36 months,11.99,C,8 years,RENT,52000.0,Fully Paid,debt_consolidation,4.02,0.0,705.0,709.0,1.0,0.0
30000.0, 36 months,6.89,A,9 years,MORTGAGE,120000.0,Fully Paid,debt_consolidation,13.49,0.0,765.0,769.0,0.0,0.0
10000.0, 36 months,12.59,C,10+ years,MORTGAGE,35000.0,Charged Off,debt_consolidation,28.19,2.0,690.0,694.0,0.0,0.0
28000.0, 36 months,12.88,C,5 years,RENT,369000.0,Fully Paid,other,6.31,0.0,685.0,689.0,2.0,1.0
11175.0, 60 months,24.99,F,6 years,MORTGAGE,35000.0,Fully Paid,debt_consolidation,18.9,0.0,680.0,684.0,0.0,1.0
16000.0, 36 months,8.18,B,10+ years,OWN,115000.0,Fully Paid,credit_card,18.92,1.0,670.0,674.0,0.0,0.0
10000.0, 36 months,9.76,B,< 1 year,RENT,39000.0,Fully Paid,debt_consolidation,6.62,0.0,675.0,679.0,1.0,0.0
8225.0, 36 months,12.59,C,10+ years,MORTGAGE,38000.0,Charged Off,debt_consolidation,28.36,2.0,665.0,669.0,2.0,1.0
12000.0, 60 months,8.38,B,10+ years,OWN,38000.0,Fully Paid,credit_card,28.4,0.0,745.0,749.0,1.0,0.0
6400.0, 36 months,14.48,C,2 years,RENT,27040.0,Fully Paid,car,28.23,0.0,660.0,664.0,1.0,1.0
20000.0, 36 months,13.18,C,2 years,RENT,165000.0,Fully Paid,debt_consolidation,8.67,0.0,665.0,669.0,1.0,0.0
15000.0, 60 months,15.41,D,10+ years,MORTGAGE,70000.0,Fully Paid,debt_consolidation,24.6,0.0,660.0,664.0,1.0,1.0
8400.0, 36 months,9.17,B,10+ years,OWN,62000.0,Fully Paid,debt_consolidation,15.56,0.0,760.0,764.0,0.0,0.0
16075.0, 36 months,15.41,D,4 years,RENT,33500.0,Charged Off,medical,3.38,0.0,735.0,739.0,0.0,0.0
6400.0, 36 months,15.41,D,4 years,RENT,32000.0,Fully Paid,debt_consolidation,31.77,1.0,670.0,674.0,1.0,0.0
4800.0, 36 months,11.22,B,10+ years,MORTGAGE,80000.0,Fully Paid,car,21.62,0.0,690.0,694.0,1.0,0.0
10000.0, 36 months,6.24,A,,MORTGAGE,48000.0,Fully Paid,debt_consolidation,25.3,0.0,770.0,774.0,0.0,0.0
18250.0, 36 months,16.99,D,7 years,MORTGAGE,57000.0,Charged Off,small_business,22.85,0.0,680.0,684.0,0.0,0.0
5300.0, 36 months,9.17,B,< 1 year,OWN,54000.0,Fully Paid,credit_card,4.76,0.0,705.0,709.0,0.0,0.0
25000.0, 36 months,6.89,A,10+ years,MORTGAGE,210000.0,Fully Paid,credit_card,7.83,0.0,685.0,689.0,1.0,0.0
3500.0, 36 months,9.17,B,,RENT,9600.0,Fully Paid,car,1.13,0.0,790.0,794.0,0.0,0.0
19750.0, 36 months,7.26,A,2 years,MORTGAGE,127000.0,Fully Paid,credit_card,18.57,0.0,680.0,684.0,1.0,1.0
24000.0, 36 months,9.17,B,10+ years,RENT,66000.0,Fully Paid,debt_consolidation,23.98,1.0,665.0,669.0,0.0,1.0
8000.0, 36 months,7.26,A,8 years,MORTGAGE,40000.0,Fully Paid,debt_consolidation,9.84,1.0,685.0,689.0,0.0,1.0
12000.0, 60 months,13.67,C,10+ years,OWN,69000.0,Fully Paid,debt_consolidation,21.53,1.0,715.0,719.0,0.0,0.0
14400.0, 60 months,16.99,D,5 years,OWN,71000.0,Fully Paid,major_purchase,18.49,0.0,710.0,714.0,2.0,1.0
32000.0, 60 months,23.99,F,2 years,OWN,70000.0,Charged Off,small_business,13.39,0.0,710.0,714.0,0.0,0.0
13000.0, 36 months,9.17,B,1 year,RENT,50000.0,Fully Paid,debt_consolidation,29.09,0.0,690.0,694.0,0.0,0.0
10000.0, 36 months,9.17,B,10+ years,MORTGAGE,60000.0,Fully Paid,debt_consolidation,8.0,1.0,660.0,664.0,0.0,0.0
8000.0, 36 months,13.67,C,8 years,RENT,41000.0,Fully Paid,other,27.25,0.0,660.0,664.0,0.0,0.0
5600.0, 36 months,10.64,B,< 1 year,MORTGAGE,50000.0,Fully Paid,debt_consolidation,14.62,1.0,680.0,684.0,0.0,0.0
3600.0, 36 months,6.89,A,2 years,RENT,33500.0,Fully Paid,debt_consolidation,21.64,0.0,755.0,759.0,0.0,0.0
3000.0, 36 months,14.48,C,8 years,RENT,49000.0,Fully Paid,other,13.67,0.0,710.0,714.0,0.0,0.0
32000.0, 60 months,13.67,C,1 year,MORTGAGE,150000.0,Fully Paid,debt_consolidation,17.44,2.0,660.0,664.0,0.0,0.0
15950.0, 36 months,17.57,D,10+ years,MORTGAGE,38000.0,Charged Off,home_improvement,7.04,0.0,700.0,704.0,0.0,0.0
30000.0, 36 months,14.85,C,3 years,RENT,100000.0,Fully Paid,debt_consolidation,10.79,0.0,670.0,674.0,1.0,0.0
20000.0, 36 months,8.38,B,5 years,OWN,96000.0,Fully Paid,debt_consolidation,25.51,0.0,695.0,699.0,0.0,0.0
26500.0, 60 months,17.57,D,3 years,OWN,53000.0,Fully Paid,debt_consolidation,6.61,0.0,715.0,719.0,0.0,0.0
17325.0, 60 months,17.86,D,< 1 year,MORTGAGE,60000.0,Fully Paid,debt_consolidation,15.28,1.0,685.0,689.0,0.0,1.0
11875.0, 36 months,10.64,B,10+ years,MORTGAGE,59900.0,Fully Paid,debt_consolidation,12.18,0.0,695.0,699.0,0.0,0.0
28000.0, 60 months,16.99,D,2 years,MORTGAGE,80000.0,Fully Paid,debt_consolidation,22.71,0.0,695.0,699.0,3.0,1.0
2100.0, 36 months,13.18,C,1 year,MORTGAGE,70000.0,Charged Off,other,18.95,0.0,680.0,684.0,0.0,0.0
10000.0, 36 months,9.76,B,10+ years,MORTGAGE,55000.0,Fully Paid,home_improvement,22.23,1.0,700.0,704.0,0.0,0.0
10000.0, 36 months,12.59,C,10+ years,OWN,35000.0,Fully Paid,debt_consolidation,14.13,0.0,665.0,669.0,3.0,1.0
20000.0, 36 months,6.89,A,10+ years,RENT,86604.0,Fully Paid,debt_consolidation,18.84,0.0,735.0,739.0,1.0,0.0
14000.0, 36 months,8.18,B,5 years,MORTGAGE,85000.0,Fully Paid,credit_card,31.3,1.0,695.0,699.0,0.0,0.0
25000.0, 36 months,5.32,A,5 years,MORTGAGE,80000.0,Fully Paid,debt_consolidation,21.0,0.0,705.0,709.0,1.0,0.0
16200.0, 60 months,10.78,B,10+ years,MORTGAGE,60000.0,Fully Paid,credit_card,25.5,0.0,735.0,739.0,0.0,0.0
25600.0, 60 months,18.2,E,8 years,OWN,70000.0,Charged Off,debt_consolidation,33.46,0.0,710.0,714.0,0.0,0.0
14000.0, 60 months,17.57,D,10+ years,MORTGAGE,101920.0,Fully Paid,debt_consolidation,16.96,0.0,700.0,704.0,1.0,0.0
18200.0, 60 months,9.17,B,9 years,RENT,66000.0,Fully Paid,other,29.86,0.0,820.0,824.0,0.0,0.0
6200.0, 36 months,9.99,B,10+ years,RENT,46000.0,Fully Paid,credit_card,30.3,0.0,720.0,724.0,0.0,0.0
11200.0, 60 months,17.57,D,8 years,MORTGAGE,60000.0,Charged Off,debt_consolidation,20.78,0.0,665.0,669.0,0.0,0.0
16200.0, 36 months,15.41,D,2 years,RENT,36000.0,Fully Paid,debt_consolidation,32.3,0.0,685.0,689.0,0.0,0.0
12000.0, 36 months,8.38,B,10+ years,MORTGAGE,70000.0,Charged Off,home_improvement,15.28,0.0,675.0,679.0,0.0,1.0
18125.0, 36 months,11.22,B,10+ years,MORTGAGE,80000.0,Fully Paid,debt_consolidation,20.98,0.0,700.0,704.0,0.0,0.0
10000.0, 36 months,10.78,B,4 years,RENT,48000.0,Fully Paid,credit_card,22.43,0.0,685.0,689.0,0.0,0.0
10000.0, 36 months,11.22,B,10+ years,RENT,70000.0,Fully Paid,debt_consolidation,3.75,0.0,660.0,664.0,0.0,0.0
16000.0, 36 months,16.55,D,2 years,RENT,77500.0,Fully Paid,debt_consolidation,28.55,0.0,660.0,664.0,1.0,0.0
14400.0, 60 months,8.38,B,< 1 year,RENT,90000.0,Fully Paid,debt_consolidation,16.11,0.0,705.0,709.0,0.0,0.0
12000.0, 60 months,19.99,E,10+ years,MORTGAGE,24000.0,Charged Off,debt_consolidation,23.25,0.0,665.0,669.0,0.0,0.0
3000.0, 36 months,7.49,A,9 years,RENT,44000.0,Fully Paid,credit_card,12.27,0.0,755.0,759.0,0.0,0.0
16000.0, 60 months,10.99,B,10+ years,MORTGAGE,90000.0,Fully Paid,debt_consolidation,12.76,0.0,720.0,724.0,0.0,0.0
5200.0, 36 months,17.57,D,5 years,OWN,24000.0,Fully Paid,other,17.25,2.0,680.0,684.0,1.0,0.0
24000.0, 60 months,22.99,F,4 years,MORTGAGE,120000.0,Fully Paid,small_business,15.82,0.0,725.0,729.0,0.0,0.0
7200.0, 36 months,6.24,A,3 years,MORTGAGE,62800.0,Fully Paid,credit_card,11.81,0.0,680.0,684.0,0.0,0.0
15000.0, 36 months,7.89,A,10+ years,MORTGAGE,70000.0,Charged Off,credit_card,14.9,0.0,705.0,709.0,1.0,0.0
16825.0, 60 months,18.49,E,10+ years,MORTGAGE,40000.0,Charged Off,debt_consolidation,30.9,0.0,705.0,709.0,0.0,0.0
7200.0, 36 months,5.32,A,3 years,MORTGAGE,70000.0,Fully Paid,credit_card,4.89,0.0,685.0,689.0,0.0,0.0
8000.0, 36 months,8.18,B,3 years,RENT,50000.0,Fully Paid,credit_card,5.76,1.0,670.0,674.0,0.0,0.0
10000.0, 36 months,15.41,D,< 1 year,RENT,32000.0,Fully Paid,debt_consolidation,35.07,0.0,705.0,709.0,2.0,0.0
24950.0, 36 months,9.17,B,3 years,RENT,65000.0,Fully Paid,debt_consolidation,17.95,0.0,755.0,759.0,1.0,0.0
6400.0, 36 months,9.8,B,10+ years,MORTGAGE,120000.0,Fully Paid,credit_card,24.64,0.0,695.0,699.0,1.0,0.0
32000.0, 36 months,12.88,C,10+ years,MORTGAGE,100000.0,Fully Paid,debt_consolidation,23.08,0.0,690.0,694.0,2.0,0.0
24000.0, 60 months,7.89,A,10+ years,MORTGAGE,102000.0,Fully Paid,debt_consolidation,27.18,0.0,710.0,714.0,0.0,0.0
12000.0, 36 months,6.24,A,7 years,MORTGAGE,85009.6,Fully Paid,debt_consolidation,10.28,0.0,735.0,739.0,0.0,0.0
20000.0, 36 months,8.38,B,2 years,RENT,80000.0,Charged Off,debt_consolidation,24.93,0.0,675.0,679.0,0.0,0.0
21000.0, 36 months,7.26,A,4 years,MORTGAGE,99000.0,Fully Paid,credit_card,6.45,3.0,680.0,684.0,0.0,0.0
20000.0, 60 months,22.45,F,1 year,RENT,110000.0,Fully Paid,debt_consolidation,8.84,1.0,715.0,719.0,0.0,0.0
18000.0, 36 months,16.59,D,6 years,MORTGAGE,50000.0,Fully Paid,debt_consolidation,14.69,0.0,705.0,709.0,2.0,0.0
15000.0, 60 months,16.55,D,7 years,MORTGAGE,120000.0,Fully Paid,debt_consolidation,12.84,1.0,675.0,679.0,1.0,0.0
6000.0, 36 months,10.64,B,2 years,RENT,40000.0,Fully Paid,debt_consolidation,17.78,0.0,685.0,689.0,0.0,1.0
4350.0, 36 months,12.59,C,< 1 year,MORTGAGE,62000.0,Fully Paid,debt_consolidation,11.48,0.0,675.0,679.0,0.0,0.0
21600.0, 60 months,11.99,C,10+ years,MORTGAGE,94624.0,Fully Paid,debt_consolidation,26.0,0.0,725.0,729.0,0.0,0.0
3525.0, 36 months,10.64,B,5 years,MORTGAGE,77000.0,Fully Paid,debt_consolidation,13.44,0.0,705.0,709.0,2.0,0.0
12000.0, 60 months,14.48,C,10+ years,MORTGAGE,87000.0,Charged Off,debt_consolidation,32.57,0.0,690.0,694.0,2.0,0.0
10000.0, 36 months,7.89,A,8 years,OWN,160000.0,Fully Paid,home_improvement,3.07,0.0,670.0,674.0,0.0,1.0
6000.0, 36 months,6.49,A,2 years,MORTGAGE,101000.0,Fully Paid,credit_card,4.19,0.0,705.0,709.0,0.0,0.0
10000.0, 60 months,18.2,E,2 years,MORTGAGE,60000.0,Fully Paid,debt_consolidation,32.1,0.0,705.0,709.0,0.0,0.0
3000.0, 36 months,10.64,B,10+ years,OWN,40000.0,Charged Off,other,16.62,0.0,725.0,729.0,0.0,0.0
15750.0, 36 months,9.76,B,1 year,RENT,55000.0,Fully Paid,credit_card,15.84,0.0,660.0,664.0,0.0,0.0
14000.0, 36 months,9.17,B,< 1 year,RENT,50000.0,Fully Paid,debt_consolidation,10.49,0.0,705.0,709.0,0.0,0.0
32000.0, 36 months,12.59,C,6 years,MORTGAGE,75000.0,Fully Paid,credit_card,25.68,0.0,680.0,684.0,1.0,0.0
12000.0, 60 months,17.57,D,5 years,RENT,52000.0,Fully Paid,credit_card,21.44,0.0,715.0,719.0,0.0,0.0
23225.0, 60 months,21.99,F,3 years,MORTGAGE,66000.0,Fully Paid,debt_consolidation,21.49,0.0,700.0,704.0,0.0,0.0
35000.0, 60 months,12.59,C,10+ years,MORTGAGE,81612.0,Fully Paid,credit_card,13.16,0.0,730.0,734.0,0.0,0.0
2100.0, 36 months,10.78,B,10+ years,MORTGAGE,28000.0,Fully Paid,debt_consolidation,21.13,0.0,670.0,674.0,1.0,0.0
9000.0, 36 months,11.99,C,10+ years,RENT,48000.0,Fully Paid,debt_consolidation,6.78,0.0,665.0,669.0,1.0,0.0
8500.0, 36 months,6.89,A,10+ years,MORTGAGE,66000.0,Fully Paid,debt_consolidation,11.33,1.0,695.0,699.0,0.0,0.0
16000.0, 36 months,7.26,A,1 year,RENT,56100.0,Fully Paid,debt_consolidation,11.19,0.0,730.0,734.0,0.0,0.0
9025.0, 36 months,17.86,D,2 years,RENT,45000.0,Fully Paid,other,7.08,0.0,665.0,669.0,1.0,0.0
2700.0, 36 months,10.64,B,10+ years,MORTGAGE,99000.0,Fully Paid,other,25.35,1.0,695.0,699.0,0.0,0.0
12000.0, 36 months,8.18,B,10+ years,RENT,73000.0,Fully Paid,debt_consolidation,20.04,0.0,725.0,729.0,5.0,0.0
7900.0, 36 months,17.57,D,10+ years,MORTGAGE,54000.0,Charged Off,credit_card,7.6,4.0,665.0,669.0,0.0,0.0
8000.0, 36 months,7.89,A,5 years,MORTGAGE,113000.0,Fully Paid,credit_card,16.57,0.0,710.0,714.0,0.0,0.0
12000.0, 36 months,20.99,E,3 years,MORTGAGE,37000.0,Charged Off,credit_card,18.85,0.0,675.0,679.0,3.0,0.0
5600.0, 36 months,8.38,B,2 years,MORTGAGE,77000.0,Charged Off,debt_consolidation,17.11,2.0,670.0,674.0,2.0,0.0
23350.0, 36 months,13.67,C,10+ years,MORTGAGE,105000.0,Fully Paid,debt_consolidation,18.53,0.0,660.0,664.0,0.0,1.0
6400.0, 36 months,9.17,B,2 years,RENT,30000.0,Fully Paid,credit_card,36.88,0.0,705.0,709.0,0.0,0.0
14225.0, 60 months,17.97,D,< 1 year,OWN,35600.0,Charged Off,debt_consolidation,24.24,0.0,670.0,674.0,0.0,0.0
2000.0, 36 months,10.99,B,10+ years,RENT,65720.0,Charged Off,debt_consolidation,8.8,0.0,670.0,674.0,2.0,2.0
5000.0, 36 months,14.48,C,7 years,MORTGAGE,50000.0,Charged Off,debt_consolidation,26.75,0.0,660.0,664.0,1.0,0.0
6000.0, 36 months,10.64,B,10+ years,MORTGAGE,82600.0,Fully Paid,credit_card,33.24,0.0,685.0,689.0,0.0,0.0
18000.0, 36 months,12.59,C,6 years,RENT,130000.0,Fully Paid,other,3.42,1.0,675.0,679.0,0.0,0.0
10000.0, 36 months,12.59,C,10+ years,MORTGAGE,55000.0,Charged Off,other,20.49,0.0,665.0,669.0,0.0,2.0
12000.0, 36 months,9.76,B,1 year,RENT,35000.0,Charged Off,debt_consolidation,29.42,1.0,660.0,664.0,0.0,0.0
30000.0, 36 months,15.41,D,2 years,MORTGAGE,150480.0,Fully Paid,debt_consolidation,9.9,0.0,660.0,664.0,1.0,0.0
6550.0, 36 months,12.05,C,9 years,MORTGAGE,132000.0,Fully Paid,debt_consolidation,22.62,0.0,675.0,679.0,2.0,1.0
12000.0, 36 months,5.32,A,10+ years,MORTGAGE,130000.0,Fully Paid,debt_consolidation,14.76,0.0,770.0,774.0,0.0,0.0
35000.0, 60 months,16.99,D,2 years,MORTGAGE,136000.0,Charged Off,credit_card,28.33,2.0,660.0,664.0,1.0,0.0
21000.0, 60 months,13.99,C,5 years,MORTGAGE,100000.0,Charged Off,debt_consolidation,17.48,3.0,695.0,699.0,0.0,0.0
27650.0, 36 months,7.26,A,10+ years,RENT,175000.0,Fully Paid,debt_consolidation,21.05,0.0,755.0,759.0,0.0,0.0
35000.0, 60 months,18.2,E,8 years,MORTGAGE,153000.0,Charged Off,small_business,7.31,0.0,730.0,734.0,0.0,1.0
2000.0, 36 months,11.48,B,5 years,RENT,38000.0,Fully Paid,other,37.62,1.0,665.0,669.0,0.0,0.0
12000.0, 36 months,7.91,A,10+ years,MORTGAGE,71000.0,Fully Paid,debt_consolidation,24.86,1.0,715.0,719.0,0.0,0.0
19300.0, 36 months,11.49,B,4 years,RENT,42000.0,Charged Off,credit_card,25.83,0.0,675.0,679.0,1.0,1.0
14000.0, 36 months,16.55,D,10+ years,RENT,64000.0,Fully Paid,debt_consolidation,10.22,0.0,690.0,694.0,2.0,0.0
15000.0, 36 months,6.24,A,2 years,MORTGAGE,180000.0,Fully Paid,debt_consolidation,17.19,0.0,695.0,699.0,0.0,0.0
11200.0, 36 months,14.48,C,4 years,RENT,20000.0,Fully Paid,debt_consolidation,21.43,1.0,660.0,664.0,0.0,0.0
28025.0, 36 months,12.88,C,10+ years,MORTGAGE,120000.0,Charged Off,debt_consolidation,17.17,2.0,685.0,689.0,5.0,0.0
10000.0, 36 months,11.22,B,10+ years,MORTGAGE,71000.0,Fully Paid,credit_card,31.12,0.0,745.0,749.0,2.0,0.0
11000.0, 36 months,6.99,A,1 year,MORTGAGE,78000.0,Fully Paid,credit_card,21.64,0.0,775.0,779.0,0.0,0.0
17000.0, 60 months,14.48,C,10+ years,RENT,45800.0,Fully Paid,debt_consolidation,30.24,0.0,680.0,684.0,0.0,0.0
6325.0, 36 months,19.99,E,10+ years,MORTGAGE,44000.0,Fully Paid,debt_consolidation,30.63,0.0,765.0,769.0,0.0,0.0
29850.0, 36 months,12.59,C,10+ years,MORTGAGE,120000.0,Fully Paid,debt_consolidation,28.13,0.0,740.0,744.0,0.0,0.0
4000.0, 36 months,13.18,C,,MORTGAGE,20000.0,Fully Paid,other,11.58,0.0,680.0,684.0,2.0,0.0
8000.0, 36 months,16.55,D,1 year,RENT,60000.0,Charged Off,major_purchase,12.24,0.0,700.0,704.0,2.0,0.0
18200.0, 36 months,11.22,B,3 years,MORTGAGE,58000.0,Charged Off,credit_card,12.08,0.0,680.0,684.0,0.0,0.0
8000.0, 36 months,13.18,C,5 years,RENT,37700.0,Fully Paid,debt_consolidation,24.16,0.0,690.0,694.0,1.0,0.0
25000.0, 60 months,13.67,C,5 years,RENT,135000.0,Charged Off,debt_consolidation,13.37,2.0,710.0,714.0,0.0,1.0
20000.0, 36 months,11.99,C,2 years,MORTGAGE,110000.0,Fully Paid,debt_consolidation,15.15,0.0,685.0,689.0,0.0,0.0
8575.0, 36 months,10.99,B,10+ years,MORTGAGE,45008.0,Fully Paid,credit_card,24.53,2.0,680.0,684.0,0.0,0.0
22000.0, 36 months,7.89,A,10+ years,OWN,119000.0,Fully Paid,credit_card,28.24,0.0,685.0,689.0,0.0,0.0
30400.0, 36 months,18.2,E,10+ years,RENT,85000.0,Fully Paid,major_purchase,14.53,0.0,660.0,664.0,2.0,1.0
10000.0, 36 months,11.99,C,7 years,RENT,40000.0,Fully Paid,debt_consolidation,10.95,0.0,665.0,669.0,3.0,0.0
13000.0, 36 months,6.24,A,3 years,RENT,56000.0,Fully Paid,debt_consolidation,10.39,1.0,715.0,719.0,0.0,0.0
30000.0, 36 months,9.8,B,10+ years,MORTGAGE,94000.0,Fully Paid,debt_consolidation,29.41,0.0,730.0,734.0,2.0,0.0
15000.0, 36 months,8.38,B,5 years,RENT,60000.0,Fully Paid,debt_consolidation,39.7,0.0,765.0,769.0,0.0,0.0
1000.0, 36 months,13.67,C,,MORTGAGE,54000.0,Fully Paid,other,38.96,0.0,725.0,729.0,0.0,0.0
5000.0, 36 months,10.64,B,10+ years,RENT,45000.0,Fully Paid,debt_consolidation,32.88,0.0,685.0,689.0,0.0,0.0
12000.0, 36 months,5.32,A,2 years,MORTGAGE,100000.0,Fully Paid,debt_consolidation,15.58,0.0,780.0,784.0,0.0,0.0
9600.0, 36 months,10.64,B,6 years,OWN,45000.0,Fully Paid,debt_consolidation,20.67,0.0,670.0,674.0,1.0,0.0
25000.0, 36 months,9.76,B,8 years,MORTGAGE,120000.0,Fully Paid,credit_card,9.81,0.0,675.0,679.0,0.0,0.0
20000.0, 60 months,12.59,C,3 years,OWN,110000.0,Fully Paid,credit_card,10.84,0.0,660.0,664.0,0.0,1.0
5700.0, 36 months,11.22,B,,OWN,13000.0,Charged Off,credit_card,19.21,0.0,660.0,664.0,0.0,1.0
14400.0, 36 months,8.38,B,4 years,RENT,75000.0,Fully Paid,debt_consolidation,30.64,0.0,675.0,679.0,0.0,0.0
2000.0, 36 months,13.67,C,1 year,RENT,30000.0,Fully Paid,debt_consolidation,20.72,0.0,680.0,684.0,2.0,0.0
5000.0, 36 months,16.55,D,,MORTGAGE,52000.0,Fully Paid,debt_consolidation,21.44,0.0,710.0,714.0,3.0,1.0
7000.0, 36 months,11.99,C,,MORTGAGE,75000.0,Fully Paid,home_improvement,10.06,3.0,680.0,684.0,3.0,0.0
20000.0, 36 months,10.64,B,10+ years,MORTGAGE,145000.0,Fully Paid,credit_card,9.86,0.0,680.0,684.0,1.0,0.0
12000.0, 36 months,5.32,A,9 years,MORTGAGE,67000.0,Fully Paid,credit_card,14.1,0.0,790.0,794.0,0.0,0.0
8000.0, 36 months,9.17,B,5 years,RENT,23000.0,Fully Paid,debt_consolidation,26.25,0.0,690.0,694.0,1.0,0.0
15600.0, 36 months,9.17,B,10+ years,RENT,100000.0,Fully Paid,debt_consolidation,11.34,1.0,660.0,664.0,0.0,1.0
16250.0, 60 months,10.64,B,,MORTGAGE,36000.0,Fully Paid,debt_consolidation,23.07,0.0,745.0,749.0,0.0,0.0
11450.0, 60 months,13.44,C,2 years,MORTGAGE,32500.0,Fully Paid,debt_consolidation,23.97,0.0,680.0,684.0,0.0,0.0
11000.0, 36 months,5.32,A,2 years,MORTGAGE,55000.0,Fully Paid,credit_card,12.11,0.0,690.0,694.0,0.0,0.0
15000.0, 36 months,7.26,A,8 years,MORTGAGE,70000.0,Fully Paid,credit_card,10.78,0.0,715.0,719.0,0.0,0.0
18000.0, 60 months,13.18,C,6 years,OWN,100000.0,Fully Paid,small_business,4.78,0.0,670.0,674.0,1.0,0.0
5000.0, 36 months,11.22,B,3 years,RENT,72000.0,Fully Paid,debt_consolidation,5.12,0.0,675.0,679.0,0.0,0.0
4350.0, 36 months,15.77,D,10+ years,RENT,42000.0,Fully Paid,debt_consolidation,24.03,0.0,670.0,674.0,1.0,1.0
21000.0, 36 months,12.59,C,9 years,OWN,144000.0,Charged Off,other,8.33,5.0,670.0,674.0,1.0,0.0
10375.0, 60 months,17.57,D,10+ years,RENT,28832.0,Fully Paid,debt_consolidation,32.26,0.0,670.0,674.0,0.0,1.0
14400.0, 60 months,18.99,E,10+ years,MORTGAGE,105000.0,Charged Off,other,20.74,2.0,670.0,674.0,1.0,0.0
16000.0, 60 months,9.76,B,10+ years,OWN,83000.0,Charged Off,debt_consolidation,27.42,0.0,700.0,704.0,0.0,0.0
11600.0, 36 months,11.22,B,2 years,RENT,67009.0,Fully Paid,debt_consolidation,16.28,0.0,680.0,684.0,0.0,0.0
5000.0, 36 months,7.89,A,,OWN,33000.0,Fully Paid,debt_consolidation,21.67,0.0,680.0,684.0,0.0,0.0
10450.0, 60 months,21.99,F,9 years,MORTGAGE,38500.0,Fully Paid,debt_consolidation,25.37,0.0,715.0,719.0,0.0,0.0
6000.0, 36 months,6.24,A,9 years,MORTGAGE,55000.0,Fully Paid,debt_consolidation,18.98,0.0,755.0,759.0,0.0,0.0
1600.0, 36 months,9.76,B,,OWN,9000.0,Fully Paid,debt_consolidation,10.67,0.0,740.0,744.0,0.0,0.0
13000.0, 36 months,11.99,C,10+ years,MORTGAGE,50000.0,Fully Paid,debt_consolidation,31.73,0.0,665.0,669.0,0.0,0.0
26400.0, 60 months,18.2,E,10+ years,RENT,60000.0,Fully Paid,credit_card,27.72,0.0,685.0,689.0,0.0,0.0
5000.0, 36 months,10.64,B,3 years,MORTGAGE,60000.0,Fully Paid,debt_consolidation,9.72,0.0,675.0,679.0,0.0,1.0
3600.0, 36 months,11.22,B,3 years,RENT,33000.0,Fully Paid,debt_consolidation,15.7,1.0,680.0,684.0,0.0,0.0
25000.0, 36 months,6.24,A,,MORTGAGE,110000.0,Fully Paid,credit_card,10.91,0.0,715.0,719.0,0.0,0.0
10950.0, 36 months,13.67,C,,RENT,25667.88,Charged Off,credit_card,28.33,0.0,705.0,709.0,1.0,0.0
20000.0, 60 months,16.55,D,1 year,MORTGAGE,42400.0,Fully Paid,credit_card,17.85,0.0,700.0,704.0,1.0,0.0
5000.0, 36 months,6.24,A,9 years,RENT,208000.0,Fully Paid,debt_consolidation,8.12,0.0,720.0,724.0,0.0,0.0
4500.0, 36 months,11.22,B,,RENT,22401.0,Charged Off,credit_card,24.97,0.0,700.0,704.0,1.0,0.0
14000.0, 36 months,13.67,C,1 year,OWN,70000.0,Fully Paid,debt_consolidation,5.02,0.0,665.0,669.0,0.0,0.0
2500.0, 36 months,10.64,B,3 years,RENT,87000.0,Fully Paid,debt_consolidation,17.19,0.0,675.0,679.0,1.0,0.0
17000.0, 36 months,9.76,B,10+ years,MORTGAGE,90000.0,Fully Paid,debt_consolidation,28.97,0.0,705.0,709.0,0.0,0.0
4800.0, 36 months,16.99,D,10+ years,RENT,30000.0,Fully Paid,debt_consolidation,31.44,0.0,690.0,694.0,1.0,0.0
16000.0, 36 months,7.49,A,10+ years,RENT,70000.0,Fully Paid,credit_card,12.09,0.0,695.0,699.0,1.0,0.0
7000.0, 36 months,11.48,B,4 years,RENT,40000.0,Fully Paid,debt_consolidation,27.87,0.0,755.0,759.0,2.0,0.0
22000.0, 36 months,9.8,B,7 years,RENT,80000.0,Fully Paid,debt_consolidation,12.08,0.0,685.0,689.0,0.0,0.0
8000.0, 36 months,9.17,B,6 years,MORTGAGE,100000.0,Fully Paid,debt_consolidation,14.52,0.0,695.0,699.0,0.0,0.0
24000.0, 36 months,6.89,A,,MORTGAGE,71000.0,Fully Paid,credit_card,31.64,0.0,720.0,724.0,0.0,0.0
26500.0, 60 months,17.86,D,,RENT,63000.0,Fully Paid,debt_consolidation,13.33,0.0,675.0,679.0,0.0,0.0
2400.0, 36 months,11.22,B,10+ years,RENT,72000.0,Fully Paid,credit_card,21.73,0.0,660.0,664.0,1.0,1.0
30925.0, 60 months,22.99,F,< 1 year,MORTGAGE,77343.0,Charged Off,credit_card,18.38,0.0,665.0,669.0,3.0,0.0
24850.0, 36 months,13.67,C,5 years,RENT,200000.0,Fully Paid,debt_consolidation,16.65,0.0,695.0,699.0,0.0,0.0
16000.0, 60 months,13.18,C,5 years,MORTGAGE,350000.0,Fully Paid,debt_consolidation,18.84,2.0,660.0,664.0,3.0,0.0
10575.0, 60 months,12.59,C,8 years,MORTGAGE,60000.0,Fully Paid,debt_consolidation,12.26,0.0,720.0,724.0,0.0,1.0
10000.0, 36 months,9.17,B,7 years,OWN,65736.0,Fully Paid,debt_consolidation,11.41,0.0,680.0,684.0,0.0,0.0
25000.0, 60 months,19.89,E,10+ years,RENT,100000.0,Fully Paid,other,38.69,0.0,675.0,679.0,2.0,0.0
7200.0, 36 months,9.17,B,< 1 year,MORTGAGE,70000.0,Fully Paid,credit_card,28.17,0.0,660.0,664.0,0.0,1.0
10000.0, 36 months,6.24,A,10+ years,MORTGAGE,105000.0,Fully Paid,debt_consolidation,12.28,0.0,730.0,734.0,1.0,0.0
16000.0, 36 months,16.99,D,5 years,OWN,45000.0,Fully Paid,home_improvement,17.17,1.0,660.0,664.0,0.0,0.0
5000.0, 36 months,9.17,B,10+ years,RENT,60000.0,Fully Paid,credit_card,7.86,0.0,720.0,724.0,0.0,0.0
16100.0, 60 months,13.67,C,3 years,RENT,42000.0,Charged Off,debt_consolidation,34.53,0.0,690.0,694.0,1.0,0.0
13375.0, 36 months,8.49,B,,OWN,45000.0,Fully Paid,car,12.85,0.0,805.0,809.0,1.0,0.0
12000.0, 36 months,11.99,C,1 year,MORTGAGE,90000.0,Charged Off,debt_consolidation,10.11,1.0,665.0,669.0,3.0,0.0
6000.0, 36 months,8.38,B,6 years,RENT,42000.0,Fully Paid,credit_card,22.49,0.0,705.0,709.0,0.0,0.0
4000.0, 36 months,9.17,B,3 years,RENT,52000.0,Fully Paid,debt_consolidation,23.84,0.0,765.0,769.0,0.0,0.0
5000.0, 36 months,7.89,A,7 years,MORTGAGE,77000.0,Fully Paid,debt_consolidation,2.34,0.0,760.0,764.0,1.0,0.0
5000.0, 36 months,13.99,C,10+ years,MORTGAGE,55000.0,Charged Off,other,32.21,0.0,695.0,699.0,0.0,0.0
6000.0, 36 months,6.24,A,10+ years,RENT,76000.0,Fully Paid,debt_consolidation,13.25,0.0,695.0,699.0,0.0,0.0
9000.0, 36 months,7.26,A,1 year,RENT,48000.0,Fully Paid,credit_card,7.01,1.0,685.0,689.0,0.0,1.0
3000.0, 36 months,10.64,B,7 years,RENT,50000.0,Charged Off,credit_card,17.23,0.0,670.0,674.0,0.0,1.0
14400.0, 60 months,7.91,A,10+ years,MORTGAGE,120000.0,Fully Paid,home_improvement,7.04,0.0,710.0,714.0,0.0,0.0
6025.0, 36 months,14.48,C,10+ years,OWN,80000.0,Fully Paid,debt_consolidation,8.19,0.0,665.0,669.0,1.0,0.0
11350.0, 36 months,11.49,B,10+ years,RENT,38000.0,Fully Paid,debt_consolidation,16.8,3.0,680.0,684.0,0.0,1.0
11000.0, 36 months,7.26,A,10+ years,RENT,38000.0,Fully Paid,debt_consolidation,28.68,0.0,785.0,789.0,0.0,0.0
3000.0, 36 months,13.18,C,4 years,RENT,65000.0,Fully Paid,debt_consolidation,18.09,0.0,670.0,674.0,2.0,1.0
10000.0, 60 months,16.99,D,10+ years,OWN,40000.0,Charged Off,home_improvement,15.89,0.0,695.0,699.0,2.0,0.0
6600.0, 36 months,10.78,B,10+ years,RENT,71000.0,Fully Paid,debt_consolidation,10.6,0.0,665.0,669.0,0.0,0.0
25000.0, 60 months,13.99,C,1 year,RENT,60000.0,Fully Paid,credit_card,21.16,0.0,695.0,699.0,1.0,0.0
9000.0, 36 months,8.18,B,10+ years,MORTGAGE,110000.0,Fully Paid,home_improvement,8.17,0.0,665.0,669.0,0.0,0.0
10000.0, 36 months,9.8,B,6 years,MORTGAGE,50000.0,Fully Paid,credit_card,22.9,1.0,680.0,684.0,1.0,0.0
16800.0, 60 months,16.55,D,1 year,MORTGAGE,70000.0,Fully Paid,debt_consolidation,30.1,0.0,660.0,664.0,0.0,0.0
12600.0, 36 months,12.05,C,5 years,RENT,48000.0,Fully Paid,debt_consolidation,5.0,0.0,695.0,699.0,0.0,0.0
12000.0, 60 months,18.99,E,8 years,OWN,85000.0,Fully Paid,credit_card,20.8,0.0,680.0,684.0,1.0,0.0
20000.0, 36 months,12.59,C,6 years,OWN,123000.0,Fully Paid,debt_consolidation,18.95,1.0,665.0,669.0,0.0,0.0
20000.0, 60 months,15.77,D,,MORTGAGE,63000.0,Charged Off,debt_consolidation,25.39,2.0,695.0,699.0,2.0,0.0
18000.0, 60 months,8.49,B,2 years,MORTGAGE,120000.0,Charged Off,credit_card,6.42,0.0,700.0,704.0,0.0,0.0
32500.0, 36 months,8.18,B,,OWN,65000.0,Charged Off,debt_consolidation,21.14,0.0,720.0,724.0,0.0,0.0
10000.0, 60 months,16.99,D,5 years,RENT,85000.0,Charged Off,debt_consolidation,20.8,0.0,660.0,664.0,4.0,0.0
35000.0, 60 months,13.67,C,< 1 year,MORTGAGE,75000.0,Fully Paid,debt_consolidation,18.91,0.0,785.0,789.0,1.0,0.0
12000.0, 36 months,15.41,D,10+ years,MORTGAGE,44000.0,Fully Paid,credit_card,3.25,1.0,660.0,664.0,1.0,0.0
4000.0, 36 months,9.17,B,10+ years,MORTGAGE,55000.0,Fully Paid,debt_consolidation,9.64,0.0,665.0,669.0,0.0,0.0
10000.0, 36 months,9.17,B,9 years,MORTGAGE,48000.0,Fully Paid,debt_consolidation,14.25,0.0,695.0,699.0,1.0,0.0
10000.0, 36 months,8.38,B,,MORTGAGE,48000.0,Fully Paid,debt_consolidation,24.08,1.0,670.0,674.0,0.0,0.0
10800.0, 36 months,16.99,D,9 years,MORTGAGE,60000.0,Charged Off,home_improvement,4.88,7.0,665.0,669.0,2.0,1.0
7000.0, 36 months,16.99,D,10+ years,MORTGAGE,76529.0,Fully Paid,medical,6.35,0.0,665.0,669.0,0.0,0.0
1600.0, 36 months,16.99,D,7 years,RENT,49000.0,Fully Paid,other,18.25,0.0,665.0,669.0,2.0,0.0
12000.0, 36 months,10.64,B,10+ years,MORTGAGE,250000.0,Fully Paid,credit_card,3.15,0.0,670.0,674.0,2.0,1.0
20000.0, 60 months,11.99,C,6 years,MORTGAGE,45000.0,Charged Off,credit_card,31.89,0.0,670.0,674.0,0.0,2.0
12000.0, 36 months,13.44,C,10+ years,RENT,50000.0,Fully Paid,debt_consolidation,24.57,0.0,700.0,704.0,2.0,0.0
7000.0, 36 months,11.99,C,2 years,RENT,42000.0,Fully Paid,credit_card,32.26,1.0,695.0,699.0,1.0,0.0
18000.0, 36 months,10.64,B,1 year,OWN,45000.0,Fully Paid,debt_consolidation,15.73,0.0,695.0,699.0,0.0,0.0
8000.0, 36 months,5.32,A,3 years,MORTGAGE,150000.0,Fully Paid,other,12.82,0.0,730.0,734.0,0.0,0.0
24000.0, 36 months,6.89,A,4 years,MORTGAGE,190000.0,Fully Paid,credit_card,28.91,0.0,680.0,684.0,1.0,0.0
15000.0, 36 months,5.32,A,5 years,RENT,102000.0,Fully Paid,credit_card,13.16,0.0,725.0,729.0,0.0,0.0
21000.0, 60 months,17.86,D,10+ years,OWN,63000.0,Fully Paid,major_purchase,36.8,1.0,665.0,669.0,2.0,0.0
5000.0, 36 months,11.99,C,4 years,MORTGAGE,50000.0,Fully Paid,debt_consolidation,7.38,0.0,685.0,689.0,2.0,0.0
10000.0, 36 months,6.89,A,4 years,RENT,40000.0,Fully Paid,credit_card,8.19,0.0,695.0,699.0,0.0,0.0
23425.0, 60 months,19.99,E,10+ years,MORTGAGE,119000.0,Charged Off,debt_consolidation,11.36,2.0,690.0,694.0,0.0,0.0
30000.0, 36 months,17.86,D,10+ years,RENT,60000.0,Fully Paid,debt_consolidation,11.32,0.0,720.0,724.0,0.0,0.0
6000.0, 36 months,12.59,C,< 1 year,RENT,24000.0,Fully Paid,debt_consolidation,23.45,0.0,695.0,699.0,2.0,2.0
24350.0, 60 months,13.67,C,10+ years,MORTGAGE,110000.0,Fully Paid,debt_consolidation,21.23,4.0,695.0,699.0,0.0,0.0
12000.0, 36 months,15.41,D,10+ years,RENT,50000.0,Fully Paid,debt_consolidation,19.76,0.0,675.0,679.0,0.0,0.0
30000.0, 36 months,13.18,C,3 years,RENT,80000.0,Fully Paid,debt_consolidation,16.98,0.0,660.0,664.0,0.0,0.0
5000.0, 36 months,12.88,C,< 1 year,RENT,47000.0,Fully Paid,debt_consolidation,38.61,0.0,680.0,684.0,0.0,0.0
25000.0, 36 months,6.24,A,10+ years,MORTGAGE,164000.0,Fully Paid,home_improvement,22.15,0.0,735.0,739.0,0.0,0.0
7200.0, 36 months,10.78,B,1 year,RENT,30000.0,Fully Paid,debt_consolidation,21.12,1.0,705.0,709.0,0.0,0.0
32425.0, 60 months,16.55,D,10+ years,OWN,70500.0,Charged Off,debt_consolidation,31.18,0.0,785.0,789.0,0.0,0.0
28000.0, 60 months,14.48,C,3 years,RENT,60000.0,Fully Paid,debt_consolidation,23.72,0.0,720.0,724.0,2.0,0.0
3500.0, 36 months,9.76,B,10+ years,MORTGAGE,99000.0,Fully Paid,credit_card,16.0,0.0,660.0,664.0,1.0,0.0
12000.0, 36 months,13.18,C,10+ years,MORTGAGE,60000.0,Fully Paid,debt_consolidation,32.62,0.0,675.0,679.0,0.0,0.0
9000.0, 36 months,7.89,A,10+ years,RENT,70000.0,Fully Paid,debt_consolidation,11.79,0.0,690.0,694.0,0.0,0.0
30000.0, 60 months,17.27,D,< 1 year,MORTGAGE,87500.0,Fully Paid,credit_card,21.01,0.0,680.0,684.0,3.0,0.0
12000.0, 36 months,9.76,B,3 years,RENT,100000.0,Fully Paid,debt_consolidation,14.75,0.0,660.0,664.0,0.0,0.0
7500.0, 36 months,9.76,B,2 years,RENT,48500.0,Fully Paid,credit_card,19.27,5.0,665.0,669.0,1.0,0.0
15000.0, 36 months,12.59,C,10+ years,RENT,64000.0,Charged Off,debt_consolidation,36.83,0.0,700.0,704.0,3.0,1.0
6000.0, 36 months,9.76,B,8 years,RENT,89000.0,Fully Paid,car,7.69,0.0,680.0,684.0,1.0,0.0
4875.0, 36 months,15.41,D,10+ years,MORTGAGE,92000.0,Fully Paid,debt_consolidation,39.42,0.0,675.0,679.0,0.0,1.0
6000.0, 36 months,14.85,C,5 years,RENT,53000.0,Charged Off,credit_card,25.5,0.0,665.0,669.0,4.0,3.0
35000.0, 60 months,17.57,D,1 year,MORTGAGE,115000.0,Fully Paid,debt_consolidation,23.52,0.0,685.0,689.0,0.0,0.0
7000.0, 36 months,13.18,C,10+ years,RENT,100000.0,Charged Off,debt_consolidation,15.73,1.0,670.0,674.0,1.0,0.0
25000.0, 36 months,7.26,A,,OWN,125000.0,Fully Paid,debt_consolidation,15.55,0.0,730.0,734.0,3.0,0.0
35000.0, 36 months,11.99,C,10+ years,MORTGAGE,180000.0,Fully Paid,credit_card,14.41,2.0,660.0,664.0,0.0,1.0
8500.0, 36 months,11.99,C,10+ years,MORTGAGE,35000.0,Fully Paid,credit_card,37.65,2.0,700.0,704.0,1.0,0.0
12000.0, 36 months,9.17,B,10+ years,RENT,86000.0,Charged Off,major_purchase,13.37,0.0,715.0,719.0,5.0,0.0
15600.0, 36 months,14.85,C,3 years,RENT,73500.0,Fully Paid,debt_consolidation,39.77,0.0,760.0,764.0,0.0,0.0
3600.0, 36 months,12.59,C,8 years,OWN,52000.0,Charged Off,medical,27.46,0.0,685.0,689.0,2.0,0.0
10225.0, 36 months,18.49,E,< 1 year,RENT,27000.0,Fully Paid,debt_consolidation,21.07,0.0,700.0,704.0,1.0,0.0
10700.0, 36 months,12.59,C,10+ years,RENT,55000.0,Fully Paid,debt_consolidation,13.68,1.0,665.0,669.0,1.0,0.0
3475.0, 36 months,10.64,B,,OWN,30000.0,Fully Paid,debt_consolidation,4.56,0.0,775.0,779.0,0.0,0.0
10875.0, 36 months,5.32,A,10+ years,RENT,59000.0,Fully Paid,credit_card,16.82,0.0,680.0,684.0,0.0,0.0
12000.0, 36 months,7.26,A,< 1 year,RENT,31000.0,Fully Paid,credit_card,34.49,0.0,705.0,709.0,0.0,0.0
3000.0, 36 months,11.49,B,3 years,RENT,65000.0,Fully Paid,debt_consolidation,13.68,1.0,665.0,669.0,1.0,0.0
35000.0, 36 months,11.99,C,2 years,OWN,150000.0,Fully Paid,debt_consolidation,5.83,0.0,665.0,669.0,0.0,6.0
15625.0, 60 months,23.99,F,< 1 year,RENT,46000.0,Fully Paid,house,22.46,0.0,660.0,664.0,3.0,0.0
12000.0, 36 months,5.32,A,9 years,RENT,114500.0,Fully Paid,debt_consolidation,3.7,0.0,695.0,699.0,0.0,0.0
2400.0, 36 months,7.91,A,10+ years,MORTGAGE,85000.0,Fully Paid,debt_consolidation,28.35,0.0,680.0,684.0,0.0,0.0
1000.0, 36 months,13.18,C,10+ years,RENT,38000.0,Fully Paid,vacation,17.76,0.0,705.0,709.0,1.0,0.0
26000.0, 36 months,11.22,B,9 years,RENT,96000.0,Fully Paid,debt_consolidation,14.0,0.0,660.0,664.0,0.0,0.0
15000.0, 60 months,16.99,D,9 years,MORTGAGE,50000.0,Charged Off,debt_consolidation,29.98,0.0,660.0,664.0,0.0,1.0
6000.0, 36 months,10.64,B,,MORTGAGE,55000.0,Fully Paid,home_improvement,12.18,0.0,690.0,694.0,1.0,0.0
8150.0, 36 months,10.64,B,3 years,RENT,25000.0,Fully Paid,debt_consolidation,16.47,0.0,715.0,719.0,0.0,0.0
12000.0, 36 months,6.99,A,10+ years,MORTGAGE,50000.0,Fully Paid,credit_card,20.12,0.0,790.0,794.0,0.0,0.0
35000.0, 36 months,11.22,B,10+ years,MORTGAGE,250000.0,Fully Paid,debt_consolidation,17.16,1.0,665.0,669.0,0.0,0.0
5100.0, 36 months,16.99,D,10+ years,RENT,33000.0,Fully Paid,debt_consolidation,28.8,0.0,670.0,674.0,2.0,2.0
22225.0, 60 months,22.45,F,5 years,RENT,58000.0,Charged Off,debt_consolidation,19.04,0.0,700.0,704.0,2.0,0.0
4000.0, 36 months,13.18,C,10+ years,RENT,70000.0,Charged Off,debt_consolidation,12.38,4.0,670.0,674.0,1.0,0.0
9600.0, 36 months,11.99,C,10+ years,MORTGAGE,71000.0,Fully Paid,other,18.59,0.0,695.0,699.0,1.0,0.0
24200.0, 60 months,18.49,E,4 years,RENT,55000.0,Charged Off,credit_card,32.21,0.0,675.0,679.0,0.0,3.0
15000.0, 60 months,12.59,C,10+ years,MORTGAGE,75000.0,Fully Paid,credit_card,9.68,0.0,670.0,674.0,0.0,0.0
11275.0, 36 months,17.86,D,2 years,MORTGAGE,32277.15,Charged Off,debt_consolidation,34.29,0.0,670.0,674.0,2.0,0.0
21000.0, 36 months,9.17,B,10+ years,MORTGAGE,70000.0,Fully Paid,credit_card,28.42,0.0,735.0,739.0,2.0,0.0
9725.0, 36 months,14.48,C,< 1 year,RENT,52000.0,Fully Paid,debt_consolidation,9.95,0.0,700.0,704.0,0.0,0.0
8000.0, 36 months,6.89,A,10+ years,RENT,40000.0,Fully Paid,debt_consolidation,19.68,1.0,695.0,699.0,0.0,0.0
16925.0, 36 months,15.41,D,10+ years,RENT,72000.0,Fully Paid,major_purchase,19.62,0.0,675.0,679.0,0.0,1.0
1000.0, 36 months,15.77,D,< 1 year,RENT,31999.0,Fully Paid,other,24.83,1.0,670.0,674.0,0.0,0.0
6000.0, 36 months,16.99,D,10+ years,MORTGAGE,155000.0,Fully Paid,debt_consolidation,22.75,1.0,685.0,689.0,1.0,0.0
18000.0, 60 months,16.55,D,4 years,RENT,65000.0,Fully Paid,debt_consolidation,26.85,0.0,695.0,699.0,1.0,0.0
5000.0, 36 months,7.89,A,< 1 year,RENT,90000.0,Fully Paid,other,23.92,0.0,790.0,794.0,1.0,0.0
20000.0, 36 months,6.24,A,10+ years,RENT,60000.0,Charged Off,credit_card,16.98,1.0,705.0,709.0,0.0,0.0
3000.0, 36 months,9.17,B,10+ years,MORTGAGE,50000.0,Fully Paid,debt_consolidation,35.91,0.0,705.0,709.0,0.0,0.0
30000.0, 36 months,9.17,B,5 years,MORTGAGE,119000.0,Fully Paid,credit_card,15.9,0.0,675.0,679.0,0.0,0.0
16000.0, 36 months,9.76,B,10+ years,RENT,100000.0,Fully Paid,credit_card,8.32,1.0,670.0,674.0,0.0,0.0
8800.0, 36 months,9.17,B,3 years,RENT,71000.0,Fully Paid,debt_consolidation,21.99,1.0,705.0,709.0,0.0,1.0
4000.0, 36 months,6.24,A,10+ years,MORTGAGE,50000.0,Fully Paid,home_improvement,19.11,0.0,785.0,789.0,0.0,0.0
6400.0, 36 months,8.38,B,< 1 year,RENT,80000.0,Fully Paid,moving,12.83,0.0,790.0,794.0,0.0,0.0
14000.0, 36 months,16.55,D,2 years,MORTGAGE,90000.0,Fully Paid,debt_consolidation,18.59,0.0,700.0,704.0,0.0,0.0
20000.0, 36 months,5.32,A,3 years,RENT,65000.0,Fully Paid,credit_card,16.51,0.0,715.0,719.0,0.0,0.0
5000.0, 36 months,12.59,C,2 years,MORTGAGE,60000.0,Fully Paid,credit_card,13.46,0.0,680.0,684.0,1.0,8.0
10000.0, 36 months,9.76,B,2 years,RENT,60000.0,Charged Off,debt_consolidation,10.78,0.0,660.0,664.0,1.0,1.0
11750.0, 60 months,15.41,D,6 years,MORTGAGE,57000.0,Fully Paid,debt_consolidation,29.54,1.0,670.0,674.0,1.0,4.0
10000.0, 36 months,16.55,D,3 years,RENT,33000.0,Charged Off,debt_consolidation,17.24,0.0,660.0,664.0,0.0,0.0
17000.0, 60 months,11.48,B,9 years,OWN,70000.0,Fully Paid,credit_card,17.21,0.0,705.0,709.0,0.0,0.0
9200.0, 36 months,12.88,C,3 years,MORTGAGE,50000.0,Fully Paid,credit_card,23.16,0.0,665.0,669.0,0.0,0.0
18000.0, 36 months,11.49,B,1 year,RENT,50000.0,Fully Paid,credit_card,36.49,1.0,685.0,689.0,0.0,0.0
13200.0, 60 months,18.49,E,3 years,OWN,47500.0,Fully Paid,other,31.94,3.0,690.0,694.0,0.0,0.0
10000.0, 60 months,13.18,C,10+ years,MORTGAGE,64000.0,Fully Paid,debt_consolidation,28.18,1.0,750.0,754.0,0.0,0.0
21000.0, 36 months,9.76,B,10+ years,MORTGAGE,169000.0,Fully Paid,debt_consolidation,12.16,0.0,690.0,694.0,2.0,0.0
6000.0, 36 months,6.89,A,2 years,MORTGAGE,33000.0,Fully Paid,debt_consolidation,8.91,0.0,690.0,694.0,0.0,1.0
5225.0, 36 months,16.55,D,2 years,RENT,42000.0,Fully Paid,credit_card,17.23,0.0,665.0,669.0,2.0,1.0
10800.0, 60 months,11.99,C,,RENT,36000.0,Charged Off,debt_consolidation,31.53,0.0,685.0,689.0,0.0,1.0
8000.0, 36 months,11.22,B,10+ years,RENT,75000.0,Fully Paid,debt_consolidation,20.91,0.0,700.0,704.0,0.0,0.0
14400.0, 36 months,5.32,A,2 years,MORTGAGE,62000.0,Fully Paid,credit_card,10.96,0.0,745.0,749.0,0.0,0.0
5000.0, 36 months,10.64,B,3 years,RENT,42000.0,Fully Paid,debt_consolidation,12.14,0.0,680.0,684.0,0.0,0.0
25000.0, 36 months,7.89,A,5 years,MORTGAGE,85000.0,Fully Paid,debt_consolidation,16.32,0.0,710.0,714.0,1.0,0.0
9000.0, 36 months,6.24,A,5 years,OWN,70000.0,Fully Paid,credit_card,28.29,2.0,710.0,714.0,0.0,0.0
20000.0, 60 months,19.99,E,4 years,RENT,50000.0,Charged Off,debt_consolidation,12.39,0.0,720.0,724.0,5.0,0.0
5075.0, 36 months,15.41,D,,OWN,15444.0,Fully Paid,debt_consolidation,28.02,0.0,660.0,664.0,3.0,1.0
14000.0, 36 months,11.22,B,6 years,RENT,100000.0,Charged Off,credit_card,20.95,0.0,665.0,669.0,1.0,0.0
20000.0, 36 months,10.99,B,10+ years,RENT,56640.0,Fully Paid,debt_consolidation,28.05,0.0,710.0,714.0,0.0,0.0
35000.0, 36 months,9.17,B,10+ years,MORTGAGE,120000.0,Fully Paid,major_purchase,18.86,0.0,800.0,804.0,2.0,0.0
20000.0, 36 months,6.89,A,< 1 year,MORTGAGE,90000.0,Fully Paid,home_improvement,5.03,0.0,705.0,709.0,0.0,1.0
13000.0, 36 months,8.49,B,2 years,RENT,89000.0,Fully Paid,debt_consolidation,10.45,0.0,665.0,669.0,0.0,0.0
35000.0, 60 months,18.2,E,10+ years,OWN,170000.0,Charged Off,credit_card,11.88,1.0,660.0,664.0,0.0,0.0
17000.0, 60 months,15.41,D,10+ years,RENT,46000.0,Charged Off,debt_consolidation,33.24,0.0,690.0,694.0,1.0,0.0
6000.0, 36 months,6.49,A,10+ years,MORTGAGE,85000.0,Fully Paid,credit_card,10.28,1.0,740.0,744.0,0.0,0.0
5400.0, 36 months,8.38,B,,MORTGAGE,55539.0,Fully Paid,credit_card,16.03,0.0,675.0,679.0,0.0,0.0
11825.0, 60 months,24.24,F,8 years,RENT,85000.0,Fully Paid,debt_consolidation,21.4,0.0,660.0,664.0,1.0,1.0
2800.0, 36 months,15.41,D,3 years,MORTGAGE,57000.0,Fully Paid,debt_consolidation,36.61,0.0,690.0,694.0,1.0,0.0
19200.0, 60 months,10.64,B,7 years,MORTGAGE,81616.0,Charged Off,home_improvement,18.84,0.0,780.0,784.0,1.0,0.0
10000.0, 36 months,8.18,B,8 years,MORTGAGE,90000.0,Fully Paid,debt_consolidation,10.8,2.0,695.0,699.0,0.0,0.0
18000.0, 60 months,18.2,E,1 year,MORTGAGE,50000.0,Fully Paid,credit_card,16.12,0.0,660.0,664.0,0.0,0.0
3200.0, 36 months,10.64,B,10+ years,MORTGAGE,81000.0,Charged Off,debt_consolidation,24.64,0.0,740.0,744.0,2.0,1.0
14400.0, 60 months,17.57,D,10+ years,RENT,44000.0,Fully Paid,debt_consolidation,19.91,0.0,685.0,689.0,0.0,0.0
11200.0, 36 months,6.24,A,3 years,MORTGAGE,200000.0,Fully Paid,credit_card,25.88,0.0,710.0,714.0,2.0,0.0
15675.0, 36 months,16.99,D,10+ years,MORTGAGE,43600.0,Fully Paid,debt_consolidation,17.63,0.0,685.0,689.0,1.0,0.0
7200.0, 36 months,14.85,C,2 years,RENT,55000.0,Fully Paid,debt_consolidation,10.84,0.0,695.0,699.0,0.0,0.0
22225.0, 60 months,11.99,C,10+ years,MORTGAGE,125213.0,Fully Paid,debt_consolidation,10.65,2.0,670.0,674.0,0.0,0.0
35000.0, 60 months,11.99,C,5 years,OWN,91000.0,Fully Paid,credit_card,29.46,0.0,710.0,714.0,0.0,0.0
35000.0, 60 months,19.89,E,6 years,MORTGAGE,103000.0,Charged Off,debt_consolidation,25.07,0.0,740.0,744.0,0.0,0.0
28000.0, 36 months,5.32,A,5 years,MORTGAGE,400000.0,Fully Paid,debt_consolidation,4.59,0.0,695.0,699.0,0.0,1.0
7000.0, 36 months,9.76,B,2 years,RENT,26000.0,Fully Paid,debt_consolidation,30.61,0.0,705.0,709.0,2.0,0.0
9000.0, 36 months,6.89,A,6 years,MORTGAGE,72000.0,Fully Paid,debt_consolidation,22.43,0.0,730.0,734.0,1.0,0.0
24000.0, 36 months,10.64,B,< 1 year,MORTGAGE,189000.0,Fully Paid,debt_consolidation,23.12,0.0,695.0,699.0,1.0,0.0
3000.0, 36 months,8.18,B,1 year,OWN,60000.0,Fully Paid,credit_card,10.36,4.0,705.0,709.0,1.0,0.0
9225.0, 36 months,21.48,E,2 years,RENT,40500.0,Charged Off,debt_consolidation,24.68,0.0,660.0,664.0,3.0,5.0
24000.0, 36 months,13.44,C,3 years,OWN,120000.0,Fully Paid,debt_consolidation,14.42,0.0,700.0,704.0,1.0,0.0
11175.0, 36 months,9.17,B,2 years,RENT,50000.0,Fully Paid,credit_card,23.16,0.0,710.0,714.0,1.0,0.0
7000.0, 36 months,16.55,D,9 years,MORTGAGE,110000.0,Fully Paid,debt_consolidation,9.64,0.0,665.0,669.0,2.0,0.0
21925.0, 36 months,9.17,B,10+ years,MORTGAGE,130000.0,Fully Paid,debt_consolidation,15.58,0.0,725.0,729.0,0.0,0.0
20000.0, 36 months,7.89,A,7 years,OWN,75000.0,Fully Paid,debt_consolidation,24.19,0.0,710.0,714.0,0.0,0.0
12000.0, 36 months,7.89,A,10+ years,MORTGAGE,110000.0,Fully Paid,debt_consolidation,15.01,0.0,705.0,709.0,0.0,0.0
10000.0, 36 months,8.18,B,6 years,RENT,60000.0,Charged Off,credit_card,13.84,0.0,665.0,669.0,0.0,1.0
28000.0, 36 months,7.49,A,5 years,MORTGAGE,83000.0,Charged Off,debt_consolidation,15.42,0.0,685.0,689.0,0.0,0.0
13300.0, 36 months,13.67,C,9 years,RENT,35000.0,Fully Paid,credit_card,28.44,0.0,705.0,709.0,0.0,0.0
26050.0, 60 months,22.99,F,10+ years,MORTGAGE,32000.0,Charged Off,debt_consolidation,59.26,5.0,665.0,669.0,1.0,0.0
25000.0, 36 months,11.22,B,10+ years,RENT,90000.0,Fully Paid,debt_consolidation,28.1,0.0,685.0,689.0,0.0,1.0
20000.0, 36 months,10.64,B,4 years,MORTGAGE,60000.0,Fully Paid,debt_consolidation,9.3,0.0,750.0,754.0,0.0,0.0
8850.0, 36 months,18.49,E,,MORTGAGE,60000.0,Fully Paid,debt_consolidation,21.9,0.0,665.0,669.0,1.0,1.0
32000.0, 60 months,11.99,C,9 years,MORTGAGE,100000.0,Charged Off,debt_consolidation,24.23,0.0,760.0,764.0,0.0,0.0
10000.0, 36 months,9.99,B,10+ years,OWN,140000.0,Fully Paid,debt_consolidation,22.07,3.0,660.0,664.0,3.0,0.0
25000.0, 60 months,13.67,C,8 years,MORTGAGE,100000.0,Fully Paid,debt_consolidation,16.45,0.0,675.0,679.0,1.0,0.0
24000.0, 36 months,7.26,A,10+ years,MORTGAGE,154000.0,Charged Off,debt_consolidation,23.23,0.0,735.0,739.0,1.0,0.0
20000.0, 60 months,18.99,E,,MORTGAGE,57520.0,Fully Paid,other,3.4,0.0,680.0,684.0,0.0,0.0
6000.0, 36 months,11.99,C,10+ years,MORTGAGE,55000.0,Fully Paid,other,22.87,0.0,690.0,694.0,0.0,0.0
10000.0, 36 months,9.76,B,3 years,OWN,130000.0,Fully Paid,car,8.1,0.0,700.0,704.0,0.0,0.0
14000.0, 60 months,17.57,D,10+ years,RENT,42180.0,Charged Off,debt_consolidation,21.42,0.0,660.0,664.0,0.0,0.0
16000.0, 60 months,14.48,C,10+ years,RENT,50000.0,Charged Off,credit_card,29.17,1.0,675.0,679.0,1.0,0.0
5000.0, 36 months,9.17,B,10+ years,MORTGAGE,55000.0,Fully Paid,other,14.44,2.0,665.0,669.0,1.0,1.0
14350.0, 60 months,22.45,F,8 years,RENT,48000.0,Fully Paid,small_business,34.03,0.0,670.0,674.0,3.0,3.0
13200.0, 36 months,12.59,C,10+ years,OWN,30000.0,Fully Paid,debt_consolidation,7.64,0.0,660.0,664.0,1.0,0.0
20275.0, 60 months,18.2,E,8 years,OWN,110000.0,Fully Paid,debt_consolidation,12.23,0.0,665.0,669.0,2.0,0.0
31325.0, 60 months,18.49,E,10+ years,MORTGAGE,98000.0,Fully Paid,debt_consolidation,33.19,0.0,740.0,744.0,0.0,0.0
5000.0, 36 months,13.18,C,2 years,OWN,45000.0,Charged Off,credit_card,14.53,0.0,670.0,674.0,1.0,0.0
18500.0, 36 months,5.32,A,3 years,OWN,48700.0,Charged Off,debt_consolidation,25.33,0.0,790.0,794.0,0.0,0.0
30000.0, 36 months,11.49,B,6 years,RENT,150000.0,Charged Off,debt_consolidation,9.26,0.0,740.0,744.0,0.0,0.0
15000.0, 36 months,6.89,A,6 years,MORTGAGE,87000.0,Fully Paid,debt_consolidation,21.77,0.0,710.0,714.0,0.0,0.0
9600.0, 36 months,8.38,B,< 1 year,MORTGAGE,95000.0,Fully Paid,debt_consolidation,24.72,0.0,715.0,719.0,0.0,0.0
35000.0, 60 months,13.67,C,10+ years,MORTGAGE,93000.0,Charged Off,credit_card,31.78,0.0,705.0,709.0,0.0,0.0
10500.0, 36 months,7.89,A,1 year,OWN,55000.0,Charged Off,debt_consolidation,18.26,0.0,725.0,729.0,0.0,1.0
16000.0, 60 months,11.99,C,3 years,RENT,55200.0,Fully Paid,debt_consolidation,19.83,0.0,680.0,684.0,0.0,0.0
9600.0, 36 months,14.48,C,10+ years,RENT,65000.0,Fully Paid,debt_consolidation,6.65,1.0,675.0,679.0,1.0,1.0
20000.0, 60 months,15.41,D,6 years,RENT,110000.0,Fully Paid,debt_consolidation,8.79,0.0,675.0,679.0,2.0,1.0
20000.0, 60 months,18.99,E,1 year,OWN,85000.0,Fully Paid,debt_consolidation,13.31,1.0,700.0,704.0,2.0,0.0
9000.0, 36 months,14.48,C,2 years,RENT,49000.0,Fully Paid,debt_consolidation,9.21,0.0,680.0,684.0,0.0,0.0
20000.0, 36 months,7.89,A,10+ years,MORTGAGE,127000.0,Fully Paid,debt_consolidation,19.21,0.0,735.0,739.0,0.0,0.0
5000.0, 36 months,8.38,B,< 1 year,MORTGAGE,49000.0,Charged Off,debt_consolidation,8.94,0.0,680.0,684.0,0.0,0.0
8400.0, 36 months,12.59,C,< 1 year,MORTGAGE,60000.0,Fully Paid,home_improvement,21.82,2.0,695.0,699.0,1.0,0.0
11600.0, 36 months,15.41,D,10+ years,RENT,80000.0,Fully Paid,debt_consolidation,14.69,0.0,665.0,669.0,3.0,0.0
8500.0, 36 months,11.99,C,9 years,RENT,46000.0,Fully Paid,debt_consolidation,33.43,1.0,675.0,679.0,1.0,0.0
13500.0, 60 months,17.86,D,10+ years,RENT,41000.0,Fully Paid,debt_consolidation,13.88,0.0,665.0,669.0,0.0,0.0
14400.0, 60 months,13.18,C,< 1 year,MORTGAGE,41000.0,Fully Paid,debt_consolidation,25.53,0.0,670.0,674.0,0.0,0.0
7000.0, 36 months,5.32,A,5 years,MORTGAGE,80000.0,Fully Paid,major_purchase,26.93,0.0,795.0,799.0,0.0,0.0
6600.0, 36 months,13.44,C,2 years,RENT,75000.0,Fully Paid,debt_consolidation,11.39,0.0,700.0,704.0,0.0,1.0
20000.0, 36 months,8.38,B,10+ years,MORTGAGE,110000.0,Fully Paid,credit_card,29.03,0.0,700.0,704.0,0.0,0.0
15175.0, 60 months,18.2,E,< 1 year,MORTGAGE,30368.0,Fully Paid,debt_consolidation,28.7,0.0,680.0,684.0,0.0,0.0
10000.0, 36 months,8.18,B,6 years,RENT,52000.0,Fully Paid,credit_card,19.39,0.0,705.0,709.0,0.0,0.0
4000.0, 36 months,11.99,C,10+ years,RENT,51000.0,Charged Off,credit_card,11.41,1.0,710.0,714.0,1.0,1.0
5000.0, 36 months,13.18,C,10+ years,MORTGAGE,91000.0,Fully Paid,other,10.68,1.0,665.0,669.0,1.0,0.0
10000.0, 36 months,10.64,B,10+ years,RENT,90000.0,Fully Paid,debt_consolidation,27.48,0.0,705.0,709.0,0.0,0.0
15000.0, 60 months,12.59,C,3 years,MORTGAGE,135000.0,Fully Paid,home_improvement,15.44,6.0,675.0,679.0,0.0,1.0
4000.0, 36 months,10.64,B,8 years,RENT,32000.0,Fully Paid,debt_consolidation,26.56,0.0,710.0,714.0,0.0,0.0
16000.0, 60 months,13.18,C,10+ years,OWN,82000.0,Charged Off,debt_consolidation,9.56,0.0,685.0,689.0,1.0,0.0
12000.0, 36 months,7.89,A,2 years,RENT,230000.0,Fully Paid,credit_card,11.9,0.0,730.0,734.0,0.0,0.0
10600.0, 36 months,7.91,A,< 1 year,RENT,61100.0,Fully Paid,debt_consolidation,19.03,1.0,705.0,709.0,0.0,0.0
2000.0, 36 months,13.99,C,9 years,RENT,46000.0,Fully Paid,moving,33.0,3.0,705.0,709.0,0.0,0.0
4800.0, 36 months,11.99,C,< 1 year,MORTGAGE,40000.0,Fully Paid,debt_consolidation,22.08,0.0,675.0,679.0,0.0,0.0
3000.0, 36 months,17.27,D,10+ years,RENT,38000.0,Charged Off,credit_card,4.26,0.0,675.0,679.0,1.0,0.0
10000.0, 60 months,15.41,D,10+ years,MORTGAGE,45000.0,Charged Off,debt_consolidation,20.32,0.0,675.0,679.0,0.0,0.0
15000.0, 36 months,6.24,A,1 year,RENT,57000.0,Fully Paid,credit_card,18.03,0.0,765.0,769.0,0.0,0.0
24000.0, 36 months,5.32,A,10+ years,OWN,65000.0,Fully Paid,credit_card,20.25,0.0,765.0,769.0,0.0,0.0
9000.0, 36 months,8.38,B,10+ years,MORTGAGE,47000.0,Fully Paid,debt_consolidation,23.67,1.0,680.0,684.0,0.0,0.0
16000.0, 36 months,9.76,B,10+ years,RENT,95000.0,Fully Paid,debt_consolidation,8.77,2.0,670.0,674.0,0.0,0.0
13325.0, 36 months,14.48,C,10+ years,OWN,29000.0,Fully Paid,credit_card,21.4,0.0,705.0,709.0,0.0,0.0
15000.0, 36 months,7.89,A,10+ years,MORTGAGE,70000.0,Fully Paid,credit_card,24.29,0.0,715.0,719.0,1.0,0.0
7000.0, 36 months,11.22,B,6 years,RENT,36200.0,Fully Paid,other,14.16,0.0,665.0,669.0,0.0,0.0
4000.0, 36 months,11.99,C,2 years,RENT,144000.0,Fully Paid,moving,9.73,0.0,670.0,674.0,1.0,0.0
18000.0, 60 months,12.59,C,3 years,MORTGAGE,130000.0,Fully Paid,major_purchase,10.02,0.0,690.0,694.0,0.0,0.0
7500.0, 36 months,11.22,B,< 1 year,RENT,75000.0,Fully Paid,debt_consolidation,18.9,0.0,695.0,699.0,0.0,0.0
24000.0, 36 months,10.64,B,6 years,RENT,170000.0,Fully Paid,debt_consolidation,11.82,0.0,665.0,669.0,2.0,5.0
15000.0, 36 months,14.48,C,10+ years,MORTGAGE,60000.0,Charged Off,credit_card,20.36,1.0,675.0,679.0,2.0,0.0
5000.0, 36 months,11.99,C,1 year,RENT,52000.0,Fully Paid,credit_card,11.63,0.0,730.0,734.0,0.0,0.0
6875.0, 36 months,11.22,B,9 years,MORTGAGE,116000.0,Fully Paid,home_improvement,6.36,1.0,700.0,704.0,1.0,0.0
6025.0, 36 months,10.64,B,8 years,MORTGAGE,50000.0,Fully Paid,other,4.66,0.0,685.0,689.0,0.0,0.0
12000.0, 36 months,7.89,A,1 year,RENT,60000.0,Fully Paid,credit_card,16.0,0.0,665.0,669.0,0.0,0.0
15000.0, 36 months,6.89,A,10+ years,MORTGAGE,94000.0,Fully Paid,debt_consolidation,20.56,0.0,760.0,764.0,1.0,0.0
16000.0, 36 months,10.64,B,2 years,RENT,73000.0,Charged Off,credit_card,31.42,0.0,665.0,669.0,0.0,0.0
16750.0, 60 months,16.59,D,10+ years,MORTGAGE,64296.0,Charged Off,credit_card,17.45,0.0,660.0,664.0,0.0,1.0
25000.0, 60 months,18.49,E,10+ years,OWN,135000.0,Fully Paid,debt_consolidation,14.16,0.0,675.0,679.0,1.0,0.0
19200.0, 36 months,8.38,B,3 years,MORTGAGE,147000.0,Fully Paid,home_improvement,26.31,0.0,685.0,689.0,2.0,1.0
12000.0, 36 months,11.22,B,1 year,RENT,80000.0,Fully Paid,credit_card,18.26,1.0,675.0,679.0,2.0,0.0
19275.0, 60 months,16.99,D,4 years,MORTGAGE,60000.0,Fully Paid,debt_consolidation,25.12,0.0,670.0,674.0,0.0,2.0
9000.0, 36 months,6.89,A,6 years,OWN,50000.0,Fully Paid,credit_card,19.16,0.0,755.0,759.0,1.0,0.0
14700.0, 60 months,26.06,F,2 years,RENT,35000.0,Fully Paid,debt_consolidation,24.93,0.0,660.0,664.0,0.0,1.0
10000.0, 36 months,13.18,C,5 years,RENT,52000.0,Fully Paid,other,24.87,0.0,690.0,694.0,0.0,0.0
20000.0, 36 months,9.17,B,10+ years,MORTGAGE,86000.0,Fully Paid,other,24.87,0.0,720.0,724.0,0.0,0.0
11000.0, 36 months,9.17,B,10+ years,RENT,32000.0,Fully Paid,credit_card,13.73,0.0,670.0,674.0,0.0,1.0
14000.0, 60 months,11.99,C,,MORTGAGE,38000.0,Fully Paid,credit_card,32.41,0.0,725.0,729.0,1.0,0.0
16000.0, 36 months,13.18,C,10+ years,RENT,55000.0,Fully Paid,debt_consolidation,19.75,1.0,660.0,664.0,2.0,0.0
12500.0, 60 months,11.99,C,< 1 year,MORTGAGE,60000.0,Fully Paid,debt_consolidation,16.98,0.0,685.0,689.0,0.0,0.0
13925.0, 36 months,15.41,D,5 years,RENT,41000.0,Charged Off,medical,17.36,1.0,695.0,699.0,0.0,0.0
12600.0, 60 months,20.99,E,10+ years,OWN,30000.0,Fully Paid,debt_consolidation,31.28,0.0,685.0,689.0,0.0,0.0
17000.0, 36 months,10.99,B,< 1 year,OWN,46696.0,Fully Paid,credit_card,30.84,1.0,670.0,674.0,0.0,0.0
19350.0, 36 months,8.18,B,10+ years,MORTGAGE,43000.0,Fully Paid,credit_card,26.57,0.0,710.0,714.0,1.0,0.0
28000.0, 60 months,9.17,B,4 years,MORTGAGE,76008.0,Fully Paid,debt_consolidation,14.47,0.0,690.0,694.0,1.0,0.0
16000.0, 36 months,10.99,B,10+ years,RENT,45000.0,Fully Paid,credit_card,8.59,0.0,680.0,684.0,2.0,0.0
16000.0, 60 months,18.2,E,10+ years,MORTGAGE,67000.0,Fully Paid,debt_consolidation,28.37,2.0,680.0,684.0,1.0,0.0
15000.0, 36 months,16.55,D,10+ years,MORTGAGE,55000.0,Fully Paid,other,20.49,1.0,685.0,689.0,1.0,0.0
17600.0, 36 months,10.78,B,1 year,MORTGAGE,52000.0,Fully Paid,debt_consolidation,26.86,0.0,690.0,694.0,1.0,0.0
10000.0, 36 months,12.59,C,10+ years,RENT,61000.0,Fully Paid,debt_consolidation,2.97,0.0,665.0,669.0,0.0,3.0
8400.0, 36 months,17.86,D,10+ years,MORTGAGE,20000.0,Fully Paid,debt_consolidation,35.23,0.0,665.0,669.0,0.0,0.0
7000.0, 36 months,9.17,B,4 years,RENT,50000.0,Fully Paid,debt_consolidation,12.05,1.0,660.0,664.0,0.0,0.0
1500.0, 36 months,11.49,B,5 years,RENT,45100.0,Fully Paid,moving,13.2,0.0,665.0,669.0,1.0,0.0
20000.0, 60 months,16.99,D,5 years,MORTGAGE,63000.0,Fully Paid,debt_consolidation,25.39,2.0,675.0,679.0,0.0,0.0
13675.0, 36 months,14.33,C,7 years,MORTGAGE,49000.0,Charged Off,medical,16.61,1.0,665.0,669.0,1.0,0.0
10000.0, 60 months,12.59,C,1 year,RENT,50000.0,Charged Off,home_improvement,21.77,0.0,730.0,734.0,0.0,0.0
20950.0, 60 months,17.97,D,5 years,MORTGAGE,87500.0,Fully Paid,debt_consolidation,10.81,0.0,735.0,739.0,0.0,0.0
24500.0, 60 months,11.22,B,10+ years,MORTGAGE,135000.0,Fully Paid,credit_card,21.24,0.0,695.0,699.0,0.0,0.0
15000.0, 36 months,6.24,A,,MORTGAGE,44000.0,Fully Paid,debt_consolidation,20.26,0.0,725.0,729.0,0.0,0.0
4000.0, 36 months,11.22,B,10+ years,RENT,60000.0,Fully Paid,debt_consolidation,12.5,2.0,660.0,664.0,0.0,4.0
5000.0, 36 months,16.99,D,2 years,RENT,50000.0,Charged Off,debt_consolidation,35.17,0.0,710.0,714.0,0.0,0.0
35000.0, 36 months,13.18,C,10+ years,MORTGAGE,200000.0,Fully Paid,debt_consolidation,13.86,1.0,660.0,664.0,0.0,0.0
16000.0, 36 months,12.59,C,9 years,RENT,150000.0,Fully Paid,debt_consolidation,17.26,0.0,665.0,669.0,1.0,0.0
9075.0, 36 months,12.59,C,10+ years,MORTGAGE,60000.0,Fully Paid,debt_consolidation,12.06,2.0,665.0,669.0,0.0,0.0
10000.0, 36 months,9.17,B,10+ years,RENT,32000.0,Fully Paid,credit_card,36.65,0.0,680.0,684.0,0.0,1.0
10000.0, 36 months,13.18,C,10+ years,RENT,85000.0,Fully Paid,debt_consolidation,13.39,3.0,660.0,664.0,1.0,0.0
12000.0, 36 months,11.22,B,< 1 year,RENT,45000.0,Fully Paid,debt_consolidation,28.21,0.0,670.0,674.0,1.0,0.0
10000.0, 36 months,10.64,B,10+ years,RENT,60000.0,Fully Paid,debt_consolidation,25.67,0.0,680.0,684.0,1.0,5.0
14000.0, 36 months,11.22,B,1 year,RENT,55000.0,Fully Paid,debt_consolidation,10.91,1.0,670.0,674.0,1.0,0.0
17950.0, 60 months,13.67,C,2 years,MORTGAGE,51000.0,Fully Paid,debt_consolidation,33.24,0.0,680.0,684.0,0.0,0.0
15000.0, 36 months,9.17,B,3 years,MORTGAGE,70000.0,Fully Paid,credit_card,17.08,0.0,665.0,669.0,0.0,1.0
12000.0, 36 months,9.76,B,5 years,RENT,55000.0,Fully Paid,credit_card,15.1,0.0,670.0,674.0,1.0,0.0
1600.0, 36 months,11.99,C,4 years,RENT,16000.0,Fully Paid,major_purchase,18.15,0.0,730.0,734.0,0.0,0.0
23000.0, 60 months,9.76,B,< 1 year,RENT,57000.0,Charged Off,debt_consolidation,12.91,0.0,805.0,809.0,0.0,0.0
26075.0, 36 months,18.99,E,10+ years,RENT,72470.0,Fully Paid,debt_consolidation,27.59,0.0,690.0,694.0,1.0,0.0
10400.0, 36 months,13.18,C,2 years,RENT,26000.0,Fully Paid,debt_consolidation,25.62,0.0,750.0,754.0,0.0,0.0
4500.0, 36 months,9.76,B,1 year,RENT,47000.0,Fully Paid,credit_card,16.93,0.0,660.0,664.0,2.0,0.0
1500.0, 36 months,6.24,A,10+ years,MORTGAGE,45000.0,Fully Paid,debt_consolidation,7.97,0.0,775.0,779.0,0.0,0.0
12000.0, 36 months,13.99,C,8 years,RENT,52200.0,Fully Paid,credit_card,8.92,0.0,675.0,679.0,0.0,0.0
5000.0, 36 months,9.76,B,10+ years,RENT,45000.0,Fully Paid,debt_consolidation,13.41,0.0,680.0,684.0,0.0,1.0
13000.0, 36 months,11.22,B,4 years,OWN,55000.0,Fully Paid,debt_consolidation,20.77,1.0,670.0,674.0,1.0,0.0
10000.0, 36 months,12.59,C,4 years,RENT,80000.0,Fully Paid,debt_consolidation,28.32,0.0,665.0,669.0,2.0,0.0
35000.0, 36 months,12.59,C,,RENT,78000.0,Fully Paid,credit_card,20.63,0.0,695.0,699.0,0.0,0.0
12000.0, 36 months,12.05,C,6 years,MORTGAGE,46000.0,Fully Paid,debt_consolidation,25.18,0.0,690.0,694.0,0.0,0.0
20000.0, 60 months,11.99,C,2 years,MORTGAGE,71000.0,Fully Paid,credit_card,20.86,0.0,675.0,679.0,2.0,0.0
6000.0, 36 months,10.64,B,1 year,RENT,48300.0,Fully Paid,debt_consolidation,17.78,0.0,695.0,699.0,0.0,0.0
21000.0, 36 months,6.24,A,10+ years,MORTGAGE,73000.0,Fully Paid,debt_consolidation,24.92,0.0,805.0,809.0,0.0,0.0
35000.0, 36 months,7.89,A,4 years,MORTGAGE,130000.0,Fully Paid,debt_consolidation,19.07,0.0,750.0,754.0,0.0,0.0
8000.0, 36 months,10.64,B,10+ years,RENT,35000.0,Charged Off,debt_consolidation,21.54,5.0,670.0,674.0,1.0,0.0
25000.0, 60 months,14.48,C,1 year,MORTGAGE,88000.0,Charged Off,debt_consolidation,30.49,1.0,710.0,714.0,1.0,0.0
7500.0, 36 months,9.17,B,4 years,MORTGAGE,50000.0,Fully Paid,home_improvement,4.72,0.0,660.0,664.0,0.0,1.0
9600.0, 36 months,9.76,B,10+ years,OWN,75000.0,Fully Paid,major_purchase,6.64,0.0,670.0,674.0,0.0,0.0
21000.0, 60 months,14.48,C,2 years,MORTGAGE,56000.0,Fully Paid,debt_consolidation,14.92,0.0,660.0,664.0,1.0,2.0
11550.0, 36 months,18.99,E,,MORTGAGE,28948.92,Fully Paid,credit_card,18.41,0.0,685.0,689.0,0.0,0.0
10000.0, 36 months,5.32,A,10+ years,MORTGAGE,130000.0,Fully Paid,debt_consolidation,19.72,0.0,710.0,714.0,0.0,0.0
10000.0, 36 months,14.85,C,1 year,RENT,40000.0,Fully Paid,debt_consolidation,23.64,0.0,670.0,674.0,1.0,0.0
24000.0, 36 months,5.32,A,,OWN,120000.0,Fully Paid,credit_card,10.14,0.0,710.0,714.0,0.0,0.0
15000.0, 60 months,13.18,C,10+ years,RENT,55000.0,Charged Off,credit_card,21.98,2.0,735.0,739.0,0.0,0.0
7000.0, 36 months,13.67,C,5 years,MORTGAGE,38000.0,Fully Paid,vacation,29.66,1.0,670.0,674.0,0.0,0.0
15000.0, 60 months,16.99,D,10+ years,MORTGAGE,95000.0,Charged Off,debt_consolidation,8.08,5.0,665.0,669.0,1.0,0.0
5000.0, 36 months,11.99,C,< 1 year,RENT,21000.0,Charged Off,debt_consolidation,14.63,1.0,660.0,664.0,2.0,0.0
5600.0, 36 months,13.18,C,1 year,MORTGAGE,65000.0,Fully Paid,small_business,15.84,0.0,665.0,669.0,0.0,0.0
6000.0, 36 months,7.89,A,2 years,RENT,50000.0,Fully Paid,credit_card,21.65,0.0,705.0,709.0,0.0,0.0
10000.0, 36 months,11.22,B,5 years,RENT,91000.0,Fully Paid,debt_consolidation,14.41,0.0,675.0,679.0,3.0,2.0
20800.0, 36 months,8.38,B,8 years,MORTGAGE,150000.0,Fully Paid,credit_card,12.41,3.0,660.0,664.0,0.0,0.0
34075.0, 60 months,12.59,C,,MORTGAGE,71000.0,Fully Paid,debt_consolidation,15.01,0.0,765.0,769.0,0.0,0.0
20000.0, 36 months,7.26,A,1 year,MORTGAGE,130000.0,Fully Paid,credit_card,20.05,0.0,795.0,799.0,4.0,0.0
17600.0, 36 months,9.17,B,2 years,RENT,54000.0,Charged Off,debt_consolidation,17.84,0.0,675.0,679.0,0.0,1.0
3600.0, 36 months,13.18,C,5 years,RENT,50000.0,Fully Paid,major_purchase,32.48,0.0,675.0,679.0,0.0,0.0
10000.0, 36 months,5.32,A,6 years,MORTGAGE,36000.0,Fully Paid,home_improvement,15.6,0.0,830.0,834.0,1.0,0.0
18000.0, 36 months,9.76,B,< 1 year,MORTGAGE,70000.0,Charged Off,debt_consolidation,19.9,0.0,695.0,699.0,0.0,0.0
16000.0, 36 months,11.49,B,8 years,OWN,43000.0,Charged Off,debt_consolidation,33.71,0.0,685.0,689.0,0.0,0.0
5000.0, 36 months,9.76,B,10+ years,MORTGAGE,46000.0,Fully Paid,debt_consolidation,21.05,0.0,685.0,689.0,1.0,0.0
10075.0, 60 months,23.99,F,5 years,RENT,28000.0,Fully Paid,debt_consolidation,29.92,0.0,665.0,669.0,0.0,0.0
23000.0, 36 months,11.49,B,,OWN,70800.0,Fully Paid,credit_card,16.36,0.0,710.0,714.0,1.0,0.0
9600.0, 36 months,6.89,A,10+ years,RENT,40000.0,Fully Paid,debt_consolidation,18.93,4.0,705.0,709.0,0.0,0.0
28000.0, 36 months,14.48,C,< 1 year,RENT,204000.0,Fully Paid,debt_consolidation,20.63,0.0,665.0,669.0,0.0,0.0
19500.0, 60 months,14.48,C,2 years,RENT,75000.0,Fully Paid,debt_consolidation,11.73,0.0,705.0,709.0,0.0,0.0
26675.0, 60 months,18.2,E,4 years,RENT,58000.0,Charged Off,debt_consolidation,20.09,0.0,755.0,759.0,0.0,0.0
20000.0, 60 months,13.99,C,2 years,RENT,52000.0,Charged Off,debt_consolidation,17.06,0.0,695.0,699.0,0.0,0.0
35000.0, 36 months,9.76,B,3 years,RENT,120000.0,Fully Paid,debt_consolidation,7.78,0.0,735.0,739.0,0.0,0.0
25000.0, 36 months,6.24,A,10+ years,MORTGAGE,120000.0,Fully Paid,debt_consolidation,13.02,1.0,685.0,689.0,0.0,0.0
21600.0, 60 months,13.67,C,10+ years,RENT,67000.0,Charged Off,debt_consolidation,20.72,0.0,690.0,694.0,0.0,0.0
7200.0, 36 months,14.85,C,10+ years,RENT,52000.0,Charged Off,credit_card,39.21,1.0,670.0,674.0,1.0,0.0
35000.0, 36 months,7.49,A,2 years,OWN,296000.0,Fully Paid,credit_card,16.24,0.0,725.0,729.0,0.0,0.0
15000.0, 36 months,6.24,A,< 1 year,OWN,68000.0,Fully Paid,home_improvement,18.36,0.0,710.0,714.0,0.0,0.0
3000.0, 36 months,12.88,C,4 years,RENT,40000.0,Fully Paid,credit_card,8.16,0.0,745.0,749.0,1.0,0.0
14450.0, 36 months,17.86,D,6 years,RENT,42500.0,Charged Off,debt_consolidation,20.9,1.0,670.0,674.0,0.0,0.0
5000.0, 36 months,12.59,C,,MORTGAGE,55000.0,Fully Paid,debt_consolidation,11.56,0.0,665.0,669.0,1.0,2.0
21600.0, 60 months,13.44,C,3 years,MORTGAGE,77000.0,Fully Paid,debt_consolidation,11.16,1.0,685.0,689.0,1.0,0.0
5000.0, 36 months,13.67,C,10+ years,RENT,25000.0,Fully Paid,debt_consolidation,37.45,0.0,690.0,694.0,2.0,0.0
10000.0, 36 months,17.57,D,5 years,RENT,56800.0,Charged Off,medical,6.11,2.0,665.0,669.0,1.0,0.0
9750.0, 36 months,18.2,E,1 year,RENT,30500.0,Charged Off,credit_card,34.32,0.0,725.0,729.0,2.0,0.0
12000.0, 36 months,11.99,C,2 years,RENT,37000.0,Fully Paid,debt_consolidation,24.62,4.0,660.0,664.0,0.0,0.0
2000.0, 36 months,11.99,C,1 year,RENT,30000.0,Fully Paid,credit_card,19.72,0.0,700.0,704.0,0.0,0.0
7000.0, 36 months,10.64,B,6 years,RENT,52000.0,Fully Paid,credit_card,22.08,0.0,685.0,689.0,0.0,0.0
20800.0, 36 months,7.89,A,2 years,MORTGAGE,145000.0,Fully Paid,debt_consolidation,19.37,1.0,680.0,684.0,0.0,0.0
10000.0, 36 months,7.49,A,1 year,RENT,35000.0,Fully Paid,debt_consolidation,15.33,0.0,680.0,684.0,0.0,1.0
10000.0, 36 months,10.64,B,2 years,RENT,53000.0,Fully Paid,debt_consolidation,24.72,0.0,665.0,669.0,0.0,0.0
18000.0, 60 months,16.55,D,7 years,MORTGAGE,105000.0,Fully Paid,credit_card,14.02,0.0,665.0,669.0,5.0,2.0
3600.0, 36 months,11.99,C,10+ years,RENT,55000.0,Charged Off,debt_consolidation,27.93,0.0,660.0,664.0,0.0,0.0
24000.0, 60 months,12.59,C,8 years,MORTGAGE,140000.0,Fully Paid,debt_consolidation,7.16,1.0,695.0,699.0,4.0,0.0
17000.0, 36 months,10.64,B,10+ years,MORTGAGE,64000.0,Charged Off,debt_consolidation,22.6,0.0,700.0,704.0,0.0,0.0
5000.0, 36 months,9.76,B,5 years,RENT,20000.0,Fully Paid,debt_consolidation,27.73,0.0,685.0,689.0,1.0,0.0
30000.0, 36 months,12.88,C,7 years,OWN,85000.0,Fully Paid,debt_consolidation,35.0,0.0,740.0,744.0,0.0,0.0
6300.0, 36 months,9.8,B,10+ years,RENT,45000.0,Fully Paid,debt_consolidation,16.99,1.0,690.0,694.0,1.0,1.0
12000.0, 60 months,15.41,D,10+ years,MORTGAGE,100000.0,Fully Paid,home_improvement,31.08,2.0,675.0,679.0,1.0,0.0
35000.0, 36 months,13.67,C,10+ years,MORTGAGE,120000.0,Fully Paid,debt_consolidation,21.54,0.0,680.0,684.0,0.0,0.0
12825.0, 36 months,12.59,C,10+ years,MORTGAGE,69000.0,Fully Paid,debt_consolidation,29.03,0.0,670.0,674.0,0.0,1.0
21000.0, 36 months,7.89,A,10+ years,MORTGAGE,240000.0,Fully Paid,small_business,8.03,0.0,730.0,734.0,0.0,0.0
5200.0, 36 months,7.89,A,3 years,RENT,18500.0,Fully Paid,credit_card,26.2,0.0,730.0,734.0,0.0,0.0
25000.0, 60 months,18.49,E,< 1 year,RENT,69000.0,Charged Off,debt_consolidation,8.37,0.0,690.0,694.0,1.0,0.0
5500.0, 36 months,12.88,C,< 1 year,RENT,31368.0,Fully Paid,debt_consolidation,29.84,0.0,665.0,669.0,1.0,0.0
35000.0, 60 months,16.99,D,4 years,RENT,110000.0,Charged Off,debt_consolidation,17.26,1.0,675.0,679.0,3.0,0.0
25000.0, 36 months,16.55,D,10+ years,MORTGAGE,72500.0,Fully Paid,home_improvement,24.47,1.0,705.0,709.0,0.0,0.0
6500.0, 36 months,12.59,C,10+ years,RENT,96474.0,Fully Paid,small_business,11.21,0.0,675.0,679.0,3.0,3.0
6000.0, 36 months,9.8,B,10+ years,OWN,30000.0,Charged Off,home_improvement,29.84,0.0,665.0,669.0,0.0,0.0
16000.0, 60 months,7.26,A,5 years,OWN,91000.0,Fully Paid,debt_consolidation,16.71,0.0,730.0,734.0,0.0,0.0
35000.0, 36 months,11.99,C,< 1 year,RENT,225000.0,Fully Paid,credit_card,9.49,0.0,660.0,664.0,1.0,1.0
16800.0, 36 months,9.17,B,10+ years,MORTGAGE,75000.0,Fully Paid,other,11.1,0.0,660.0,664.0,0.0,0.0
21000.0, 36 months,11.99,C,5 years,MORTGAGE,100000.0,Fully Paid,debt_consolidation,26.13,0.0,670.0,674.0,0.0,0.0
5600.0, 36 months,13.18,C,4 years,MORTGAGE,165000.0,Fully Paid,debt_consolidation,37.54,0.0,700.0,704.0,1.0,0.0
19200.0, 36 months,6.89,A,10+ years,RENT,106000.0,Fully Paid,debt_consolidation,7.45,0.0,690.0,694.0,0.0,0.0
12000.0, 60 months,13.18,C,4 years,RENT,30000.0,Charged Off,credit_card,15.0,0.0,705.0,709.0,1.0,0.0
10000.0, 36 months,14.48,C,9 years,MORTGAGE,67701.0,Fully Paid,debt_consolidation,27.24,1.0,680.0,684.0,1.0,0.0
35000.0, 36 months,7.26,A,10+ years,MORTGAGE,192000.0,Fully Paid,credit_card,18.51,0.0,765.0,769.0,0.0,0.0
6000.0, 36 months,11.22,B,3 years,OWN,39000.0,Fully Paid,debt_consolidation,10.74,0.0,660.0,664.0,1.0,0.0
21000.0, 60 months,16.99,D,2 years,OWN,95000.0,Fully Paid,debt_consolidation,8.34,0.0,680.0,684.0,0.0,1.0
18850.0, 60 months,18.2,E,< 1 year,RENT,120000.0,Charged Off,debt_consolidation,12.74,0.0,680.0,684.0,2.0,3.0
5000.0, 36 months,8.38,B,,MORTGAGE,28000.0,Fully Paid,credit_card,36.05,0.0,765.0,769.0,0.0,0.0
10000.0, 60 months,18.2,E,3 years,RENT,52000.0,Charged Off,debt_consolidation,25.25,0.0,685.0,689.0,0.0,2.0
20000.0, 36 months,13.67,C,5 years,OWN,120000.0,Fully Paid,small_business,12.23,0.0,690.0,694.0,0.0,0.0
5500.0, 36 months,11.22,B,10+ years,OWN,85000.0,Fully Paid,home_improvement,9.32,0.0,695.0,699.0,2.0,1.0
20000.0, 36 months,5.32,A,2 years,MORTGAGE,86000.0,Fully Paid,credit_card,19.08,0.0,775.0,779.0,0.0,0.0
4500.0, 36 months,11.99,C,5 years,RENT,25000.0,Charged Off,debt_consolidation,16.44,0.0,700.0,704.0,1.0,0.0
14000.0, 60 months,18.2,E,4 years,MORTGAGE,45000.0,Fully Paid,debt_consolidation,20.43,0.0,785.0,789.0,0.0,0.0
12000.0, 60 months,16.99,D,10+ years,MORTGAGE,51000.0,Fully Paid,credit_card,35.48,0.0,695.0,699.0,2.0,0.0
27775.0, 36 months,16.99,D,,MORTGAGE,60000.0,Fully Paid,home_improvement,24.14,0.0,715.0,719.0,0.0,0.0
16000.0, 36 months,8.38,B,7 years,MORTGAGE,72000.0,Charged Off,credit_card,22.62,0.0,700.0,704.0,1.0,1.0
12000.0, 36 months,16.59,D,10+ years,MORTGAGE,101550.0,Charged Off,credit_card,20.01,0.0,675.0,679.0,1.0,0.0
5475.0, 36 months,18.2,E,,RENT,60000.0,Fully Paid,credit_card,36.34,0.0,745.0,749.0,0.0,0.0
6000.0, 36 months,5.32,A,8 years,MORTGAGE,88000.0,Fully Paid,other,16.96,0.0,745.0,749.0,0.0,0.0
15000.0, 60 months,11.99,C,2 years,RENT,47000.0,Fully Paid,credit_card,10.11,0.0,690.0,694.0,1.0,0.0
9000.0, 36 months,9.99,B,10+ years,MORTGAGE,67000.0,Fully Paid,debt_consolidation,22.3,0.0,685.0,689.0,2.0,0.0
10000.0, 36 months,12.88,C,< 1 year,RENT,60000.0,Fully Paid,debt_consolidation,3.3,0.0,715.0,719.0,0.0,0.0
10000.0, 36 months,7.26,A,,OWN,45000.0,Fully Paid,debt_consolidation,25.49,0.0,680.0,684.0,0.0,0.0
12000.0, 36 months,9.17,B,10+ years,MORTGAGE,85000.0,Fully Paid,home_improvement,7.54,0.0,660.0,664.0,0.0,0.0
12000.0, 36 months,11.22,B,2 years,RENT,118000.0,Fully Paid,debt_consolidation,11.11,0.0,700.0,704.0,0.0,0.0
13500.0, 36 months,16.99,D,,MORTGAGE,27000.0,Fully Paid,credit_card,22.8,0.0,715.0,719.0,0.0,0.0
7200.0, 36 months,7.26,A,< 1 year,RENT,55000.0,Fully Paid,credit_card,19.99,0.0,695.0,699.0,0.0,0.0
2400.0, 36 months,17.97,D,< 1 year,RENT,25000.0,Fully Paid,moving,16.03,0.0,685.0,689.0,0.0,0.0
5725.0, 36 months,13.67,C,3 years,RENT,30000.0,Fully Paid,credit_card,8.27,0.0,695.0,699.0,0.0,0.0
9000.0, 36 months,13.18,C,10+ years,RENT,52000.0,Fully Paid,debt_consolidation,10.02,3.0,670.0,674.0,2.0,0.0
28000.0, 36 months,11.22,B,8 years,OWN,125000.0,Fully Paid,debt_consolidation,15.14,0.0,675.0,679.0,0.0,0.0
9600.0, 36 months,7.26,A,6 years,MORTGAGE,183000.0,Fully Paid,home_improvement,13.3,0.0,680.0,684.0,1.0,0.0
12000.0, 60 months,13.99,C,10+ years,OWN,35000.0,Charged Off,debt_consolidation,32.68,0.0,700.0,704.0,0.0,0.0
4000.0, 36 months,13.18,C,10+ years,MORTGAGE,52000.0,Fully Paid,debt_consolidation,28.76,1.0,680.0,684.0,0.0,0.0
4000.0, 36 months,10.64,B,,RENT,62000.0,Charged Off,credit_card,8.27,0.0,665.0,669.0,1.0,0.0
6350.0, 36 months,15.41,D,9 years,MORTGAGE,27000.0,Charged Off,debt_consolidation,26.04,0.0,660.0,664.0,0.0,0.0
16700.0, 60 months,18.99,E,3 years,MORTGAGE,45000.0,Fully Paid,medical,17.55,0.0,685.0,689.0,0.0,0.0
12000.0, 36 months,9.76,B,10+ years,RENT,130000.0,Fully Paid,credit_card,8.12,1.0,660.0,664.0,0.0,1.0
8400.0, 36 months,10.64,B,10+ years,MORTGAGE,97416.0,Fully Paid,debt_consolidation,18.5,1.0,665.0,669.0,0.0,1.0
6150.0, 36 months,14.48,C,6 years,RENT,25147.2,Fully Paid,major_purchase,24.44,0.0,695.0,699.0,0.0,0.0
10000.0, 36 months,11.22,B,10+ years,MORTGAGE,50000.0,Fully Paid,debt_consolidation,18.88,0.0,700.0,704.0,0.0,0.0
16800.0, 36 months,9.76,B,10+ years,MORTGAGE,35000.0,Fully Paid,credit_card,7.2,1.0,710.0,714.0,0.0,0.0
6600.0, 36 months,5.32,A,1 year,RENT,58000.0,Fully Paid,credit_card,24.79,0.0,710.0,714.0,0.0,0.0
10000.0, 60 months,17.86,D,5 years,RENT,50000.0,Charged Off,debt_consolidation,38.96,2.0,660.0,664.0,1.0,0.0
15000.0, 36 months,5.32,A,10+ years,MORTGAGE,153000.0,Fully Paid,debt_consolidation,24.78,0.0,745.0,749.0,0.0,0.0
16000.0, 36 months,7.89,A,< 1 year,RENT,110000.0,Fully Paid,debt_consolidation,8.2,0.0,750.0,754.0,0.0,0.0
4000.0, 36 months,7.89,A,1 year,MORTGAGE,60000.0,Fully Paid,credit_card,9.06,0.0,690.0,694.0,0.0,0.0
32000.0, 60 months,12.59,C,4 years,MORTGAGE,140000.0,Fully Paid,debt_consolidation,17.13,0.0,685.0,689.0,0.0,0.0
4200.0, 36 months,11.22,B,4 years,RENT,50000.0,Fully Paid,credit_card,33.61,0.0,685.0,689.0,1.0,0.0
10000.0, 36 months,10.78,B,10+ years,OWN,73000.0,Fully Paid,debt_consolidation,19.56,1.0,680.0,684.0,0.0,0.0
5000.0, 36 months,10.64,B,10+ years,MORTGAGE,65000.0,Fully Paid,debt_consolidation,29.51,2.0,660.0,664.0,0.0,1.0
35000.0, 60 months,16.99,D,10+ years,MORTGAGE,73808.0,Charged Off,debt_consolidation,32.16,2.0,705.0,709.0,1.0,0.0
4000.0, 36 months,12.59,C,10+ years,OWN,92000.0,Fully Paid,debt_consolidation,20.65,0.0,670.0,674.0,1.0,1.0
15000.0, 60 months,16.55,D,,RENT,36816.0,Charged Off,debt_consolidation,39.7,0.0,665.0,669.0,1.0,0.0
35000.0, 60 months,17.86,D,10+ years,RENT,109500.0,Fully Paid,debt_consolidation,26.93,1.0,690.0,694.0,0.0,0.0
6500.0, 36 months,15.41,D,,RENT,33000.0,Fully Paid,credit_card,8.55,0.0,660.0,664.0,1.0,0.0
5000.0, 36 months,10.64,B,2 years,OWN,25000.0,Fully Paid,vacation,4.73,0.0,750.0,754.0,0.0,0.0
14250.0, 60 months,17.86,D,3 years,RENT,65000.0,Charged Off,debt_consolidation,20.92,0.0,660.0,664.0,0.0,0.0
28000.0, 36 months,7.26,A,10+ years,OWN,78000.0,Fully Paid,debt_consolidation,24.93,0.0,710.0,714.0,0.0,0.0
15025.0, 60 months,18.49,E,10+ years,MORTGAGE,54000.0,Fully Paid,debt_consolidation,24.71,0.0,720.0,724.0,1.0,0.0
12000.0, 36 months,9.17,B,10+ years,RENT,78000.0,Fully Paid,credit_card,34.48,0.0,675.0,679.0,0.0,0.0
20000.0, 36 months,16.55,D,3 years,OWN,80000.0,Charged Off,home_improvement,22.34,0.0,690.0,694.0,5.0,4.0
10000.0, 36 months,8.38,B,10+ years,RENT,65000.0,Fully Paid,credit_card,12.09,0.0,670.0,674.0,0.0,0.0
16000.0, 36 months,11.99,C,10+ years,MORTGAGE,97000.0,Charged Off,credit_card,24.35,0.0,690.0,694.0,0.0,0.0
15000.0, 36 months,7.26,A,2 years,MORTGAGE,214500.0,Fully Paid,debt_consolidation,15.62,0.0,700.0,704.0,0.0,0.0
3600.0, 36 months,10.64,B,3 years,MORTGAGE,60000.0,Fully Paid,debt_consolidation,17.74,0.0,685.0,689.0,1.0,0.0
11050.0, 36 months,16.55,D,< 1 year,RENT,95000.0,Fully Paid,debt_consolidation,11.77,0.0,660.0,664.0,1.0,0.0
25000.0, 60 months,16.99,D,10+ years,MORTGAGE,65000.0,Fully Paid,debt_consolidation,10.52,1.0,660.0,664.0,2.0,0.0
10375.0, 36 months,16.99,D,,OWN,28876.0,Fully Paid,debt_consolidation,32.5,0.0,665.0,669.0,1.0,1.0
10000.0, 36 months,10.64,B,,OWN,35000.0,Fully Paid,other,18.55,0.0,750.0,754.0,0.0,0.0
14000.0, 36 months,8.18,B,1 year,MORTGAGE,51000.0,Fully Paid,debt_consolidation,15.72,0.0,700.0,704.0,0.0,0.0
30000.0, 60 months,13.99,C,9 years,MORTGAGE,70000.0,Charged Off,debt_consolidation,19.9,0.0,690.0,694.0,0.0,0.0
3200.0, 36 months,9.17,B,10+ years,MORTGAGE,45000.0,Fully Paid,home_improvement,17.31,3.0,665.0,669.0,1.0,1.0
7500.0, 36 months,5.32,A,3 years,RENT,85645.0,Fully Paid,major_purchase,9.02,0.0,690.0,694.0,0.0,0.0
11000.0, 36 months,9.17,B,8 years,MORTGAGE,106000.0,Fully Paid,home_improvement,6.35,2.0,680.0,684.0,1.0,0.0
24000.0, 36 months,7.89,A,8 years,MORTGAGE,109000.0,Fully Paid,debt_consolidation,13.3,1.0,705.0,709.0,2.0,0.0
17500.0, 36 months,15.41,D,2 years,RENT,35000.0,Fully Paid,debt_consolidation,18.66,0.0,660.0,664.0,1.0,1.0
11000.0, 36 months,13.18,C,5 years,RENT,36720.0,Charged Off,debt_consolidation,32.81,0.0,665.0,669.0,1.0,1.0
28000.0, 36 months,7.26,A,3 years,MORTGAGE,120000.0,Fully Paid,debt_consolidation,31.77,0.0,755.0,759.0,0.0,0.0
28000.0, 36 months,13.67,C,10+ years,OWN,75000.0,Fully Paid,debt_consolidation,33.81,0.0,715.0,719.0,1.0,0.0
10000.0, 36 months,5.32,A,8 years,OWN,90000.0,Fully Paid,credit_card,14.57,0.0,810.0,814.0,0.0,0.0
14400.0, 36 months,14.48,C,10+ years,MORTGAGE,280000.0,Fully Paid,credit_card,9.79,0.0,675.0,679.0,5.0,0.0
8000.0, 36 months,13.18,C,3 years,RENT,25000.0,Charged Off,debt_consolidation,6.43,0.0,705.0,709.0,0.0,0.0
10000.0, 36 months,9.17,B,10+ years,MORTGAGE,105000.0,Fully Paid,debt_consolidation,19.37,0.0,705.0,709.0,0.0,0.0
5000.0, 36 months,11.48,B,,RENT,11520.0,Fully Paid,debt_consolidation,21.46,0.0,745.0,749.0,0.0,0.0
10000.0, 36 months,14.48,C,4 years,RENT,75000.0,Fully Paid,small_business,30.02,0.0,690.0,694.0,2.0,0.0
7000.0, 36 months,8.49,B,,MORTGAGE,50000.0,Fully Paid,credit_card,8.04,0.0,665.0,669.0,0.0,0.0
10000.0, 36 months,13.67,C,1 year,OWN,72000.0,Charged Off,home_improvement,25.58,2.0,665.0,669.0,0.0,0.0
10000.0, 36 months,9.8,B,10+ years,OWN,95000.0,Fully Paid,debt_consolidation,7.33,0.0,670.0,674.0,3.0,1.0
12000.0, 36 months,7.89,A,1 year,RENT,110000.0,Charged Off,debt_consolidation,18.75,0.0,680.0,684.0,0.0,0.0
10800.0, 60 months,18.2,E,8 years,OWN,26000.0,Charged Off,debt_consolidation,35.87,0.0,685.0,689.0,0.0,0.0
20000.0, 36 months,12.05,C,2 years,RENT,103000.0,Fully Paid,debt_consolidation,16.87,0.0,685.0,689.0,0.0,0.0
18000.0, 60 months,18.99,E,10+ years,OWN,99000.0,Fully Paid,debt_consolidation,21.86,3.0,695.0,699.0,1.0,0.0
20000.0, 60 months,13.67,C,10+ years,MORTGAGE,107900.0,Fully Paid,debt_consolidation,12.43,0.0,665.0,669.0,1.0,7.0
12800.0, 36 months,7.89,A,1 year,RENT,50977.0,Fully Paid,credit_card,12.4,0.0,695.0,699.0,0.0,0.0
16000.0, 36 months,6.89,A,3 years,RENT,61000.0,Fully Paid,credit_card,20.05,0.0,735.0,739.0,1.0,0.0
5000.0, 36 months,11.99,C,3 years,RENT,60000.0,Fully Paid,debt_consolidation,13.5,0.0,665.0,669.0,0.0,1.0
24000.0, 36 months,5.32,A,1 year,RENT,93750.0,Fully Paid,debt_consolidation,20.57,0.0,750.0,754.0,0.0,0.0
6000.0, 36 months,7.89,A,3 years,MORTGAGE,125000.0,Fully Paid,home_improvement,28.55,0.0,675.0,679.0,1.0,0.0
13000.0, 36 months,9.76,B,10+ years,RENT,60000.0,Fully Paid,credit_card,15.82,0.0,665.0,669.0,1.0,0.0
35000.0, 36 months,13.67,C,5 years,RENT,95000.0,Charged Off,major_purchase,7.98,0.0,695.0,699.0,0.0,0.0
6025.0, 36 months,16.55,D,3 years,RENT,23040.0,Fully Paid,other,22.19,0.0,710.0,714.0,2.0,0.0
15000.0, 36 months,5.32,A,10+ years,OWN,65050.0,Fully Paid,debt_consolidation,6.27,0.0,755.0,759.0,0.0,0.0
7200.0, 36 months,7.89,A,10+ years,RENT,100000.0,Fully Paid,debt_consolidation,8.0,1.0,665.0,669.0,0.0,0.0
8000.0, 36 months,8.38,B,10+ years,RENT,65000.0,Fully Paid,debt_consolidation,18.52,0.0,660.0,664.0,0.0,1.0
9600.0, 36 months,11.99,C,5 years,OWN,97000.0,Charged Off,debt_consolidation,20.87,12.0,665.0,669.0,2.0,1.0
18600.0, 36 months,9.17,B,8 years,RENT,101000.0,Fully Paid,debt_consolidation,17.99,3.0,670.0,674.0,0.0,0.0
12000.0, 36 months,5.32,A,< 1 year,MORTGAGE,165000.0,Fully Paid,credit_card,10.51,1.0,725.0,729.0,0.0,0.0
28000.0, 36 months,12.05,C,10+ years,MORTGAGE,90000.0,Fully Paid,debt_consolidation,18.24,0.0,720.0,724.0,0.0,0.0
21150.0, 60 months,13.18,C,8 years,MORTGAGE,65000.0,Fully Paid,debt_consolidation,28.43,0.0,810.0,814.0,1.0,0.0
21600.0, 36 months,11.22,B,9 years,RENT,90000.0,Fully Paid,small_business,15.37,1.0,725.0,729.0,0.0,0.0
20000.0, 60 months,11.22,B,1 year,MORTGAGE,72000.0,Fully Paid,credit_card,23.56,0.0,725.0,729.0,1.0,0.0
35000.0, 36 months,7.91,A,5 years,RENT,75000.0,Fully Paid,debt_consolidation,19.09,0.0,700.0,704.0,0.0,0.0
4800.0, 36 months,9.76,B,10+ years,RENT,93000.0,Fully Paid,debt_consolidation,6.19,0.0,680.0,684.0,0.0,0.0
16675.0, 36 months,11.22,B,2 years,OWN,75000.0,Fully Paid,debt_consolidation,27.64,0.0,700.0,704.0,3.0,0.0
14400.0, 36 months,13.18,C,2 years,RENT,180000.0,Charged Off,debt_consolidation,14.34,0.0,680.0,684.0,2.0,0.0
24000.0, 60 months,17.57,D,10+ years,RENT,48000.0,Charged Off,debt_consolidation,38.71,1.0,725.0,729.0,1.0,0.0
15000.0, 36 months,11.22,B,10+ years,MORTGAGE,90000.0,Fully Paid,small_business,9.0,1.0,715.0,719.0,1.0,0.0
31075.0, 60 months,20.99,E,3 years,MORTGAGE,74000.0,Charged Off,debt_consolidation,21.81,1.0,685.0,689.0,0.0,0.0
9500.0, 36 months,7.26,A,,MORTGAGE,25000.0,Fully Paid,debt_consolidation,25.68,0.0,740.0,744.0,0.0,0.0
5000.0, 36 months,6.89,A,3 years,MORTGAGE,50000.0,Fully Paid,debt_consolidation,1.18,0.0,765.0,769.0,1.0,0.0
8000.0, 36 months,9.99,B,2 years,RENT,47690.0,Fully Paid,debt_consolidation,18.24,0.0,690.0,694.0,0.0,0.0
8400.0, 36 months,13.18,C,10+ years,MORTGAGE,54000.0,Fully Paid,credit_card,30.87,0.0,710.0,714.0,3.0,0.0
24000.0, 36 months,7.89,A,< 1 year,MORTGAGE,58400.0,Fully Paid,credit_card,30.0,0.0,695.0,699.0,0.0,0.0
16500.0, 60 months,13.44,C,10+ years,RENT,37000.0,Charged Off,debt_consolidation,28.74,0.0,710.0,714.0,0.0,0.0
5000.0, 36 months,7.26,A,5 years,MORTGAGE,109000.0,Fully Paid,debt_consolidation,14.39,0.0,720.0,724.0,0.0,0.0
12000.0, 36 months,7.89,A,2 years,MORTGAGE,65000.0,Charged Off,credit_card,13.6,0.0,685.0,689.0,0.0,4.0
20000.0, 60 months,11.99,C,10+ years,MORTGAGE,65000.0,Fully Paid,debt_consolidation,25.11,2.0,675.0,679.0,0.0,0.0
10000.0, 36 months,12.59,C,8 years,RENT,100000.0,Fully Paid,small_business,9.66,0.0,675.0,679.0,1.0,0.0
14000.0, 36 months,5.32,A,10+ years,MORTGAGE,125000.0,Fully Paid,debt_consolidation,6.99,0.0,775.0,779.0,2.0,0.0
17375.0, 36 months,15.41,D,5 years,RENT,45000.0,Fully Paid,credit_card,37.45,0.0,690.0,694.0,0.0,0.0
35000.0, 36 months,11.22,B,10+ years,MORTGAGE,85000.0,Charged Off,debt_consolidation,17.03,1.0,690.0,694.0,0.0,0.0
22000.0, 60 months,11.99,C,2 years,OWN,60000.0,Fully Paid,credit_card,28.44,1.0,715.0,719.0,2.0,0.0
4050.0, 36 months,27.88,G,3 years,RENT,70000.0,Charged Off,debt_consolidation,7.81,0.0,695.0,699.0,5.0,0.0
10800.0, 36 months,9.76,B,< 1 year,MORTGAGE,85000.0,Charged Off,credit_card,13.48,0.0,670.0,674.0,1.0,1.0
16450.0, 36 months,15.41,D,6 years,RENT,50000.0,Fully Paid,small_business,15.53,0.0,770.0,774.0,0.0,0.0
4800.0, 36 months,11.48,B,10+ years,MORTGAGE,90000.0,Charged Off,home_improvement,20.51,0.0,680.0,684.0,0.0,0.0
20000.0, 36 months,5.32,A,10+ years,MORTGAGE,200000.0,Fully Paid,debt_consolidation,10.38,0.0,715.0,719.0,0.0,0.0
16000.0, 60 months,16.55,D,4 years,MORTGAGE,65000.0,Fully Paid,debt_consolidation,32.44,0.0,670.0,674.0,2.0,0.0
18000.0, 36 months,5.32,A,6 years,OWN,70000.0,Fully Paid,credit_card,13.08,0.0,715.0,719.0,1.0,0.0
14375.0, 60 months,14.48,C,10+ years,MORTGAGE,62000.0,Charged Off,debt_consolidation,12.76,0.0,720.0,724.0,1.0,0.0
12000.0, 36 months,5.32,A,10+ years,OWN,215000.0,Fully Paid,major_purchase,11.17,0.0,810.0,814.0,0.0,0.0
8000.0, 36 months,7.89,A,10+ years,OWN,120000.0,Fully Paid,debt_consolidation,14.01,1.0,720.0,724.0,0.0,0.0
10000.0, 36 months,5.32,A,8 years,RENT,72000.0,Fully Paid,debt_consolidation,16.42,0.0,690.0,694.0,1.0,0.0
35000.0, 60 months,18.99,E,10+ years,RENT,150000.0,Fully Paid,medical,13.0,0.0,680.0,684.0,0.0,0.0
35000.0, 60 months,17.86,D,9 years,MORTGAGE,110902.0,Fully Paid,debt_consolidation,11.39,0.0,735.0,739.0,0.0,0.0
24000.0, 36 months,11.49,B,1 year,MORTGAGE,132000.0,Fully Paid,car,21.15,0.0,700.0,704.0,2.0,0.0
15000.0, 36 months,10.64,B,1 year,RENT,90000.0,Charged Off,debt_consolidation,24.8,2.0,680.0,684.0,2.0,0.0
6150.0, 36 months,18.49,E,4 years,RENT,24500.0,Fully Paid,debt_consolidation,33.22,0.0,685.0,689.0,0.0,0.0
16000.0, 60 months,17.86,D,5 years,MORTGAGE,62900.0,Fully Paid,debt_consolidation,32.51,0.0,665.0,669.0,1.0,1.0
13000.0, 60 months,12.59,C,1 year,OWN,41000.0,Fully Paid,debt_consolidation,16.48,0.0,665.0,669.0,0.0,0.0
21000.0, 36 months,8.38,B,10+ years,RENT,77843.0,Fully Paid,credit_card,9.34,0.0,670.0,674.0,0.0,0.0
5600.0, 36 months,12.59,C,10+ years,MORTGAGE,50000.0,Fully Paid,debt_consolidation,16.54,0.0,660.0,664.0,1.0,1.0
25000.0, 60 months,9.17,B,10+ years,MORTGAGE,140000.0,Charged Off,credit_card,12.39,0.0,710.0,714.0,3.0,0.0
7000.0, 36 months,12.59,C,6 years,RENT,40000.0,Charged Off,debt_consolidation,14.91,0.0,680.0,684.0,0.0,0.0
35000.0, 36 months,7.49,A,< 1 year,MORTGAGE,150000.0,Fully Paid,credit_card,23.34,0.0,720.0,724.0,0.0,0.0
4800.0, 36 months,13.18,C,10+ years,RENT,76514.0,Fully Paid,vacation,22.52,0.0,660.0,664.0,0.0,0.0
15000.0, 36 months,17.97,D,4 years,MORTGAGE,220000.0,Fully Paid,moving,21.68,0.0,675.0,679.0,0.0,0.0
12000.0, 36 months,10.99,B,2 years,RENT,50000.0,Fully Paid,credit_card,19.25,0.0,675.0,679.0,0.0,0.0
30000.0, 36 months,10.64,B,10+ years,MORTGAGE,232174.0,Fully Paid,home_improvement,6.44,0.0,705.0,709.0,0.0,0.0
9000.0, 36 months,9.76,B,3 years,RENT,66000.0,Fully Paid,debt_consolidation,18.09,0.0,660.0,664.0,0.0,1.0
28800.0, 36 months,13.67,C,10+ years,RENT,81000.0,Charged Off,debt_consolidation,26.39,0.0,670.0,674.0,0.0,0.0
15000.0, 36 months,9.17,B,10+ years,MORTGAGE,70000.0,Fully Paid,credit_card,7.11,0.0,660.0,664.0,1.0,1.0
16000.0, 60 months,16.99,D,< 1 year,RENT,45000.0,Charged Off,debt_consolidation,12.37,0.0,665.0,669.0,0.0,0.0
17000.0, 36 months,5.32,A,,MORTGAGE,65000.0,Fully Paid,credit_card,10.06,0.0,790.0,794.0,0.0,0.0
10400.0, 36 months,7.26,A,< 1 year,RENT,60000.0,Fully Paid,debt_consolidation,16.71,0.0,700.0,704.0,0.0,0.0
12000.0, 36 months,5.32,A,2 years,OWN,50000.0,Fully Paid,credit_card,7.54,0.0,770.0,774.0,0.0,0.0
10000.0, 36 months,9.17,B,< 1 year,MORTGAGE,70000.0,Fully Paid,credit_card,6.1,0.0,710.0,714.0,0.0,0.0
20000.0, 60 months,11.99,C,7 years,MORTGAGE,125000.0,Fully Paid,credit_card,6.36,0.0,660.0,664.0,1.0,0.0
10000.0, 36 months,5.32,A,2 years,MORTGAGE,51000.0,Fully Paid,debt_consolidation,13.81,0.0,775.0,779.0,0.0,0.0
17600.0, 60 months,16.55,D,3 years,MORTGAGE,114000.0,Fully Paid,credit_card,23.86,0.0,675.0,679.0,1.0,0.0
9600.0, 36 months,11.49,B,,OWN,45000.0,Fully Paid,credit_card,23.33,2.0,685.0,689.0,0.0,0.0
18500.0, 36 months,6.89,A,2 years,MORTGAGE,65000.0,Fully Paid,debt_consolidation,20.27,0.0,700.0,704.0,1.0,0.0
25000.0, 36 months,9.17,B,10+ years,MORTGAGE,65000.0,Fully Paid,debt_consolidation,19.61,0.0,720.0,724.0,0.0,1.0
31500.0, 60 months,11.99,C,10+ years,MORTGAGE,120000.0,Fully Paid,debt_consolidation,10.55,0.0,755.0,759.0,0.0,0.0
21000.0, 36 months,9.17,B,1 year,RENT,160000.0,Charged Off,credit_card,11.18,0.0,665.0,669.0,0.0,0.0
25000.0, 36 months,5.32,A,10+ years,MORTGAGE,112000.0,Fully Paid,home_improvement,22.75,0.0,810.0,814.0,0.0,0.0
25000.0, 36 months,7.89,A,4 years,MORTGAGE,130000.0,Fully Paid,debt_consolidation,10.37,0.0,700.0,704.0,0.0,0.0
11000.0, 60 months,16.55,D,2 years,RENT,36000.0,Charged Off,credit_card,27.47,0.0,665.0,669.0,1.0,0.0
24000.0, 60 months,10.64,B,1 year,MORTGAGE,75000.0,Charged Off,debt_consolidation,28.11,0.0,720.0,724.0,0.0,0.0
15000.0, 60 months,13.18,C,2 years,RENT,55000.0,Charged Off,debt_consolidation,10.34,0.0,680.0,684.0,0.0,0.0
2100.0, 36 months,8.49,B,4 years,RENT,39000.0,Fully Paid,debt_consolidation,30.77,0.0,720.0,724.0,1.0,0.0
16900.0, 60 months,17.57,D,10+ years,OWN,81000.0,Charged Off,debt_consolidation,11.88,0.0,670.0,674.0,0.0,0.0
14400.0, 60 months,11.99,C,10+ years,MORTGAGE,125000.0,Charged Off,medical,21.86,0.0,695.0,699.0,2.0,0.0
16000.0, 36 months,12.59,C,10+ years,MORTGAGE,54124.8,Fully Paid,debt_consolidation,15.25,1.0,660.0,664.0,0.0,0.0
20000.0, 36 months,7.49,A,5 years,MORTGAGE,130000.0,Fully Paid,credit_card,13.5,0.0,715.0,719.0,1.0,0.0
20925.0, 60 months,22.99,F,2 years,RENT,60000.0,Charged Off,debt_consolidation,28.04,0.0,660.0,664.0,4.0,0.0
28000.0, 36 months,11.22,B,10+ years,OWN,90000.0,Fully Paid,debt_consolidation,20.97,0.0,685.0,689.0,0.0,0.0
10000.0, 36 months,7.26,A,2 years,RENT,62500.0,Fully Paid,debt_consolidation,21.27,0.0,750.0,754.0,0.0,0.0
23075.0, 36 months,7.89,A,1 year,MORTGAGE,65000.0,Fully Paid,debt_consolidation,27.66,0.0,705.0,709.0,1.0,0.0
21625.0, 60 months,24.24,F,6 years,MORTGAGE,80000.0,Fully Paid,credit_card,29.84,0.0,685.0,689.0,4.0,0.0
30000.0, 36 months,8.38,B,10+ years,MORTGAGE,125000.0,Fully Paid,credit_card,9.08,0.0,795.0,799.0,0.0,0.0
19375.0, 60 months,17.57,D,4 years,RENT,57000.0,Charged Off,other,32.61,0.0,705.0,709.0,1.0,0.0
20000.0, 36 months,12.05,C,< 1 year,MORTGAGE,92000.0,Fully Paid,credit_card,19.7,0.0,685.0,689.0,1.0,0.0
6000.0, 36 months,9.76,B,< 1 year,OWN,16000.0,Fully Paid,credit_card,18.6,0.0,695.0,699.0,0.0,1.0
9800.0, 36 months,9.17,B,< 1 year,RENT,52000.0,Fully Paid,debt_consolidation,17.29,1.0,695.0,699.0,0.0,0.0
11000.0, 60 months,9.17,B,10+ years,MORTGAGE,50000.0,Fully Paid,home_improvement,33.01,0.0,705.0,709.0,0.0,0.0
7000.0, 36 months,18.2,E,10+ years,MORTGAGE,90000.0,Fully Paid,small_business,17.73,0.0,695.0,699.0,1.0,0.0
10000.0, 36 months,6.0,B,10+ years,RENT,55000.0,Fully Paid,debt_consolidation,25.99,1.0,705.0,709.0,1.0,0.0
25000.0, 36 months,5.32,A,10+ years,OWN,220000.0,Fully Paid,home_improvement,6.29,0.0,840.0,844.0,0.0,0.0
17800.0, 60 months,18.2,E,,MORTGAGE,44544.0,Charged Off,debt_consolidation,27.69,1.0,675.0,679.0,0.0,0.0
6000.0, 36 months,11.22,B,2 years,OWN,75000.0,Fully Paid,debt_consolidation,17.58,0.0,700.0,704.0,0.0,1.0
3000.0, 36 months,10.64,B,10+ years,OWN,25000.0,Fully Paid,credit_card,23.33,0.0,725.0,729.0,0.0,0.0
16000.0, 60 months,15.41,D,5 years,MORTGAGE,60000.0,Charged Off,debt_consolidation,22.41,0.0,665.0,669.0,1.0,1.0
11200.0, 36 months,9.76,B,10+ years,RENT,117000.0,Fully Paid,credit_card,10.62,0.0,660.0,664.0,0.0,0.0
10000.0, 36 months,7.26,A,2 years,RENT,27000.0,Fully Paid,debt_consolidation,13.91,1.0,695.0,699.0,0.0,0.0
5000.0, 36 months,12.59,C,2 years,RENT,50000.0,Fully Paid,debt_consolidation,13.99,0.0,690.0,694.0,1.0,0.0
8000.0, 36 months,11.99,C,6 years,MORTGAGE,52000.0,Fully Paid,credit_card,26.58,0.0,675.0,679.0,0.0,0.0
12000.0, 36 months,7.26,A,10+ years,MORTGAGE,90000.0,Fully Paid,debt_consolidation,24.12,3.0,725.0,729.0,0.0,1.0
1800.0, 36 months,11.22,B,10+ years,MORTGAGE,80000.0,Fully Paid,other,1.05,0.0,785.0,789.0,0.0,0.0
21975.0, 36 months,7.89,A,8 years,RENT,142000.0,Fully Paid,credit_card,17.98,1.0,715.0,719.0,0.0,0.0
10000.0, 36 months,9.17,B,6 years,RENT,42000.0,Fully Paid,credit_card,24.63,0.0,665.0,669.0,0.0,0.0
31200.0, 60 months,18.49,E,10+ years,RENT,65000.0,Fully Paid,debt_consolidation,32.92,1.0,690.0,694.0,0.0,0.0
15000.0, 36 months,9.8,B,10+ years,MORTGAGE,62300.0,Fully Paid,debt_consolidation,23.6,1.0,670.0,674.0,1.0,0.0
16000.0, 36 months,9.76,B,,RENT,51000.0,Fully Paid,home_improvement,4.99,1.0,715.0,719.0,1.0,0.0
28000.0, 60 months,21.48,E,10+ years,RENT,103000.0,Fully Paid,small_business,9.38,1.0,710.0,714.0,0.0,0.0
35000.0, 60 months,21.48,E,9 years,MORTGAGE,150000.0,Fully Paid,other,20.66,0.0,730.0,734.0,1.0,0.0
15000.0, 36 months,6.24,A,10+ years,MORTGAGE,90000.0,Fully Paid,credit_card,24.39,0.0,680.0,684.0,1.0,1.0
4225.0, 36 months,14.48,C,10+ years,RENT,62000.0,Fully Paid,credit_card,9.52,0.0,660.0,664.0,0.0,1.0
25000.0, 36 months,5.32,A,10+ years,MORTGAGE,175000.0,Fully Paid,credit_card,18.39,0.0,730.0,734.0,0.0,0.0
5000.0, 36 months,7.49,A,10+ years,MORTGAGE,71650.0,Fully Paid,home_improvement,20.69,0.0,765.0,769.0,0.0,0.0
35000.0, 36 months,9.17,B,< 1 year,RENT,90000.0,Fully Paid,credit_card,8.12,0.0,715.0,719.0,0.0,0.0
25000.0, 60 months,12.59,C,10+ years,RENT,94000.0,Fully Paid,debt_consolidation,24.15,2.0,675.0,679.0,1.0,0.0
12000.0, 36 months,12.59,C,3 years,OWN,48000.0,Fully Paid,small_business,10.24,1.0,675.0,679.0,0.0,0.0
30000.0, 36 months,10.64,B,7 years,MORTGAGE,84000.0,Fully Paid,debt_consolidation,24.1,0.0,710.0,714.0,0.0,0.0
8000.0, 36 months,8.38,B,9 years,MORTGAGE,41600.0,Fully Paid,debt_consolidation,24.44,0.0,690.0,694.0,1.0,0.0
5450.0, 36 months,10.64,B,8 years,MORTGAGE,83500.0,Fully Paid,debt_consolidation,16.7,0.0,695.0,699.0,0.0,0.0
6025.0, 36 months,17.57,D,3 years,MORTGAGE,45000.0,Fully Paid,debt_consolidation,12.99,0.0,670.0,674.0,2.0,4.0
15400.0, 60 months,17.57,D,10+ years,MORTGAGE,42000.0,Fully Paid,debt_consolidation,4.09,0.0,670.0,674.0,1.0,1.0
15000.0, 36 months,9.17,B,2 years,OWN,148000.0,Fully Paid,home_improvement,13.24,0.0,680.0,684.0,0.0,0.0
25000.0, 60 months,8.38,B,9 years,MORTGAGE,108000.0,Fully Paid,debt_consolidation,23.66,2.0,705.0,709.0,0.0,0.0
25000.0, 36 months,8.38,B,10+ years,MORTGAGE,650000.0,Fully Paid,home_improvement,6.46,0.0,750.0,754.0,0.0,1.0
9500.0, 36 months,18.2,E,< 1 year,RENT,25000.0,Fully Paid,credit_card,35.77,0.0,675.0,679.0,1.0,0.0
24000.0, 36 months,9.17,B,10+ years,RENT,140000.0,Fully Paid,debt_consolidation,11.04,0.0,770.0,774.0,0.0,0.0
7200.0, 36 months,10.64,B,2 years,MORTGAGE,50100.0,Fully Paid,credit_card,15.64,0.0,660.0,664.0,0.0,0.0
10000.0, 36 months,6.24,A,2 years,RENT,145000.0,Fully Paid,medical,14.43,0.0,795.0,799.0,0.0,0.0
8000.0, 36 months,10.64,B,1 year,MORTGAGE,52000.0,Fully Paid,home_improvement,19.78,0.0,710.0,714.0,0.0,0.0
12000.0, 60 months,12.59,C,7 years,MORTGAGE,60000.0,Fully Paid,debt_consolidation,27.14,0.0,715.0,719.0,0.0,0.0
11000.0, 60 months,9.17,B,< 1 year,OWN,42500.0,Fully Paid,credit_card,29.94,1.0,685.0,689.0,0.0,0.0
15000.0, 36 months,12.59,C,10+ years,OWN,88000.0,Charged Off,debt_consolidation,18.16,0.0,670.0,674.0,1.0,0.0
23800.0, 36 months,11.22,B,10+ years,MORTGAGE,50000.0,Fully Paid,debt_consolidation,34.18,0.0,720.0,724.0,2.0,0.0
15000.0, 60 months,13.67,C,< 1 year,RENT,39000.0,Charged Off,debt_consolidation,25.48,0.0,660.0,664.0,1.0,1.0
3600.0, 36 months,9.17,B,,RENT,80000.0,Fully Paid,credit_card,1.43,0.0,665.0,669.0,0.0,2.0
26600.0, 60 months,23.99,F,5 years,RENT,70000.0,Charged Off,debt_consolidation,22.24,0.0,675.0,679.0,0.0,0.0
12000.0, 60 months,15.41,D,,RENT,75000.0,Fully Paid,credit_card,27.79,0.0,660.0,664.0,2.0,1.0
9000.0, 36 months,13.18,C,6 years,RENT,55000.0,Charged Off,debt_consolidation,35.59,0.0,660.0,664.0,0.0,0.0
20000.0, 36 months,9.76,B,1 year,RENT,55000.0,Fully Paid,debt_consolidation,32.69,0.0,720.0,724.0,0.0,0.0
19200.0, 60 months,13.67,C,10+ years,RENT,78000.0,Fully Paid,debt_consolidation,22.37,0.0,670.0,674.0,1.0,2.0
15000.0, 36 months,5.32,A,< 1 year,MORTGAGE,75519.0,Fully Paid,debt_consolidation,8.02,0.0,780.0,784.0,0.0,0.0
15000.0, 36 months,7.89,A,2 years,RENT,45000.0,Fully Paid,credit_card,21.7,0.0,710.0,714.0,0.0,1.0
20000.0, 36 months,9.76,B,,MORTGAGE,80400.0,Fully Paid,credit_card,14.94,1.0,660.0,664.0,1.0,0.0
7000.0, 36 months,11.22,B,5 years,MORTGAGE,55300.0,Fully Paid,credit_card,22.34,1.0,670.0,674.0,2.0,0.0
7200.0, 36 months,11.22,B,7 years,RENT,166000.0,Charged Off,major_purchase,13.79,0.0,680.0,684.0,0.0,0.0
35000.0, 60 months,19.99,E,10+ years,MORTGAGE,191000.0,Charged Off,debt_consolidation,23.35,0.0,715.0,719.0,4.0,1.0
11000.0, 36 months,12.59,C,2 years,RENT,30000.0,Charged Off,credit_card,10.8,0.0,680.0,684.0,0.0,0.0
6275.0, 36 months,14.85,C,10+ years,RENT,70000.0,Fully Paid,debt_consolidation,20.01,1.0,665.0,669.0,1.0,1.0
15000.0, 36 months,12.88,C,10+ years,MORTGAGE,72000.0,Charged Off,debt_consolidation,21.23,0.0,675.0,679.0,1.0,0.0
11000.0, 36 months,7.26,A,10+ years,RENT,60000.0,Fully Paid,credit_card,12.56,0.0,690.0,694.0,1.0,2.0
27000.0, 36 months,6.49,A,< 1 year,MORTGAGE,71000.0,Fully Paid,debt_consolidation,14.29,0.0,725.0,729.0,0.0,0.0
8000.0, 36 months,9.76,B,4 years,RENT,53000.0,Fully Paid,debt_consolidation,22.64,2.0,660.0,664.0,1.0,0.0
14825.0, 36 months,11.22,B,2 years,RENT,65000.0,Fully Paid,debt_consolidation,32.6,0.0,695.0,699.0,0.0,0.0
10000.0, 36 months,5.32,A,< 1 year,MORTGAGE,98400.0,Fully Paid,debt_consolidation,9.73,0.0,780.0,784.0,0.0,0.0
32000.0, 60 months,15.41,D,1 year,MORTGAGE,78000.0,Fully Paid,debt_consolidation,11.51,0.0,705.0,709.0,0.0,1.0
32000.0, 60 months,13.67,C,,OWN,95105.28,Fully Paid,major_purchase,29.16,0.0,670.0,674.0,0.0,1.0
29750.0, 36 months,6.89,A,10+ years,RENT,140000.0,Fully Paid,credit_card,9.53,0.0,710.0,714.0,1.0,1.0
22400.0, 60 months,13.18,C,2 years,MORTGAGE,96000.0,Charged Off,other,14.88,0.0,690.0,694.0,0.0,0.0
8000.0, 36 months,11.99,C,8 years,RENT,50000.0,Fully Paid,debt_consolidation,30.0,0.0,675.0,679.0,0.0,0.0
16000.0, 36 months,17.27,D,,RENT,48305.0,Fully Paid,other,23.33,0.0,690.0,694.0,2.0,0.0
15000.0, 36 months,9.76,B,5 years,MORTGAGE,70000.0,Fully Paid,debt_consolidation,5.81,0.0,700.0,704.0,0.0,0.0
25000.0, 36 months,6.24,A,10+ years,OWN,108000.0,Fully Paid,credit_card,17.26,0.0,715.0,719.0,1.0,0.0
10500.0, 60 months,17.97,D,1 year,RENT,28832.0,Charged Off,debt_consolidation,23.62,1.0,690.0,694.0,1.0,0.0
10000.0, 36 months,11.99,C,1 year,RENT,70000.0,Fully Paid,credit_card,22.32,0.0,670.0,674.0,1.0,0.0
16000.0, 36 months,13.67,C,,RENT,18564.0,Fully Paid,debt_consolidation,25.02,0.0,660.0,664.0,1.0,0.0
6000.0, 36 months,5.32,A,2 years,RENT,130000.0,Fully Paid,credit_card,16.36,0.0,720.0,724.0,0.0,0.0
8000.0, 36 months,9.17,B,10+ years,RENT,60000.0,Fully Paid,credit_card,28.24,0.0,660.0,664.0,2.0,0.0
3000.0, 36 months,7.26,A,3 years,RENT,102000.0,Fully Paid,credit_card,6.34,0.0,670.0,674.0,1.0,0.0
10000.0, 36 months,13.18,C,10+ years,RENT,100000.0,Charged Off,debt_consolidation,18.85,2.0,675.0,679.0,0.0,0.0
10000.0, 36 months,8.38,B,10+ years,MORTGAGE,56000.0,Fully Paid,credit_card,15.05,0.0,665.0,669.0,0.0,1.0
10000.0, 36 months,11.99,C,< 1 year,MORTGAGE,60000.0,Fully Paid,debt_consolidation,15.08,0.0,660.0,664.0,0.0,1.0
9825.0, 36 months,13.18,C,< 1 year,RENT,53000.0,Fully Paid,debt_consolidation,17.6,0.0,705.0,709.0,0.0,0.0
3600.0, 36 months,11.22,B,9 years,RENT,59832.0,Fully Paid,home_improvement,32.83,0.0,675.0,679.0,0.0,0.0
5000.0, 36 months,11.22,B,6 years,RENT,33520.0,Fully Paid,debt_consolidation,27.41,1.0,695.0,699.0,1.0,0.0
3600.0, 36 months,13.67,C,6 years,RENT,34000.0,Fully Paid,other,39.58,0.0,660.0,664.0,1.0,0.0
8500.0, 36 months,12.59,C,2 years,MORTGAGE,70000.0,Fully Paid,other,12.88,0.0,670.0,674.0,0.0,0.0
11800.0, 60 months,21.99,F,< 1 year,RENT,34000.0,Fully Paid,debt_consolidation,33.92,1.0,680.0,684.0,2.0,0.0
14350.0, 36 months,10.64,B,< 1 year,RENT,31200.0,Fully Paid,debt_consolidation,18.51,0.0,740.0,744.0,0.0,0.0
23800.0, 60 months,15.41,D,5 years,RENT,120000.0,Charged Off,debt_consolidation,36.21,0.0,680.0,684.0,0.0,0.0
18975.0, 36 months,16.99,D,7 years,MORTGAGE,150000.0,Fully Paid,debt_consolidation,8.49,4.0,660.0,664.0,1.0,0.0
16000.0, 60 months,10.99,B,1 year,MORTGAGE,72300.0,Fully Paid,debt_consolidation,25.66,0.0,695.0,699.0,0.0,0.0
11000.0, 36 months,12.59,C,10+ years,RENT,66000.0,Fully Paid,debt_consolidation,15.47,1.0,665.0,669.0,1.0,1.0
10000.0, 36 months,8.38,B,10+ years,RENT,50000.0,Fully Paid,debt_consolidation,12.8,0.0,740.0,744.0,0.0,0.0
10500.0, 36 months,8.49,B,4 years,MORTGAGE,60000.0,Fully Paid,debt_consolidation,15.39,1.0,685.0,689.0,0.0,1.0
5000.0, 36 months,10.64,B,,MORTGAGE,25000.0,Fully Paid,debt_consolidation,13.25,0.0,675.0,679.0,0.0,0.0
5000.0, 36 months,13.67,C,10+ years,MORTGAGE,40000.0,Fully Paid,other,5.58,0.0,660.0,664.0,0.0,0.0
6000.0, 36 months,10.64,B,1 year,RENT,50000.0,Charged Off,debt_consolidation,38.54,3.0,685.0,689.0,0.0,0.0
5000.0, 36 months,11.22,B,8 years,RENT,63242.0,Fully Paid,major_purchase,16.53,0.0,690.0,694.0,3.0,0.0
12000.0, 60 months,17.86,D,4 years,OWN,56000.0,Fully Paid,debt_consolidation,15.32,0.0,690.0,694.0,0.0,0.0
5000.0, 36 months,13.18,C,4 years,RENT,25000.0,Fully Paid,other,31.01,1.0,660.0,664.0,3.0,1.0
9575.0, 36 months,16.55,D,2 years,RENT,62000.0,Fully Paid,debt_consolidation,13.57,0.0,670.0,674.0,1.0,1.0
18000.0, 36 months,11.99,C,2 years,RENT,125000.0,Charged Off,credit_card,9.95,0.0,755.0,759.0,0.0,0.0
25000.0, 60 months,16.55,D,< 1 year,MORTGAGE,95000.0,Fully Paid,debt_consolidation,32.26,0.0,665.0,669.0,1.0,0.0
35000.0, 60 months,18.49,D,10+ years,MORTGAGE,95000.0,Charged Off,debt_consolidation,33.8,0.0,670.0,674.0,0.0,0.0
4850.0, 36 months,18.2,E,7 years,RENT,39000.0,Charged Off,debt_consolidation,13.22,0.0,660.0,664.0,2.0,0.0
12000.0, 36 months,9.17,B,5 years,RENT,35000.0,Charged Off,credit_card,32.65,1.0,660.0,664.0,0.0,0.0
10000.0, 36 months,10.64,B,10+ years,MORTGAGE,45000.0,Fully Paid,debt_consolidation,20.45,0.0,675.0,679.0,0.0,1.0
15000.0, 60 months,9.99,B,8 years,RENT,63771.0,Fully Paid,credit_card,15.79,0.0,680.0,684.0,0.0,0.0
7500.0, 36 months,13.67,C,< 1 year,RENT,30000.0,Fully Paid,debt_consolidation,29.8,2.0,670.0,674.0,3.0,0.0
24800.0, 60 months,13.18,C,2 years,MORTGAGE,67000.0,Charged Off,other,16.5,0.0,730.0,734.0,0.0,0.0
24175.0, 36 months,9.76,B,10+ years,RENT,52575.0,Fully Paid,debt_consolidation,24.88,0.0,690.0,694.0,0.0,0.0
10000.0, 36 months,11.22,B,1 year,MORTGAGE,56160.0,Fully Paid,credit_card,5.58,2.0,665.0,669.0,4.0,1.0
17000.0, 36 months,6.24,A,2 years,RENT,42000.0,Fully Paid,credit_card,22.4,0.0,725.0,729.0,1.0,0.0
6000.0, 36 months,11.22,B,10+ years,MORTGAGE,37000.0,Fully Paid,debt_consolidation,18.36,0.0,675.0,679.0,0.0,0.0
16000.0, 60 months,8.38,B,10+ years,RENT,80000.0,Charged Off,debt_consolidation,19.35,0.0,735.0,739.0,0.0,1.0
6000.0, 36 months,6.24,A,5 years,RENT,65000.0,Charged Off,debt_consolidation,27.62,0.0,695.0,699.0,0.0,3.0
24000.0, 36 months,13.18,C,2 years,MORTGAGE,130000.0,Fully Paid,debt_consolidation,24.16,0.0,675.0,679.0,0.0,0.0
7000.0, 36 months,9.17,B,< 1 year,RENT,100000.0,Fully Paid,debt_consolidation,3.04,0.0,660.0,664.0,1.0,1.0
18000.0, 60 months,8.38,B,10+ years,OWN,50000.0,Charged Off,debt_consolidation,16.83,0.0,700.0,704.0,1.0,0.0
12000.0, 36 months,9.76,B,8 years,MORTGAGE,100000.0,Fully Paid,debt_consolidation,16.49,0.0,735.0,739.0,2.0,0.0
23650.0, 60 months,15.41,D,3 years,MORTGAGE,142000.0,Charged Off,debt_consolidation,8.41,1.0,685.0,689.0,0.0,0.0
21325.0, 36 months,14.48,C,5 years,MORTGAGE,42693.0,Fully Paid,debt_consolidation,22.83,0.0,695.0,699.0,0.0,0.0
1500.0, 36 months,13.18,C,2 years,RENT,18000.0,Fully Paid,debt_consolidation,33.8,0.0,685.0,689.0,0.0,0.0
8000.0, 36 months,12.59,C,< 1 year,MORTGAGE,60000.0,Fully Paid,debt_consolidation,19.14,6.0,665.0,669.0,0.0,0.0
9725.0, 36 months,9.17,B,6 years,MORTGAGE,60000.0,Fully Paid,credit_card,20.64,1.0,660.0,664.0,0.0,0.0
4800.0, 36 months,13.67,C,,MORTGAGE,24000.0,Charged Off,debt_consolidation,31.9,0.0,680.0,684.0,1.0,1.0
6000.0, 36 months,11.22,B,10+ years,MORTGAGE,60000.0,Fully Paid,home_improvement,2.4,0.0,740.0,744.0,0.0,0.0
10400.0, 36 months,14.48,C,10+ years,RENT,65000.0,Fully Paid,debt_consolidation,26.97,0.0,690.0,694.0,0.0,1.0
15000.0, 36 months,10.78,B,10+ years,MORTGAGE,160000.0,Fully Paid,debt_consolidation,24.79,0.0,670.0,674.0,0.0,0.0
4000.0, 36 months,8.38,B,8 years,MORTGAGE,83000.0,Fully Paid,debt_consolidation,21.82,0.0,685.0,689.0,0.0,0.0
20000.0, 36 months,8.18,B,6 years,RENT,95000.0,Fully Paid,debt_consolidation,16.18,0.0,740.0,744.0,0.0,0.0
3000.0, 36 months,10.64,B,< 1 year,OWN,43000.0,Fully Paid,debt_consolidation,15.04,0.0,720.0,724.0,0.0,0.0
29875.0, 36 months,9.17,B,9 years,OWN,240000.0,Fully Paid,debt_consolidation,14.86,0.0,725.0,729.0,0.0,0.0
16000.0, 36 months,9.76,B,4 years,MORTGAGE,103000.0,Fully Paid,debt_consolidation,21.6,0.0,710.0,714.0,0.0,0.0
35000.0, 36 months,7.91,A,4 years,OWN,145000.0,Fully Paid,credit_card,13.77,0.0,710.0,714.0,0.0,0.0
25000.0, 60 months,20.99,E,1 year,MORTGAGE,87100.0,Charged Off,debt_consolidation,17.69,0.0,660.0,664.0,1.0,0.0
7800.0, 36 months,9.17,B,1 year,RENT,115000.0,Fully Paid,credit_card,8.97,0.0,705.0,709.0,0.0,0.0
20000.0, 36 months,7.89,A,< 1 year,RENT,85000.0,Fully Paid,debt_consolidation,13.44,0.0,710.0,714.0,0.0,0.0
12000.0, 36 months,6.49,A,10+ years,RENT,50000.0,Fully Paid,debt_consolidation,28.18,0.0,750.0,754.0,0.0,0.0
5000.0, 36 months,12.05,C,5 years,RENT,30000.0,Charged Off,debt_consolidation,19.6,0.0,720.0,724.0,4.0,0.0
15000.0, 36 months,7.26,A,3 years,RENT,62000.0,Fully Paid,debt_consolidation,17.58,0.0,705.0,709.0,0.0,0.0
6900.0, 36 months,9.76,B,6 years,RENT,88000.0,Fully Paid,debt_consolidation,12.93,0.0,690.0,694.0,0.0,0.0
10500.0, 36 months,14.48,C,,MORTGAGE,74000.0,Fully Paid,debt_consolidation,9.5,0.0,720.0,724.0,1.0,0.0
12000.0, 36 months,7.26,A,10+ years,MORTGAGE,80000.0,Fully Paid,debt_consolidation,5.74,0.0,710.0,714.0,1.0,0.0
18000.0, 36 months,9.17,B,1 year,OWN,90000.0,Fully Paid,debt_consolidation,18.48,0.0,660.0,664.0,0.0,0.0
5000.0, 36 months,6.89,A,10+ years,RENT,40000.0,Fully Paid,credit_card,18.25,0.0,705.0,709.0,0.0,0.0
21000.0, 60 months,10.64,B,2 years,MORTGAGE,185000.0,Fully Paid,credit_card,14.01,1.0,700.0,704.0,0.0,0.0
10000.0, 36 months,9.17,B,5 years,MORTGAGE,65000.0,Fully Paid,debt_consolidation,23.17,0.0,665.0,669.0,0.0,0.0
6000.0, 36 months,11.22,B,8 years,MORTGAGE,47000.0,Charged Off,debt_consolidation,33.81,0.0,710.0,714.0,0.0,1.0
10000.0, 36 months,7.89,A,8 years,RENT,56000.0,Fully Paid,credit_card,29.49,0.0,690.0,694.0,0.0,0.0
12000.0, 36 months,12.59,C,5 years,RENT,102000.0,Fully Paid,moving,13.25,0.0,675.0,679.0,0.0,0.0
6000.0, 36 months,9.99,B,3 years,RENT,40000.0,Fully Paid,credit_card,39.27,0.0,710.0,714.0,1.0,1.0
17600.0, 60 months,11.99,C,4 years,MORTGAGE,100000.0,Fully Paid,debt_consolidation,10.63,1.0,695.0,699.0,1.0,0.0
12000.0, 60 months,13.67,C,< 1 year,MORTGAGE,40000.0,Charged Off,credit_card,33.96,0.0,700.0,704.0,0.0,0.0
6350.0, 36 months,14.48,C,< 1 year,RENT,23400.0,Charged Off,major_purchase,10.56,0.0,710.0,714.0,0.0,0.0
11075.0, 36 months,17.57,D,,MORTGAGE,47000.0,Fully Paid,debt_consolidation,4.97,4.0,700.0,704.0,0.0,0.0
4125.0, 36 months,13.18,C,3 years,RENT,42000.0,Charged Off,credit_card,23.43,1.0,665.0,669.0,1.0,0.0
8825.0, 36 months,18.99,E,3 years,MORTGAGE,65000.0,Charged Off,debt_consolidation,20.83,1.0,670.0,674.0,2.0,0.0
11200.0, 36 months,7.26,A,4 years,RENT,75000.0,Charged Off,debt_consolidation,23.5,0.0,690.0,694.0,0.0,0.0
24000.0, 60 months,16.55,D,5 years,MORTGAGE,72000.0,Fully Paid,small_business,20.07,0.0,770.0,774.0,1.0,0.0
35000.0, 60 months,11.99,C,10+ years,MORTGAGE,128000.0,Fully Paid,credit_card,30.42,0.0,735.0,739.0,1.0,0.0
7000.0, 36 months,11.48,B,10+ years,RENT,120000.0,Fully Paid,debt_consolidation,15.79,2.0,680.0,684.0,2.0,0.0
6000.0, 36 months,10.64,B,,OWN,34000.0,Fully Paid,credit_card,22.87,0.0,695.0,699.0,1.0,0.0
9000.0, 36 months,11.99,C,10+ years,MORTGAGE,65000.0,Charged Off,major_purchase,16.25,1.0,660.0,664.0,0.0,0.0
5200.0, 36 months,10.78,B,7 years,MORTGAGE,160000.0,Fully Paid,debt_consolidation,8.0,1.0,660.0,664.0,1.0,0.0
35000.0, 60 months,16.55,D,10+ years,RENT,120000.0,Charged Off,debt_consolidation,38.18,0.0,705.0,709.0,0.0,0.0
16725.0, 60 months,23.99,F,10+ years,MORTGAGE,41000.0,Charged Off,home_improvement,38.7,0.0,710.0,714.0,0.0,0.0
24000.0, 36 months,9.17,B,5 years,RENT,98000.0,Fully Paid,debt_consolidation,33.85,0.0,705.0,709.0,1.0,0.0
25800.0, 60 months,20.99,E,7 years,OWN,95000.0,Fully Paid,credit_card,25.66,0.0,690.0,694.0,0.0,0.0
12000.0, 36 months,16.99,D,10+ years,MORTGAGE,37000.0,Fully Paid,debt_consolidation,11.26,0.0,660.0,664.0,0.0,0.0
12000.0, 60 months,18.49,E,< 1 year,RENT,115000.0,Charged Off,other,6.24,0.0,660.0,664.0,0.0,1.0
10000.0, 36 months,6.24,A,,MORTGAGE,55000.0,Fully Paid,credit_card,33.34,0.0,775.0,779.0,0.0,0.0
24000.0, 60 months,14.48,C,10+ years,MORTGAGE,86760.0,Fully Paid,debt_consolidation,19.67,0.0,660.0,664.0,1.0,0.0
8000.0, 36 months,11.49,B,3 years,RENT,35000.0,Charged Off,credit_card,27.61,0.0,690.0,694.0,1.0,0.0
10475.0, 36 months,18.2,E,10+ years,RENT,56500.0,Fully Paid,debt_consolidation,16.61,0.0,665.0,669.0,1.0,1.0
9000.0, 36 months,5.32,A,,MORTGAGE,34068.0,Fully Paid,credit_card,11.62,0.0,780.0,784.0,0.0,0.0
26000.0, 36 months,13.44,C,3 years,MORTGAGE,85000.0,Charged Off,credit_card,28.14,0.0,705.0,709.0,2.0,0.0
28000.0, 60 months,15.77,D,5 years,MORTGAGE,90000.0,Charged Off,debt_consolidation,36.36,0.0,705.0,709.0,2.0,0.0
10000.0, 36 months,9.76,B,,MORTGAGE,54000.0,Fully Paid,debt_consolidation,10.31,0.0,675.0,679.0,0.0,2.0
14150.0, 36 months,13.67,C,6 years,MORTGAGE,32200.0,Fully Paid,debt_consolidation,22.96,0.0,690.0,694.0,1.0,0.0
30000.0, 36 months,7.26,A,10+ years,OWN,110000.0,Fully Paid,credit_card,20.13,0.0,715.0,719.0,0.0,0.0
12000.0, 36 months,10.78,B,10+ years,RENT,86308.0,Charged Off,debt_consolidation,19.13,0.0,690.0,694.0,1.0,0.0
9800.0, 36 months,13.18,C,5 years,MORTGAGE,50000.0,Fully Paid,small_business,19.3,0.0,660.0,664.0,0.0,4.0
10000.0, 36 months,5.32,A,10+ years,OWN,92000.0,Fully Paid,debt_consolidation,18.01,2.0,685.0,689.0,0.0,0.0
2000.0, 36 months,13.67,C,10+ years,MORTGAGE,30000.0,Fully Paid,renewable_energy,12.64,0.0,695.0,699.0,0.0,0.0
7000.0, 36 months,5.32,A,4 years,MORTGAGE,50000.0,Fully Paid,credit_card,12.96,0.0,755.0,759.0,0.0,0.0
21600.0, 60 months,7.89,A,3 years,MORTGAGE,52000.0,Charged Off,debt_consolidation,19.66,0.0,765.0,769.0,0.0,0.0
15000.0, 36 months,10.64,B,4 years,MORTGAGE,86000.0,Fully Paid,credit_card,20.19,1.0,685.0,689.0,1.0,1.0
12525.0, 36 months,17.57,D,3 years,MORTGAGE,60000.0,Fully Paid,small_business,18.48,0.0,695.0,699.0,0.0,0.0
12700.0, 60 months,19.99,E,7 years,RENT,40000.0,Charged Off,debt_consolidation,29.37,0.0,665.0,669.0,0.0,0.0
8400.0, 36 months,13.67,C,2 years,RENT,39000.0,Fully Paid,debt_consolidation,17.02,0.0,675.0,679.0,3.0,0.0
10000.0, 36 months,8.49,B,6 years,RENT,30000.0,Charged Off,credit_card,24.67,0.0,670.0,674.0,1.0,0.0
16800.0, 36 months,7.89,A,2 years,OWN,92000.0,Fully Paid,home_improvement,8.6,0.0,690.0,694.0,0.0,0.0
21600.0, 36 months,5.32,A,3 years,RENT,92000.0,Fully Paid,debt_consolidation,10.38,0.0,745.0,749.0,0.0,0.0
4000.0, 36 months,16.55,D,3 years,MORTGAGE,63000.0,Fully Paid,moving,20.0,2.0,665.0,669.0,0.0,0.0
24000.0, 60 months,12.59,C,3 years,RENT,65000.0,Fully Paid,debt_consolidation,25.5,0.0,705.0,709.0,0.0,0.0
30000.0, 36 months,8.18,B,,OWN,140000.0,Charged Off,debt_consolidation,15.47,0.0,690.0,694.0,0.0,0.0
5500.0, 36 months,13.18,C,10+ years,MORTGAGE,50000.0,Fully Paid,credit_card,20.12,0.0,660.0,664.0,1.0,0.0
10000.0, 36 months,7.26,A,< 1 year,MORTGAGE,95000.0,Fully Paid,debt_consolidation,3.83,1.0,685.0,689.0,0.0,0.0
25000.0, 60 months,13.67,C,8 years,MORTGAGE,125000.0,Fully Paid,debt_consolidation,5.32,0.0,675.0,679.0,1.0,0.0
3000.0, 36 months,10.64,B,< 1 year,RENT,36000.0,Fully Paid,debt_consolidation,20.07,0.0,665.0,669.0,0.0,1.0
2400.0, 36 months,12.59,C,,RENT,52000.0,Fully Paid,debt_consolidation,9.09,1.0,660.0,664.0,1.0,1.0
9000.0, 36 months,19.99,E,3 years,RENT,27000.0,Fully Paid,debt_consolidation,3.78,0.0,665.0,669.0,1.0,0.0
8000.0, 36 months,8.38,B,10+ years,MORTGAGE,50000.0,Fully Paid,debt_consolidation,17.23,4.0,710.0,714.0,0.0,2.0
19200.0, 60 months,27.88,G,10+ years,MORTGAGE,40000.0,Charged Off,debt_consolidation,29.95,0.0,675.0,679.0,1.0,0.0
24950.0, 36 months,11.49,B,10+ years,MORTGAGE,56761.0,Fully Paid,debt_consolidation,16.09,0.0,705.0,709.0,0.0,0.0
14350.0, 60 months,18.49,E,6 years,OWN,57000.0,Fully Paid,debt_consolidation,11.87,1.0,665.0,669.0,0.0,0.0
15000.0, 36 months,9.17,B,8 years,RENT,40000.0,Fully Paid,credit_card,18.97,0.0,675.0,679.0,2.0,0.0
11000.0, 36 months,10.99,B,8 years,MORTGAGE,35000.0,Fully Paid,credit_card,26.61,0.0,675.0,679.0,1.0,0.0
12000.0, 36 months,6.49,A,3 years,OWN,223000.0,Fully Paid,debt_consolidation,7.22,0.0,740.0,744.0,0.0,1.0
15000.0, 36 months,13.18,C,10+ years,MORTGAGE,80000.0,Fully Paid,debt_consolidation,6.96,1.0,670.0,674.0,2.0,1.0
4000.0, 36 months,11.99,C,,MORTGAGE,48000.0,Charged Off,debt_consolidation,27.04,0.0,670.0,674.0,1.0,0.0
16800.0, 60 months,13.18,C,1 year,RENT,55000.0,Charged Off,debt_consolidation,24.55,0.0,660.0,664.0,0.0,0.0
15000.0, 36 months,6.24,A,10+ years,MORTGAGE,60000.0,Fully Paid,home_improvement,16.94,0.0,805.0,809.0,0.0,0.0
18200.0, 36 months,9.76,B,10+ years,RENT,84998.0,Fully Paid,debt_consolidation,10.57,0.0,715.0,719.0,0.0,0.0
15000.0, 36 months,10.64,B,2 years,MORTGAGE,108000.0,Fully Paid,debt_consolidation,17.71,0.0,710.0,714.0,1.0,0.0
4900.0, 36 months,9.99,B,10+ years,MORTGAGE,65000.0,Fully Paid,credit_card,21.44,0.0,665.0,669.0,1.0,1.0
22000.0, 36 months,8.38,B,< 1 year,RENT,106000.0,Fully Paid,debt_consolidation,16.3,0.0,695.0,699.0,1.0,0.0
3000.0, 36 months,12.59,C,2 years,RENT,21000.0,Fully Paid,other,21.89,0.0,730.0,734.0,0.0,0.0
28000.0, 36 months,12.59,C,10+ years,MORTGAGE,135000.0,Fully Paid,debt_consolidation,18.15,1.0,695.0,699.0,2.0,0.0
15000.0, 36 months,11.22,B,5 years,RENT,35000.0,Fully Paid,debt_consolidation,25.58,0.0,680.0,684.0,0.0,0.0
5000.0, 36 months,9.99,B,10+ years,MORTGAGE,95000.0,Fully Paid,debt_consolidation,18.82,0.0,745.0,749.0,0.0,0.0
6000.0, 36 months,11.22,B,10+ years,MORTGAGE,67000.0,Fully Paid,debt_consolidation,27.39,0.0,715.0,719.0,0.0,0.0
32000.0, 36 months,9.99,B,10+ years,OWN,125000.0,Fully Paid,credit_card,15.5,1.0,665.0,669.0,0.0,0.0
18000.0, 36 months,12.59,C,,RENT,40000.0,Charged Off,debt_consolidation,35.55,0.0,675.0,679.0,0.0,0.0
5000.0, 36 months,10.64,B,10+ years,RENT,45000.0,Fully Paid,debt_consolidation,6.29,0.0,690.0,694.0,1.0,1.0
3600.0, 36 months,11.48,B,1 year,MORTGAGE,97000.0,Fully Paid,car,18.93,1.0,660.0,664.0,1.0,1.0
12000.0, 60 months,17.86,D,< 1 year,RENT,160000.0,Fully Paid,credit_card,4.7,0.0,675.0,679.0,1.0,0.0
5600.0, 36 months,13.67,C,1 year,MORTGAGE,41000.0,Fully Paid,debt_consolidation,35.98,0.0,665.0,669.0,0.0,1.0
5000.0, 36 months,12.59,C,4 years,RENT,40000.0,Fully Paid,debt_consolidation,7.5,0.0,685.0,689.0,1.0,0.0
16200.0, 36 months,9.17,B,7 years,RENT,36000.0,Fully Paid,credit_card,26.67,0.0,695.0,699.0,2.0,0.0
5175.0, 36 months,14.48,C,,OWN,46741.0,Fully Paid,debt_consolidation,12.48,0.0,670.0,674.0,0.0,0.0
16375.0, 36 months,14.48,C,5 years,RENT,39000.0,Charged Off,credit_card,19.63,0.0,715.0,719.0,0.0,0.0
19675.0, 36 months,10.64,B,< 1 year,OWN,78000.0,Fully Paid,debt_consolidation,19.63,0.0,705.0,709.0,0.0,0.0
8750.0, 36 months,16.99,D,10+ years,RENT,25000.0,Fully Paid,debt_consolidation,19.68,0.0,660.0,664.0,2.0,1.0
35000.0, 36 months,7.26,A,,MORTGAGE,126630.0,Fully Paid,debt_consolidation,22.93,0.0,710.0,714.0,0.0,0.0
35000.0, 60 months,17.97,D,10+ years,MORTGAGE,150000.0,Fully Paid,debt_consolidation,25.11,1.0,670.0,674.0,1.0,0.0
15500.0, 36 months,10.64,B,< 1 year,RENT,60000.0,Fully Paid,debt_consolidation,14.28,0.0,660.0,664.0,0.0,1.0
9600.0, 36 months,6.24,A,10+ years,RENT,60000.0,Fully Paid,credit_card,22.48,0.0,715.0,719.0,1.0,0.0
8800.0, 36 months,13.18,C,,RENT,20000.0,Fully Paid,credit_card,21.31,0.0,690.0,694.0,0.0,0.0
8000.0, 36 months,11.99,C,3 years,RENT,21000.0,Charged Off,credit_card,26.17,0.0,695.0,699.0,1.0,0.0
32000.0, 36 months,11.22,B,10+ years,RENT,97500.0,Fully Paid,credit_card,6.95,0.0,690.0,694.0,0.0,0.0
3000.0, 36 months,13.67,C,10+ years,MORTGAGE,47222.0,Fully Paid,home_improvement,18.32,0.0,685.0,689.0,0.0,1.0
6400.0, 36 months,10.78,B,9 years,MORTGAGE,120000.0,Fully Paid,home_improvement,19.66,0.0,660.0,664.0,1.0,0.0
30000.0, 60 months,14.48,C,1 year,RENT,110000.0,Charged Off,debt_consolidation,21.23,0.0,670.0,674.0,0.0,1.0
24000.0, 36 months,7.26,A,10+ years,OWN,218800.0,Fully Paid,credit_card,14.77,0.0,735.0,739.0,0.0,0.0
10075.0, 36 months,20.99,E,2 years,OWN,28000.0,Fully Paid,small_business,15.35,0.0,680.0,684.0,0.0,1.0
20000.0, 36 months,13.99,C,10+ years,RENT,53000.0,Fully Paid,debt_consolidation,20.54,0.0,690.0,694.0,2.0,0.0
10000.0, 36 months,5.32,A,3 years,RENT,80000.0,Fully Paid,credit_card,25.51,0.0,690.0,694.0,0.0,0.0
20000.0, 36 months,11.22,B,7 years,MORTGAGE,100000.0,Fully Paid,home_improvement,16.5,1.0,695.0,699.0,0.0,1.0
5000.0, 36 months,5.32,A,8 years,MORTGAGE,130000.0,Fully Paid,debt_consolidation,10.44,0.0,720.0,724.0,1.0,0.0
8050.0, 36 months,17.57,D,8 years,MORTGAGE,106000.0,Fully Paid,debt_consolidation,4.43,1.0,660.0,664.0,0.0,3.0
10000.0, 60 months,13.67,C,3 years,MORTGAGE,63000.0,Fully Paid,home_improvement,14.95,0.0,700.0,704.0,1.0,0.0
24000.0, 60 months,9.99,B,3 years,RENT,65000.0,Charged Off,credit_card,14.86,0.0,685.0,689.0,0.0,0.0
8875.0, 36 months,11.22,B,< 1 year,RENT,43680.0,Charged Off,debt_consolidation,20.66,2.0,680.0,684.0,1.0,0.0
10000.0, 36 months,8.38,B,,MORTGAGE,110000.0,Fully Paid,home_improvement,32.96,0.0,740.0,744.0,1.0,0.0
9600.0, 36 months,6.24,A,4 years,RENT,36400.0,Fully Paid,credit_card,21.73,0.0,680.0,684.0,0.0,0.0
12000.0, 36 months,10.99,B,1 year,RENT,100000.0,Fully Paid,credit_card,10.49,0.0,705.0,709.0,1.0,0.0
11200.0, 36 months,17.86,D,7 years,RENT,60000.0,Charged Off,small_business,24.66,0.0,665.0,669.0,2.0,1.0
1400.0, 36 months,9.8,B,10+ years,MORTGAGE,42000.0,Fully Paid,home_improvement,38.71,0.0,680.0,684.0,0.0,1.0
19350.0, 60 months,17.86,D,10+ years,RENT,55000.0,Charged Off,credit_card,34.87,0.0,680.0,684.0,0.0,0.0
28000.0, 60 months,20.99,E,5 years,MORTGAGE,130000.0,Charged Off,home_improvement,20.88,0.0,675.0,679.0,2.0,1.0
6600.0, 36 months,15.41,D,8 years,OWN,49000.0,Fully Paid,home_improvement,22.63,0.0,710.0,714.0,4.0,1.0
6550.0, 36 months,11.99,C,6 years,MORTGAGE,52686.0,Fully Paid,house,11.53,0.0,670.0,674.0,0.0,1.0
14875.0, 60 months,27.88,G,< 1 year,RENT,41368.0,Fully Paid,debt_consolidation,15.35,0.0,680.0,684.0,0.0,0.0
5000.0, 36 months,11.99,C,10+ years,RENT,55000.0,Fully Paid,other,13.94,0.0,730.0,734.0,1.0,0.0
8000.0, 36 months,10.64,B,10+ years,MORTGAGE,70000.0,Fully Paid,debt_consolidation,18.14,0.0,660.0,664.0,0.0,0.0
9600.0, 36 months,7.26,A,8 years,MORTGAGE,44000.0,Fully Paid,home_improvement,1.36,0.0,780.0,784.0,0.0,0.0
20000.0, 36 months,11.48,B,2 years,RENT,115000.0,Fully Paid,major_purchase,19.0,0.0,665.0,669.0,1.0,0.0
8000.0, 36 months,9.17,B,< 1 year,RENT,41000.0,Fully Paid,debt_consolidation,10.94,0.0,685.0,689.0,0.0,1.0
18200.0, 60 months,18.49,E,10+ years,MORTGAGE,70000.0,Charged Off,debt_consolidation,20.46,1.0,665.0,669.0,1.0,0.0
21600.0, 36 months,9.17,B,< 1 year,MORTGAGE,57000.0,Fully Paid,debt_consolidation,21.56,1.0,680.0,684.0,0.0,0.0
6000.0, 36 months,10.64,B,10+ years,OWN,45000.0,Fully Paid,debt_consolidation,14.59,0.0,665.0,669.0,2.0,1.0
30000.0, 36 months,7.26,A,10+ years,MORTGAGE,300000.0,Fully Paid,home_improvement,4.94,0.0,680.0,684.0,0.0,0.0
10000.0, 36 months,5.32,A,10+ years,MORTGAGE,220000.0,Fully Paid,home_improvement,15.41,0.0,715.0,719.0,1.0,0.0
5600.0, 36 months,10.64,B,1 year,RENT,88000.0,Fully Paid,moving,11.02,0.0,660.0,664.0,0.0,1.0
10000.0, 36 months,7.26,A,< 1 year,MORTGAGE,120000.0,Charged Off,debt_consolidation,28.26,0.0,705.0,709.0,0.0,0.0
6000.0, 36 months,11.99,C,6 years,OWN,30848.48,Fully Paid,credit_card,37.0,0.0,715.0,719.0,0.0,0.0
10000.0, 36 months,5.32,A,10+ years,MORTGAGE,60000.0,Fully Paid,credit_card,12.1,0.0,765.0,769.0,1.0,0.0
12800.0, 60 months,13.18,C,4 years,RENT,121000.0,Fully Paid,debt_consolidation,7.8,0.0,680.0,684.0,0.0,1.0
10000.0, 36 months,13.18,C,8 years,RENT,79000.0,Fully Paid,debt_consolidation,13.0,0.0,660.0,664.0,1.0,1.0
16000.0, 60 months,11.99,C,9 years,RENT,70000.0,Charged Off,debt_consolidation,24.04,0.0,665.0,669.0,0.0,1.0
15000.0, 36 months,10.78,B,1 year,RENT,40000.0,Fully Paid,credit_card,10.17,0.0,670.0,674.0,0.0,0.0
20000.0, 36 months,7.89,A,10+ years,RENT,92000.0,Fully Paid,debt_consolidation,28.85,0.0,715.0,719.0,1.0,0.0
10650.0, 60 months,22.99,F,2 years,RENT,60000.0,Fully Paid,moving,9.95,0.0,685.0,689.0,1.0,0.0
18000.0, 36 months,8.38,B,8 years,MORTGAGE,140000.0,Fully Paid,credit_card,15.93,0.0,675.0,679.0,0.0,1.0
12000.0, 36 months,7.89,A,5 years,MORTGAGE,80000.0,Fully Paid,medical,19.08,0.0,715.0,719.0,2.0,0.0
10000.0, 36 months,9.17,B,5 years,MORTGAGE,794500.0,Fully Paid,debt_consolidation,3.6,0.0,705.0,709.0,0.0,0.0
8000.0, 36 months,11.22,B,10+ years,RENT,120555.0,Fully Paid,debt_consolidation,26.0,0.0,680.0,684.0,0.0,0.0
24000.0, 36 months,6.89,A,1 year,MORTGAGE,170000.0,Fully Paid,credit_card,10.87,0.0,725.0,729.0,0.0,0.0
15000.0, 36 months,11.99,C,< 1 year,MORTGAGE,145000.0,Charged Off,credit_card,19.42,0.0,670.0,674.0,0.0,0.0
6500.0, 36 months,9.76,B,6 years,MORTGAGE,113000.0,Fully Paid,debt_consolidation,11.66,1.0,670.0,674.0,1.0,0.0
15000.0, 36 months,7.89,A,10+ years,RENT,120000.0,Fully Paid,debt_consolidation,10.87,0.0,685.0,689.0,0.0,0.0
9500.0, 36 months,10.64,B,3 years,RENT,42000.0,Fully Paid,credit_card,25.98,0.0,700.0,704.0,1.0,0.0
7200.0, 36 months,6.24,A,6 years,RENT,70000.0,Fully Paid,credit_card,13.69,0.0,705.0,709.0,0.0,0.0
23650.0, 36 months,11.99,C,1 year,MORTGAGE,72000.0,Fully Paid,debt_consolidation,2.55,0.0,665.0,669.0,0.0,1.0
1500.0, 36 months,12.59,C,7 years,RENT,135000.0,Fully Paid,vacation,20.28,0.0,710.0,714.0,0.0,0.0
4500.0, 36 months,6.89,A,8 years,MORTGAGE,60000.0,Fully Paid,credit_card,14.61,1.0,720.0,724.0,0.0,0.0
12500.0, 36 months,11.99,C,< 1 year,MORTGAGE,65000.0,Fully Paid,credit_card,15.42,0.0,670.0,674.0,1.0,1.0
15000.0, 60 months,19.99,E,4 years,RENT,65000.0,Charged Off,debt_consolidation,14.14,0.0,680.0,684.0,1.0,1.0
15000.0, 36 months,8.38,B,10+ years,OWN,160000.0,Fully Paid,debt_consolidation,12.18,0.0,665.0,669.0,0.0,1.0
15000.0, 60 months,7.91,A,,MORTGAGE,47520.0,Fully Paid,debt_consolidation,12.77,0.0,800.0,804.0,0.0,0.0
14400.0, 60 months,18.49,E,5 years,RENT,60000.0,Charged Off,other,24.46,0.0,720.0,724.0,1.0,1.0
24000.0, 60 months,13.18,C,4 years,MORTGAGE,65000.0,Charged Off,major_purchase,6.07,0.0,660.0,664.0,1.0,0.0
30000.0, 36 months,9.99,B,10+ years,RENT,125000.0,Fully Paid,credit_card,17.98,0.0,670.0,674.0,0.0,0.0
5000.0, 36 months,7.26,A,10+ years,MORTGAGE,110000.0,Fully Paid,other,10.55,1.0,705.0,709.0,0.0,0.0
15300.0, 36 months,18.2,E,10+ years,OWN,45000.0,Fully Paid,debt_consolidation,32.21,3.0,670.0,674.0,1.0,0.0
21000.0, 36 months,6.89,A,1 year,MORTGAGE,96000.0,Fully Paid,debt_consolidation,21.51,0.0,725.0,729.0,0.0,0.0
17800.0, 36 months,15.77,D,4 years,MORTGAGE,71000.0,Fully Paid,major_purchase,14.01,0.0,660.0,664.0,1.0,0.0
5000.0, 36 months,10.64,B,< 1 year,RENT,35360.0,Fully Paid,credit_card,4.34,0.0,690.0,694.0,0.0,0.0
35000.0, 60 months,11.22,B,10+ years,MORTGAGE,180000.0,Fully Paid,debt_consolidation,22.55,0.0,685.0,689.0,0.0,0.0
20000.0, 36 months,6.24,A,10+ years,MORTGAGE,115000.0,Fully Paid,debt_consolidation,21.71,0.0,715.0,719.0,0.0,0.0
17500.0, 36 months,8.49,B,10+ years,OWN,35000.0,Fully Paid,debt_consolidation,19.48,0.0,685.0,689.0,0.0,1.0
28000.0, 60 months,18.49,E,< 1 year,MORTGAGE,180000.0,Fully Paid,credit_card,22.2,0.0,700.0,704.0,0.0,0.0
3000.0, 36 months,17.57,D,1 year,RENT,77000.0,Fully Paid,other,9.21,0.0,675.0,679.0,1.0,1.0
14400.0, 36 months,6.89,A,8 years,MORTGAGE,75000.0,Fully Paid,home_improvement,13.95,0.0,730.0,734.0,2.0,1.0
21000.0, 60 months,19.99,E,10+ years,MORTGAGE,98780.0,Fully Paid,debt_consolidation,19.77,1.0,695.0,699.0,2.0,0.0
3200.0, 36 months,7.26,A,3 years,MORTGAGE,49000.0,Fully Paid,home_improvement,26.13,0.0,755.0,759.0,0.0,0.0
12000.0, 60 months,13.18,C,8 years,RENT,60000.0,Charged Off,credit_card,27.3,0.0,665.0,669.0,1.0,0.0
30000.0, 36 months,12.59,C,3 years,OWN,70000.0,Fully Paid,debt_consolidation,23.76,0.0,665.0,669.0,0.0,0.0
16000.0, 36 months,8.18,B,8 years,RENT,70000.0,Fully Paid,debt_consolidation,20.38,0.0,720.0,724.0,0.0,0.0
12000.0, 60 months,10.64,B,10+ years,MORTGAGE,54000.0,Fully Paid,credit_card,24.6,1.0,680.0,684.0,1.0,0.0
23000.0, 36 months,11.22,B,3 years,RENT,140000.0,Fully Paid,debt_consolidation,2.61,0.0,690.0,694.0,0.0,0.0
2375.0, 36 months,17.57,D,< 1 year,RENT,81000.0,Fully Paid,debt_consolidation,10.54,0.0,665.0,669.0,3.0,1.0
7375.0, 36 months,11.22,B,1 year,MORTGAGE,50000.0,Charged Off,debt_consolidation,17.62,0.0,715.0,719.0,0.0,0.0
11100.0, 36 months,5.32,A,10+ years,MORTGAGE,102000.0,Fully Paid,debt_consolidation,11.11,1.0,710.0,714.0,0.0,0.0
4800.0, 36 months,11.48,B,< 1 year,MORTGAGE,57500.0,Fully Paid,debt_consolidation,9.1,0.0,660.0,664.0,2.0,0.0
25000.0, 36 months,16.55,D,< 1 year,RENT,85000.0,Charged Off,debt_consolidation,23.25,0.0,670.0,674.0,0.0,0.0
5000.0, 36 months,12.05,C,3 years,RENT,23000.0,Fully Paid,major_purchase,34.24,1.0,675.0,679.0,0.0,0.0
16000.0, 36 months,7.89,A,1 year,RENT,65000.0,Fully Paid,debt_consolidation,15.03,0.0,705.0,709.0,0.0,0.0
33875.0, 60 months,24.24,F,2 years,OWN,77900.0,Charged Off,debt_consolidation,5.36,0.0,700.0,704.0,0.0,0.0
15000.0, 36 months,6.24,A,10+ years,MORTGAGE,90000.0,Fully Paid,credit_card,7.11,0.0,755.0,759.0,0.0,0.0
4000.0, 36 months,7.91,A,10+ years,MORTGAGE,70000.0,Fully Paid,other,22.4,1.0,735.0,739.0,2.0,0.0
24000.0, 60 months,13.67,C,1 year,OWN,75000.0,Charged Off,debt_consolidation,22.77,0.0,680.0,684.0,2.0,0.0
10000.0, 36 months,8.18,B,< 1 year,RENT,32000.0,Fully Paid,debt_consolidation,19.73,1.0,685.0,689.0,0.0,0.0
32500.0, 60 months,11.22,B,2 years,MORTGAGE,118500.0,Fully Paid,credit_card,27.08,0.0,755.0,759.0,0.0,0.0
1000.0, 36 months,13.99,C,2 years,RENT,35000.0,Fully Paid,other,26.82,0.0,660.0,664.0,1.0,0.0
15000.0, 36 months,10.64,B,4 years,RENT,103000.0,Fully Paid,credit_card,13.98,0.0,685.0,689.0,1.0,0.0
24000.0, 60 months,18.2,E,10+ years,MORTGAGE,101000.0,Charged Off,debt_consolidation,25.05,0.0,665.0,669.0,3.0,1.0
20000.0, 36 months,10.99,B,5 years,RENT,100000.0,Fully Paid,credit_card,9.22,0.0,665.0,669.0,2.0,0.0
9000.0, 36 months,13.18,C,10+ years,RENT,78000.0,Fully Paid,other,13.3,0.0,690.0,694.0,0.0,0.0
35000.0, 36 months,11.22,B,8 years,RENT,70000.0,Charged Off,debt_consolidation,24.57,1.0,760.0,764.0,1.0,0.0
24000.0, 36 months,5.32,A,9 years,MORTGAGE,108000.0,Fully Paid,credit_card,7.61,0.0,780.0,784.0,0.0,0.0
20000.0, 36 months,14.48,C,2 years,OWN,50000.0,Fully Paid,debt_consolidation,21.36,0.0,660.0,664.0,2.0,1.0
15000.0, 36 months,15.41,D,10+ years,OWN,85000.0,Fully Paid,debt_consolidation,27.66,1.0,660.0,664.0,1.0,2.0
24000.0, 36 months,11.48,B,10+ years,MORTGAGE,95000.0,Fully Paid,credit_card,23.43,0.0,710.0,714.0,1.0,0.0
7250.0, 36 months,13.67,C,10+ years,OWN,41000.0,Charged Off,debt_consolidation,28.69,3.0,680.0,684.0,1.0,0.0
23800.0, 60 months,18.99,E,< 1 year,RENT,59500.0,Fully Paid,credit_card,30.54,0.0,745.0,749.0,0.0,0.0
13425.0, 36 months,14.48,C,< 1 year,RENT,32000.0,Fully Paid,credit_card,34.66,1.0,660.0,664.0,0.0,2.0
17000.0, 60 months,13.18,C,10+ years,MORTGAGE,73000.0,Charged Off,debt_consolidation,28.08,0.0,675.0,679.0,0.0,0.0
24000.0, 36 months,13.67,C,10+ years,MORTGAGE,110000.0,Charged Off,debt_consolidation,9.6,0.0,665.0,669.0,0.0,0.0
15000.0, 60 months,16.55,D,10+ years,MORTGAGE,36000.0,Fully Paid,credit_card,22.67,0.0,680.0,684.0,1.0,1.0
16000.0, 60 months,13.18,C,9 years,MORTGAGE,55000.0,Fully Paid,debt_consolidation,21.4,1.0,710.0,714.0,1.0,0.0
11200.0, 36 months,9.76,B,10+ years,MORTGAGE,50000.0,Fully Paid,debt_consolidation,2.69,0.0,730.0,734.0,1.0,0.0
4800.0, 36 months,8.18,B,3 years,MORTGAGE,82000.0,Fully Paid,credit_card,8.74,0.0,695.0,699.0,0.0,0.0
31325.0, 36 months,15.77,D,1 year,RENT,157000.0,Fully Paid,credit_card,30.13,0.0,690.0,694.0,0.0,0.0
30000.0, 60 months,17.86,D,< 1 year,MORTGAGE,220000.0,Charged Off,debt_consolidation,14.43,0.0,685.0,689.0,1.0,0.0
30000.0, 60 months,16.99,D,10+ years,MORTGAGE,77000.0,Fully Paid,debt_consolidation,34.43,0.0,690.0,694.0,0.0,0.0
10000.0, 36 months,7.26,A,8 years,OWN,63000.0,Fully Paid,credit_card,15.96,0.0,690.0,694.0,2.0,1.0
9500.0, 36 months,7.89,A,7 years,OWN,28000.0,Fully Paid,credit_card,14.52,0.0,780.0,784.0,0.0,0.0
14400.0, 36 months,12.59,C,10+ years,RENT,70000.0,Fully Paid,debt_consolidation,19.13,0.0,675.0,679.0,2.0,1.0
8400.0, 36 months,9.17,B,4 years,MORTGAGE,62100.0,Fully Paid,debt_consolidation,11.61,2.0,680.0,684.0,4.0,0.0
11500.0, 36 months,14.48,C,2 years,OWN,28800.0,Fully Paid,debt_consolidation,14.5,0.0,685.0,689.0,0.0,0.0
4000.0, 36 months,12.59,C,10+ years,MORTGAGE,127000.0,Fully Paid,major_purchase,34.21,0.0,660.0,664.0,1.0,0.0
25000.0, 60 months,13.18,C,10+ years,MORTGAGE,90000.0,Fully Paid,debt_consolidation,27.4,1.0,700.0,704.0,0.0,0.0
30000.0, 36 months,8.38,B,8 years,MORTGAGE,96000.0,Fully Paid,credit_card,21.54,0.0,730.0,734.0,0.0,0.0
7800.0, 36 months,7.26,A,6 years,MORTGAGE,43207.12,Fully Paid,credit_card,22.42,0.0,750.0,754.0,0.0,0.0
15600.0, 36 months,7.89,A,10+ years,MORTGAGE,110000.0,Fully Paid,credit_card,26.65,0.0,720.0,724.0,1.0,0.0
24000.0, 36 months,5.32,A,10+ years,MORTGAGE,80000.0,Fully Paid,debt_consolidation,6.5,0.0,780.0,784.0,0.0,0.0
5000.0, 36 months,16.55,D,< 1 year,RENT,16000.0,Fully Paid,debt_consolidation,20.86,0.0,670.0,674.0,1.0,0.0
10000.0, 36 months,8.38,B,4 years,MORTGAGE,165000.0,Fully Paid,home_improvement,18.57,0.0,675.0,679.0,0.0,0.0
35000.0, 60 months,18.49,E,1 year,RENT,200000.0,Charged Off,major_purchase,26.96,0.0,705.0,709.0,0.0,0.0
15000.0, 36 months,13.99,C,< 1 year,MORTGAGE,145000.0,Fully Paid,debt_consolidation,28.43,1.0,675.0,679.0,2.0,0.0
15450.0, 60 months,21.99,F,< 1 year,MORTGAGE,120000.0,Charged Off,debt_consolidation,19.07,0.0,695.0,699.0,1.0,0.0
5500.0, 36 months,10.64,B,5 years,MORTGAGE,30000.0,Fully Paid,home_improvement,15.63,0.0,705.0,709.0,0.0,0.0
14400.0, 36 months,9.17,B,< 1 year,RENT,78000.0,Fully Paid,credit_card,8.96,0.0,690.0,694.0,0.0,0.0
20000.0, 60 months,10.99,B,10+ years,MORTGAGE,69525.0,Charged Off,debt_consolidation,23.68,1.0,740.0,744.0,0.0,0.0
13600.0, 60 months,15.77,D,10+ years,RENT,123000.0,Fully Paid,debt_consolidation,8.33,0.0,700.0,704.0,3.0,0.0
9050.0, 36 months,15.77,D,2 years,OWN,56000.0,Fully Paid,debt_consolidation,13.61,0.0,665.0,669.0,0.0,0.0
9000.0, 36 months,6.49,A,< 1 year,MORTGAGE,59000.0,Fully Paid,debt_consolidation,8.67,0.0,785.0,789.0,0.0,0.0
24000.0, 36 months,6.24,A,10+ years,MORTGAGE,140000.0,Fully Paid,debt_consolidation,29.24,0.0,755.0,759.0,2.0,0.0
5400.0, 36 months,10.64,B,,MORTGAGE,40000.0,Fully Paid,debt_consolidation,7.68,1.0,660.0,664.0,0.0,0.0
17900.0, 60 months,18.2,E,< 1 year,MORTGAGE,49900.0,Fully Paid,debt_consolidation,24.58,0.0,715.0,719.0,1.0,0.0
20000.0, 36 months,7.89,A,10+ years,MORTGAGE,52000.0,Fully Paid,home_improvement,0.0,0.0,780.0,784.0,1.0,0.0
24000.0, 60 months,12.59,C,1 year,MORTGAGE,150000.0,Charged Off,credit_card,19.26,0.0,690.0,694.0,1.0,0.0
15500.0, 60 months,19.89,E,3 years,MORTGAGE,73000.0,Fully Paid,debt_consolidation,26.6,0.0,700.0,704.0,0.0,0.0
14000.0, 60 months,8.38,B,4 years,MORTGAGE,70000.0,Fully Paid,credit_card,17.61,0.0,695.0,699.0,1.0,0.0
4450.0, 36 months,15.41,D,,OWN,23892.0,Charged Off,credit_card,28.47,0.0,675.0,679.0,2.0,0.0
6000.0, 36 months,9.76,B,< 1 year,RENT,37000.0,Fully Paid,debt_consolidation,14.99,1.0,660.0,664.0,1.0,1.0
14000.0, 36 months,9.17,B,2 years,RENT,79321.0,Charged Off,debt_consolidation,24.07,0.0,660.0,664.0,1.0,0.0
18325.0, 36 months,13.18,C,,OWN,67500.0,Fully Paid,debt_consolidation,28.75,0.0,735.0,739.0,0.0,0.0
12000.0, 36 months,6.89,A,3 years,MORTGAGE,50000.0,Fully Paid,debt_consolidation,16.78,0.0,740.0,744.0,0.0,0.0
16000.0, 36 months,9.17,B,8 years,MORTGAGE,73500.0,Fully Paid,credit_card,14.89,0.0,690.0,694.0,0.0,0.0
18350.0, 60 months,20.99,E,10+ years,MORTGAGE,70000.0,Charged Off,credit_card,28.0,0.0,690.0,694.0,0.0,0.0
10000.0, 36 months,9.76,B,10+ years,MORTGAGE,77000.0,Fully Paid,credit_card,10.47,0.0,685.0,689.0,1.0,0.0
21000.0, 36 months,13.18,C,10+ years,OWN,120000.0,Fully Paid,debt_consolidation,14.15,1.0,670.0,674.0,0.0,0.0
7200.0, 36 months,11.22,B,6 years,RENT,60000.0,Fully Paid,debt_consolidation,14.2,0.0,670.0,674.0,0.0,0.0
12000.0, 60 months,13.18,C,10+ years,RENT,33000.0,Charged Off,debt_consolidation,18.44,0.0,700.0,704.0,1.0,0.0
20800.0, 60 months,11.22,B,2 years,MORTGAGE,85000.0,Fully Paid,debt_consolidation,26.12,0.0,695.0,699.0,5.0,0.0
17500.0, 36 months,11.99,C,9 years,OWN,47000.0,Fully Paid,credit_card,16.55,0.0,670.0,674.0,1.0,0.0
28000.0, 36 months,5.32,A,4 years,RENT,205600.0,Fully Paid,debt_consolidation,18.53,0.0,685.0,689.0,1.0,1.0
16000.0, 36 months,7.26,A,3 years,MORTGAGE,92000.0,Fully Paid,debt_consolidation,36.77,0.0,700.0,704.0,1.0,0.0
16000.0, 36 months,6.89,A,< 1 year,MORTGAGE,100000.0,Fully Paid,credit_card,14.74,0.0,700.0,704.0,1.0,0.0
21000.0, 36 months,9.17,B,3 years,MORTGAGE,110000.0,Fully Paid,debt_consolidation,8.48,0.0,665.0,669.0,0.0,1.0
5000.0, 36 months,6.89,A,5 years,MORTGAGE,65000.0,Charged Off,debt_consolidation,33.4,0.0,730.0,734.0,0.0,0.0
10000.0, 36 months,8.18,B,,OWN,30719.0,Fully Paid,debt_consolidation,15.24,0.0,720.0,724.0,0.0,0.0
8000.0, 36 months,7.49,A,1 year,RENT,75000.0,Charged Off,credit_card,18.6,1.0,680.0,684.0,2.0,0.0
5900.0, 36 months,14.33,C,,RENT,16800.0,Fully Paid,credit_card,19.71,0.0,685.0,689.0,1.0,1.0
15000.0, 36 months,7.26,A,10+ years,RENT,60000.0,Charged Off,debt_consolidation,18.2,0.0,715.0,719.0,0.0,0.0
6000.0, 36 months,16.55,D,< 1 year,RENT,54000.0,Fully Paid,moving,12.63,0.0,665.0,669.0,1.0,0.0
2500.0, 36 months,11.99,C,10+ years,RENT,76000.0,Fully Paid,debt_consolidation,12.36,1.0,670.0,674.0,0.0,0.0
21000.0, 36 months,11.22,B,10+ years,MORTGAGE,90000.0,Fully Paid,home_improvement,17.81,0.0,715.0,719.0,0.0,0.0
8000.0, 36 months,9.99,B,10+ years,MORTGAGE,87000.0,Fully Paid,debt_consolidation,6.83,0.0,665.0,669.0,0.0,0.0
19200.0, 60 months,11.99,C,10+ years,OWN,80000.0,Fully Paid,debt_consolidation,20.13,5.0,690.0,694.0,0.0,0.0
10000.0, 36 months,7.26,A,2 years,MORTGAGE,80000.0,Fully Paid,debt_consolidation,18.57,0.0,710.0,714.0,2.0,1.0
6000.0, 36 months,13.67,C,10+ years,RENT,74000.0,Charged Off,other,28.9,1.0,695.0,699.0,1.0,0.0
15600.0, 36 months,9.8,B,10+ years,MORTGAGE,54000.0,Fully Paid,debt_consolidation,19.33,0.0,680.0,684.0,0.0,0.0
5000.0, 36 months,6.24,A,10+ years,MORTGAGE,50500.0,Fully Paid,debt_consolidation,6.42,0.0,720.0,724.0,0.0,0.0
20000.0, 36 months,9.17,B,10+ years,MORTGAGE,150000.0,Fully Paid,debt_consolidation,17.75,6.0,660.0,664.0,0.0,0.0
30000.0, 36 months,11.99,C,6 years,MORTGAGE,70558.0,Fully Paid,credit_card,23.8,0.0,695.0,699.0,0.0,0.0
10000.0, 36 months,16.99,D,8 years,RENT,45000.0,Fully Paid,credit_card,15.33,0.0,675.0,679.0,0.0,0.0
32000.0, 60 months,10.64,B,10+ years,MORTGAGE,91000.0,Fully Paid,debt_consolidation,30.33,0.0,705.0,709.0,0.0,0.0
5000.0, 36 months,12.59,C,< 1 year,RENT,65000.0,Fully Paid,other,16.01,0.0,690.0,694.0,0.0,0.0
16000.0, 60 months,13.44,C,1 year,RENT,42000.0,Charged Off,credit_card,9.6,0.0,670.0,674.0,0.0,0.0
7775.0, 36 months,18.99,E,10+ years,MORTGAGE,65000.0,Fully Paid,debt_consolidation,8.49,1.0,660.0,664.0,0.0,0.0
30800.0, 60 months,17.57,D,3 years,MORTGAGE,67000.0,Fully Paid,debt_consolidation,18.05,0.0,715.0,719.0,0.0,0.0
5025.0, 36 months,13.18,C,7 years,MORTGAGE,65000.0,Fully Paid,debt_consolidation,25.74,0.0,740.0,744.0,0.0,0.0
28000.0, 36 months,11.22,B,7 years,MORTGAGE,125000.0,Fully Paid,credit_card,14.24,0.0,705.0,709.0,0.0,0.0
18000.0, 36 months,14.48,C,5 years,MORTGAGE,65000.0,Charged Off,debt_consolidation,21.42,0.0,705.0,709.0,0.0,0.0
8000.0, 36 months,6.89,A,5 years,MORTGAGE,51000.0,Fully Paid,credit_card,27.65,0.0,705.0,709.0,0.0,0.0
10000.0, 36 months,7.26,A,9 years,RENT,35000.0,Fully Paid,debt_consolidation,10.49,0.0,710.0,714.0,0.0,0.0
15000.0, 60 months,19.99,E,3 years,OWN,50000.0,Fully Paid,debt_consolidation,17.9,0.0,670.0,674.0,0.0,0.0
18050.0, 36 months,9.76,B,10+ years,MORTGAGE,55000.0,Fully Paid,credit_card,31.38,0.0,690.0,694.0,0.0,1.0
13525.0, 60 months,18.49,E,3 years,RENT,33000.0,Fully Paid,debt_consolidation,22.58,0.0,755.0,759.0,0.0,0.0
11400.0, 36 months,9.17,B,10+ years,RENT,52000.0,Fully Paid,debt_consolidation,9.07,3.0,665.0,669.0,1.0,0.0
9925.0, 36 months,16.99,D,10+ years,RENT,30000.0,Fully Paid,debt_consolidation,37.52,0.0,670.0,674.0,0.0,0.0
8000.0, 36 months,13.18,C,1 year,RENT,77000.0,Charged Off,debt_consolidation,39.78,0.0,710.0,714.0,2.0,0.0
25000.0, 60 months,14.85,C,10+ years,MORTGAGE,60000.0,Fully Paid,debt_consolidation,20.48,0.0,725.0,729.0,1.0,0.0
18000.0, 60 months,15.41,D,10+ years,MORTGAGE,74000.0,Fully Paid,debt_consolidation,24.31,0.0,675.0,679.0,0.0,0.0
30000.0, 60 months,24.99,F,10+ years,MORTGAGE,98000.0,Charged Off,debt_consolidation,23.4,0.0,680.0,684.0,3.0,0.0
3200.0, 36 months,16.99,D,2 years,MORTGAGE,81000.0,Fully Paid,medical,30.68,0.0,705.0,709.0,2.0,0.0
31075.0, 36 months,7.49,A,10+ years,RENT,70000.0,Fully Paid,credit_card,17.18,0.0,725.0,729.0,1.0,0.0
8400.0, 36 months,16.99,D,,OWN,21000.0,Fully Paid,debt_consolidation,27.43,0.0,670.0,674.0,1.0,0.0
21000.0, 36 months,9.76,B,5 years,MORTGAGE,80000.0,Fully Paid,credit_card,11.24,0.0,700.0,704.0,0.0,0.0
30000.0, 36 months,6.89,A,10+ years,MORTGAGE,125000.0,Fully Paid,debt_consolidation,17.3,1.0,725.0,729.0,0.0,0.0
6000.0, 36 months,10.78,B,7 years,RENT,32000.0,Fully Paid,other,15.49,0.0,760.0,764.0,1.0,0.0
12750.0, 36 months,15.41,D,2 years,MORTGAGE,37500.0,Fully Paid,debt_consolidation,23.65,0.0,660.0,664.0,1.0,0.0
2500.0, 36 months,13.18,C,10+ years,MORTGAGE,45000.0,Charged Off,vacation,8.13,1.0,715.0,719.0,0.0,1.0
15000.0, 36 months,10.64,B,2 years,MORTGAGE,98000.0,Fully Paid,debt_consolidation,7.28,0.0,660.0,664.0,0.0,0.0
15000.0, 36 months,6.89,A,,MORTGAGE,46000.0,Fully Paid,credit_card,20.31,0.0,715.0,719.0,1.0,0.0
10000.0, 36 months,7.89,A,2 years,MORTGAGE,45000.0,Fully Paid,debt_consolidation,13.97,3.0,700.0,704.0,2.0,0.0
30000.0, 36 months,12.88,C,10+ years,RENT,139000.0,Fully Paid,credit_card,21.38,1.0,660.0,664.0,1.0,0.0
8000.0, 36 months,9.76,B,3 years,OWN,38000.0,Fully Paid,home_improvement,7.42,0.0,760.0,764.0,0.0,0.0
12000.0, 36 months,9.17,B,10+ years,RENT,225000.0,Fully Paid,debt_consolidation,12.35,0.0,670.0,674.0,1.0,4.0
15000.0, 36 months,6.24,A,10+ years,MORTGAGE,141500.0,Fully Paid,debt_consolidation,27.57,0.0,725.0,729.0,0.0,0.0
4800.0, 36 months,15.41,D,8 years,MORTGAGE,60000.0,Fully Paid,other,30.28,0.0,695.0,699.0,1.0,0.0
6000.0, 36 months,8.49,B,3 years,RENT,36000.0,Fully Paid,debt_consolidation,23.84,2.0,710.0,714.0,0.0,0.0
10000.0, 36 months,12.59,C,< 1 year,MORTGAGE,50000.0,Fully Paid,debt_consolidation,29.33,2.0,695.0,699.0,0.0,0.0
27225.0, 36 months,8.38,B,3 years,OWN,105000.0,Fully Paid,credit_card,25.12,0.0,775.0,779.0,0.0,0.0
11000.0, 60 months,15.41,D,3 years,RENT,60000.0,Charged Off,credit_card,29.62,0.0,660.0,664.0,1.0,0.0
1600.0, 36 months,7.91,A,10+ years,MORTGAGE,76500.0,Fully Paid,credit_card,16.42,0.0,750.0,754.0,1.0,0.0
24000.0, 36 months,5.32,A,2 years,RENT,350000.0,Fully Paid,other,15.45,0.0,775.0,779.0,0.0,0.0
30650.0, 60 months,27.31,G,8 years,MORTGAGE,68000.0,Fully Paid,small_business,11.45,1.0,660.0,664.0,0.0,0.0
10000.0, 36 months,9.99,B,3 years,RENT,70000.0,Fully Paid,medical,21.31,0.0,665.0,669.0,0.0,0.0
12000.0, 36 months,9.76,B,8 years,RENT,110725.0,Charged Off,credit_card,19.78,0.0,705.0,709.0,1.0,0.0
28000.0, 60 months,15.41,D,10+ years,MORTGAGE,80000.0,Charged Off,debt_consolidation,24.3,0.0,690.0,694.0,0.0,1.0
8400.0, 36 months,6.89,A,3 years,RENT,55000.0,Fully Paid,credit_card,14.18,0.0,680.0,684.0,0.0,1.0
14000.0, 60 months,18.49,E,10+ years,MORTGAGE,85000.0,Fully Paid,debt_consolidation,18.17,0.0,685.0,689.0,3.0,0.0
16000.0, 60 months,9.8,B,8 years,MORTGAGE,96000.0,Fully Paid,debt_consolidation,16.28,3.0,680.0,684.0,2.0,0.0
11500.0, 36 months,7.91,A,7 years,RENT,65000.0,Fully Paid,debt_consolidation,21.94,0.0,715.0,719.0,0.0,0.0
3000.0, 36 months,14.33,C,3 years,RENT,24000.0,Fully Paid,debt_consolidation,18.45,0.0,700.0,704.0,2.0,0.0
1000.0, 36 months,14.48,C,10+ years,RENT,39000.0,Fully Paid,medical,38.46,1.0,665.0,669.0,0.0,0.0
35000.0, 60 months,14.48,C,10+ years,MORTGAGE,102000.0,Fully Paid,debt_consolidation,18.88,0.0,685.0,689.0,0.0,0.0
10000.0, 36 months,10.64,B,2 years,MORTGAGE,107000.0,Fully Paid,debt_consolidation,32.44,4.0,665.0,669.0,1.0,0.0
12000.0, 36 months,5.32,A,5 years,MORTGAGE,75000.0,Fully Paid,debt_consolidation,25.95,0.0,740.0,744.0,0.0,0.0
11400.0, 60 months,13.18,C,< 1 year,RENT,87000.0,Fully Paid,credit_card,28.67,0.0,690.0,694.0,0.0,0.0
20000.0, 36 months,11.48,B,2 years,MORTGAGE,96000.0,Fully Paid,credit_card,9.81,0.0,675.0,679.0,0.0,0.0
11325.0, 60 months,18.2,E,,RENT,27000.0,Charged Off,debt_consolidation,32.53,0.0,660.0,664.0,2.0,1.0
12000.0, 36 months,9.17,B,10+ years,RENT,45000.0,Charged Off,home_improvement,3.83,0.0,695.0,699.0,1.0,0.0
20000.0, 36 months,12.59,C,4 years,RENT,60000.0,Fully Paid,debt_consolidation,18.72,0.0,660.0,664.0,0.0,1.0
16000.0, 36 months,10.78,B,2 years,MORTGAGE,90000.0,Fully Paid,debt_consolidation,21.05,1.0,690.0,694.0,1.0,1.0
22625.0, 60 months,13.18,C,1 year,MORTGAGE,100000.0,Charged Off,debt_consolidation,8.1,0.0,745.0,749.0,0.0,0.0
20000.0, 36 months,5.32,A,,MORTGAGE,50000.0,Fully Paid,debt_consolidation,22.01,0.0,715.0,719.0,0.0,0.0
11200.0, 60 months,13.67,C,2 years,MORTGAGE,60000.0,Fully Paid,home_improvement,21.08,0.0,675.0,679.0,1.0,1.0
13000.0, 36 months,9.17,B,10+ years,RENT,70000.0,Fully Paid,debt_consolidation,10.63,0.0,685.0,689.0,0.0,0.0
25900.0, 60 months,24.99,F,10+ years,RENT,81000.0,Charged Off,other,12.66,0.0,665.0,669.0,3.0,1.0
5000.0, 36 months,11.99,C,,MORTGAGE,30000.0,Charged Off,credit_card,26.64,0.0,685.0,689.0,1.0,0.0
18600.0, 36 months,12.05,C,4 years,MORTGAGE,145000.0,Fully Paid,debt_consolidation,22.08,1.0,670.0,674.0,0.0,1.0
10000.0, 36 months,7.26,A,3 years,MORTGAGE,70000.0,Fully Paid,major_purchase,6.48,0.0,720.0,724.0,1.0,1.0
28000.0, 36 months,16.55,D,5 years,MORTGAGE,101000.0,Fully Paid,debt_consolidation,24.75,0.0,705.0,709.0,0.0,3.0
16800.0, 36 months,7.91,A,10+ years,RENT,140000.0,Charged Off,credit_card,10.57,0.0,695.0,699.0,1.0,0.0
19800.0, 36 months,12.88,C,7 years,MORTGAGE,78924.0,Fully Paid,debt_consolidation,13.12,0.0,765.0,769.0,0.0,0.0
20000.0, 36 months,16.55,D,2 years,MORTGAGE,90000.0,Fully Paid,credit_card,17.75,0.0,670.0,674.0,0.0,0.0
16000.0, 36 months,9.76,B,,MORTGAGE,43000.0,Fully Paid,credit_card,10.44,0.0,725.0,729.0,0.0,0.0
25000.0, 60 months,28.49,G,10+ years,MORTGAGE,325000.0,Fully Paid,house,11.7,1.0,695.0,699.0,0.0,0.0
25000.0, 36 months,9.8,B,3 years,MORTGAGE,60000.0,Fully Paid,debt_consolidation,26.62,1.0,705.0,709.0,0.0,0.0
12000.0, 60 months,7.26,A,10+ years,MORTGAGE,145000.0,Fully Paid,credit_card,5.86,0.0,790.0,794.0,0.0,0.0
9000.0, 36 months,9.17,B,7 years,MORTGAGE,44000.0,Fully Paid,credit_card,28.39,0.0,695.0,699.0,0.0,0.0
14400.0, 60 months,12.59,C,< 1 year,MORTGAGE,58000.0,Fully Paid,credit_card,23.64,0.0,685.0,689.0,2.0,0.0
15000.0, 36 months,6.89,A,10+ years,RENT,72000.0,Fully Paid,debt_consolidation,33.31,0.0,760.0,764.0,0.0,0.0
10000.0, 36 months,6.24,A,8 years,MORTGAGE,72000.0,Fully Paid,debt_consolidation,14.33,0.0,720.0,724.0,0.0,2.0
4800.0, 36 months,13.18,C,10+ years,MORTGAGE,50000.0,Charged Off,debt_consolidation,20.36,0.0,660.0,664.0,0.0,0.0
17350.0, 36 months,16.99,D,10+ years,RENT,60000.0,Charged Off,debt_consolidation,28.92,0.0,665.0,669.0,1.0,3.0
4075.0, 36 months,18.2,E,3 years,MORTGAGE,70000.0,Charged Off,small_business,7.66,0.0,670.0,674.0,0.0,0.0
25200.0, 60 months,21.99,F,10+ years,OWN,75000.0,Charged Off,credit_card,29.26,0.0,680.0,684.0,0.0,0.0
22400.0, 36 months,11.22,B,10+ years,MORTGAGE,90000.0,Fully Paid,debt_consolidation,20.85,0.0,665.0,669.0,0.0,1.0
24000.0, 36 months,10.99,B,10+ years,MORTGAGE,95000.0,Fully Paid,debt_consolidation,11.42,0.0,690.0,694.0,0.0,0.0
2100.0, 36 months,13.67,C,10+ years,MORTGAGE,75000.0,Charged Off,other,24.88,0.0,680.0,684.0,2.0,1.0
28000.0, 60 months,19.99,E,10+ years,MORTGAGE,82000.0,Charged Off,debt_consolidation,10.65,0.0,680.0,684.0,0.0,0.0
1475.0, 36 months,13.18,C,3 years,RENT,100000.0,Fully Paid,major_purchase,5.11,0.0,805.0,809.0,0.0,0.0
6000.0, 36 months,10.64,B,3 years,OWN,50000.0,Fully Paid,medical,20.6,4.0,680.0,684.0,1.0,0.0
15000.0, 36 months,15.77,D,2 years,RENT,50000.0,Fully Paid,other,3.41,0.0,665.0,669.0,2.0,0.0
10000.0, 36 months,7.89,A,10+ years,MORTGAGE,50000.0,Fully Paid,home_improvement,12.43,0.0,740.0,744.0,0.0,0.0
20000.0, 36 months,12.59,C,10+ years,RENT,50000.0,Fully Paid,debt_consolidation,12.7,0.0,720.0,724.0,0.0,0.0
25000.0, 36 months,9.76,B,3 years,MORTGAGE,140000.0,Fully Paid,credit_card,14.89,0.0,665.0,669.0,0.0,1.0
4475.0, 36 months,27.88,G,< 1 year,RENT,48000.0,Fully Paid,small_business,5.0,1.0,660.0,664.0,4.0,0.0
4000.0, 36 months,11.99,C,10+ years,MORTGAGE,85000.0,Charged Off,medical,5.92,2.0,690.0,694.0,0.0,0.0
19775.0, 60 months,12.59,C,,MORTGAGE,72000.0,Fully Paid,credit_card,36.88,0.0,700.0,704.0,0.0,0.0
35000.0, 36 months,9.76,B,4 years,RENT,120000.0,Fully Paid,credit_card,24.92,0.0,750.0,754.0,1.0,0.0
2000.0, 36 months,18.49,D,,RENT,19000.0,Fully Paid,other,7.33,0.0,695.0,699.0,2.0,0.0
25000.0, 36 months,7.89,A,< 1 year,RENT,95000.0,Fully Paid,credit_card,15.01,0.0,695.0,699.0,0.0,0.0
6000.0, 36 months,14.48,C,3 years,RENT,43000.0,Charged Off,other,16.66,0.0,660.0,664.0,0.0,0.0
11150.0, 36 months,9.99,B,< 1 year,MORTGAGE,80000.0,Fully Paid,credit_card,21.98,0.0,710.0,714.0,1.0,0.0
3125.0, 36 months,6.24,A,7 years,OWN,44500.0,Fully Paid,debt_consolidation,16.85,0.0,715.0,719.0,0.0,0.0
20000.0, 60 months,13.67,C,10+ years,MORTGAGE,84000.0,Charged Off,credit_card,22.09,0.0,675.0,679.0,1.0,0.0
10000.0, 36 months,7.91,A,2 years,MORTGAGE,103000.0,Fully Paid,debt_consolidation,13.74,4.0,665.0,669.0,0.0,0.0
3000.0, 36 months,11.22,B,7 years,RENT,50000.0,Fully Paid,debt_consolidation,19.97,0.0,685.0,689.0,2.0,1.0
16000.0, 36 months,9.99,B,7 years,MORTGAGE,99000.0,Charged Off,credit_card,5.99,1.0,700.0,704.0,0.0,0.0
35000.0, 36 months,9.17,B,10+ years,MORTGAGE,167000.0,Charged Off,credit_card,14.04,0.0,695.0,699.0,0.0,0.0
16000.0, 36 months,9.17,B,4 years,RENT,55000.0,Fully Paid,credit_card,26.82,0.0,680.0,684.0,0.0,0.0
19500.0, 60 months,17.86,D,2 years,MORTGAGE,65000.0,Fully Paid,home_improvement,19.02,1.0,675.0,679.0,1.0,1.0
6000.0, 36 months,10.64,B,,OWN,24000.0,Fully Paid,other,12.05,1.0,675.0,679.0,2.0,0.0
4800.0, 36 months,13.67,C,2 years,RENT,29000.0,Fully Paid,debt_consolidation,16.4,0.0,675.0,679.0,0.0,0.0
12225.0, 60 months,18.2,E,8 years,MORTGAGE,43000.0,Fully Paid,debt_consolidation,30.43,0.0,730.0,734.0,0.0,0.0
20000.0, 60 months,16.99,D,10+ years,RENT,55000.0,Charged Off,credit_card,18.18,0.0,675.0,679.0,1.0,0.0
5000.0, 36 months,13.18,C,,RENT,54000.0,Fully Paid,credit_card,4.03,0.0,675.0,679.0,1.0,0.0
35000.0, 36 months,15.77,D,9 years,MORTGAGE,85000.0,Fully Paid,debt_consolidation,18.99,0.0,705.0,709.0,1.0,0.0
22000.0, 60 months,19.99,E,10+ years,MORTGAGE,86000.0,Charged Off,debt_consolidation,16.98,0.0,690.0,694.0,0.0,0.0
11200.0, 60 months,18.49,E,10+ years,RENT,28000.0,Charged Off,debt_consolidation,14.39,0.0,695.0,699.0,1.0,0.0
30000.0, 60 months,16.59,D,< 1 year,MORTGAGE,160000.0,Charged Off,debt_consolidation,7.01,0.0,660.0,664.0,2.0,1.0
13600.0, 60 months,19.48,E,6 years,MORTGAGE,247000.0,Fully Paid,small_business,11.44,1.0,705.0,709.0,0.0,0.0
7500.0, 36 months,7.89,A,,RENT,28000.0,Fully Paid,debt_consolidation,8.14,0.0,670.0,674.0,0.0,1.0
20000.0, 36 months,14.85,C,< 1 year,RENT,70000.0,Fully Paid,home_improvement,7.51,0.0,680.0,684.0,1.0,0.0
24000.0, 36 months,7.89,A,10+ years,MORTGAGE,66000.0,Fully Paid,debt_consolidation,23.57,0.0,685.0,689.0,1.0,0.0
30000.0, 36 months,9.76,B,10+ years,MORTGAGE,150000.0,Charged Off,debt_consolidation,12.92,0.0,710.0,714.0,0.0,1.0
35000.0, 36 months,7.89,A,9 years,RENT,149000.0,Fully Paid,debt_consolidation,18.78,0.0,730.0,734.0,0.0,0.0
28000.0, 36 months,18.2,E,4 years,MORTGAGE,90000.0,Fully Paid,debt_consolidation,16.15,0.0,670.0,674.0,2.0,0.0
10000.0, 36 months,11.99,C,10+ years,RENT,50000.0,Fully Paid,credit_card,20.24,0.0,690.0,694.0,2.0,1.0
30000.0, 36 months,11.99,C,4 years,RENT,110000.0,Fully Paid,credit_card,8.18,0.0,685.0,689.0,0.0,0.0
5000.0, 36 months,10.64,B,1 year,RENT,40000.0,Fully Paid,credit_card,27.3,0.0,690.0,694.0,0.0,0.0
20000.0, 36 months,12.59,C,1 year,RENT,65000.0,Charged Off,debt_consolidation,10.67,0.0,675.0,679.0,2.0,0.0
15000.0, 36 months,7.89,A,7 years,MORTGAGE,150000.0,Fully Paid,other,29.99,0.0,715.0,719.0,3.0,0.0
8000.0, 36 months,7.89,A,6 years,MORTGAGE,38000.0,Fully Paid,credit_card,10.08,0.0,695.0,699.0,3.0,1.0
6950.0, 36 months,13.99,C,10+ years,MORTGAGE,20000.0,Fully Paid,home_improvement,24.13,0.0,665.0,669.0,0.0,0.0
20000.0, 36 months,11.99,C,10+ years,MORTGAGE,60000.0,Fully Paid,debt_consolidation,34.42,0.0,715.0,719.0,0.0,0.0
34375.0, 60 months,18.2,E,,MORTGAGE,90300.0,Fully Paid,debt_consolidation,10.71,0.0,700.0,704.0,1.0,0.0
15500.0, 36 months,8.49,B,8 years,RENT,63000.0,Fully Paid,debt_consolidation,30.7,1.0,705.0,709.0,2.0,0.0
12000.0, 36 months,10.99,B,10+ years,RENT,69000.0,Fully Paid,debt_consolidation,24.03,0.0,665.0,669.0,1.0,1.0
7000.0, 36 months,11.99,C,5 years,MORTGAGE,48000.0,Fully Paid,home_improvement,38.75,0.0,735.0,739.0,0.0,0.0
8300.0, 36 months,13.67,C,1 year,MORTGAGE,28038.0,Fully Paid,other,14.98,0.0,740.0,744.0,0.0,0.0
12800.0, 36 months,13.18,C,2 years,RENT,60000.0,Charged Off,debt_consolidation,31.52,0.0,660.0,664.0,1.0,0.0
35000.0, 60 months,16.55,D,10+ years,MORTGAGE,175000.0,Fully Paid,debt_consolidation,18.7,0.0,730.0,734.0,0.0,0.0
15000.0, 36 months,12.59,C,10+ years,OWN,55000.0,Charged Off,credit_card,37.9,0.0,660.0,664.0,1.0,0.0
10000.0, 36 months,6.49,A,6 years,RENT,85000.0,Fully Paid,credit_card,13.07,0.0,685.0,689.0,1.0,1.0
15000.0, 36 months,11.48,B,3 years,RENT,61000.0,Fully Paid,debt_consolidation,7.4,0.0,700.0,704.0,1.0,0.0
3000.0, 36 months,11.99,C,9 years,RENT,35000.0,Fully Paid,vacation,6.86,0.0,735.0,739.0,0.0,0.0
5500.0, 36 months,8.18,B,2 years,MORTGAGE,75000.0,Fully Paid,home_improvement,27.67,0.0,705.0,709.0,0.0,0.0
31800.0, 36 months,11.22,B,10+ years,RENT,95000.0,Fully Paid,debt_consolidation,21.13,0.0,680.0,684.0,0.0,0.0
12000.0, 36 months,8.38,B,2 years,MORTGAGE,75000.0,Fully Paid,debt_consolidation,18.96,1.0,665.0,669.0,0.0,0.0
12000.0, 60 months,11.48,B,10+ years,RENT,76000.0,Fully Paid,debt_consolidation,4.38,0.0,665.0,669.0,0.0,1.0
3825.0, 36 months,14.85,C,3 years,MORTGAGE,30000.0,Charged Off,debt_consolidation,7.08,1.0,670.0,674.0,2.0,1.0
3600.0, 36 months,15.41,D,10+ years,MORTGAGE,28000.0,Charged Off,debt_consolidation,33.26,0.0,660.0,664.0,1.0,0.0
10000.0, 36 months,8.38,B,< 1 year,MORTGAGE,45000.0,Fully Paid,credit_card,23.2,1.0,675.0,679.0,0.0,0.0
10000.0, 36 months,17.86,D,2 years,RENT,25000.0,Charged Off,debt_consolidation,39.41,0.0,670.0,674.0,2.0,0.0
25000.0, 36 months,15.41,D,10+ years,MORTGAGE,79300.0,Charged Off,debt_consolidation,15.23,0.0,670.0,674.0,1.0,0.0
16800.0, 60 months,14.33,C,10+ years,OWN,44000.0,Fully Paid,medical,35.0,1.0,750.0,754.0,1.0,0.0
5000.0, 36 months,6.89,A,10+ years,MORTGAGE,40000.0,Fully Paid,debt_consolidation,29.64,0.0,750.0,754.0,0.0,0.0
13050.0, 36 months,12.59,C,4 years,RENT,71000.0,Fully Paid,credit_card,19.64,0.0,675.0,679.0,0.0,0.0
35000.0, 60 months,16.55,D,2 years,MORTGAGE,78000.0,Fully Paid,home_improvement,8.41,0.0,745.0,749.0,0.0,0.0
30000.0, 60 months,18.49,E,< 1 year,MORTGAGE,73000.0,Charged Off,other,17.01,0.0,660.0,664.0,2.0,0.0
20000.0, 36 months,11.22,B,5 years,RENT,100000.0,Fully Paid,house,12.12,0.0,685.0,689.0,0.0,0.0
6025.0, 36 months,16.99,D,10+ years,RENT,78000.0,Fully Paid,car,9.2,2.0,665.0,669.0,0.0,0.0
8950.0, 36 months,13.67,C,< 1 year,RENT,62400.0,Fully Paid,debt_consolidation,11.0,0.0,715.0,719.0,0.0,0.0
16000.0, 60 months,15.41,D,6 years,MORTGAGE,88000.0,Fully Paid,debt_consolidation,26.26,0.0,680.0,684.0,2.0,0.0
10000.0, 36 months,11.49,B,< 1 year,RENT,53500.0,Fully Paid,debt_consolidation,21.13,0.0,660.0,664.0,2.0,0.0
12000.0, 60 months,13.67,C,7 years,MORTGAGE,52000.0,Charged Off,debt_consolidation,19.96,1.0,665.0,669.0,0.0,0.0
16000.0, 36 months,17.27,D,6 years,RENT,54000.0,Fully Paid,debt_consolidation,20.73,0.0,715.0,719.0,1.0,0.0
7900.0, 36 months,15.41,D,10+ years,OWN,70000.0,Fully Paid,debt_consolidation,37.05,0.0,670.0,674.0,0.0,0.0
12000.0, 36 months,8.38,B,,MORTGAGE,57000.0,Fully Paid,credit_card,12.17,0.0,680.0,684.0,0.0,0.0
35000.0, 36 months,11.22,B,10+ years,MORTGAGE,155000.0,Fully Paid,debt_consolidation,19.06,0.0,710.0,714.0,2.0,0.0
4000.0, 36 months,14.33,C,4 years,OWN,59000.0,Fully Paid,debt_consolidation,13.2,1.0,720.0,724.0,0.0,0.0
18250.0, 36 months,17.57,D,9 years,OWN,97000.0,Fully Paid,debt_consolidation,11.36,0.0,670.0,674.0,1.0,1.0
20400.0, 36 months,13.18,C,9 years,RENT,58000.0,Fully Paid,debt_consolidation,16.24,1.0,660.0,664.0,0.0,1.0
8000.0, 36 months,7.26,A,< 1 year,MORTGAGE,55000.0,Fully Paid,home_improvement,26.34,0.0,705.0,709.0,1.0,0.0
24000.0, 36 months,7.26,A,5 years,RENT,115000.0,Fully Paid,debt_consolidation,9.04,0.0,710.0,714.0,1.0,0.0
35000.0, 36 months,16.55,D,8 years,MORTGAGE,122360.0,Fully Paid,debt_consolidation,15.78,1.0,675.0,679.0,1.0,0.0
15000.0, 36 months,9.76,B,10+ years,OWN,120000.0,Fully Paid,credit_card,11.91,0.0,665.0,669.0,0.0,0.0
12000.0, 36 months,5.32,A,3 years,MORTGAGE,72500.0,Fully Paid,other,2.71,0.0,745.0,749.0,0.0,0.0
11600.0, 36 months,18.99,E,7 years,MORTGAGE,29000.0,Fully Paid,home_improvement,28.44,0.0,680.0,684.0,1.0,0.0
35000.0, 60 months,21.99,F,8 years,RENT,144000.0,Fully Paid,debt_consolidation,18.69,0.0,675.0,679.0,0.0,0.0
35000.0, 36 months,10.78,B,10+ years,MORTGAGE,110000.0,Fully Paid,credit_card,25.38,0.0,705.0,709.0,1.0,0.0
10000.0, 60 months,14.48,C,10+ years,MORTGAGE,27072.0,Charged Off,debt_consolidation,39.65,0.0,720.0,724.0,1.0,2.0
35000.0, 60 months,17.86,D,2 years,MORTGAGE,180000.0,Fully Paid,debt_consolidation,7.99,0.0,680.0,684.0,0.0,2.0
5300.0, 36 months,10.78,B,< 1 year,OWN,17000.0,Fully Paid,debt_consolidation,14.41,2.0,660.0,664.0,0.0,0.0
35000.0, 60 months,16.55,D,2 years,MORTGAGE,100000.0,Fully Paid,debt_consolidation,16.68,1.0,685.0,689.0,0.0,0.0
5500.0, 36 months,6.24,A,10+ years,RENT,80000.0,Fully Paid,credit_card,18.94,0.0,730.0,734.0,0.0,0.0
6000.0, 36 months,8.38,B,< 1 year,RENT,55118.72,Fully Paid,credit_card,18.7,0.0,685.0,689.0,2.0,0.0
15000.0, 36 months,8.18,B,5 years,MORTGAGE,46000.0,Fully Paid,debt_consolidation,6.13,0.0,670.0,674.0,1.0,1.0
20000.0, 60 months,7.26,A,< 1 year,MORTGAGE,90000.0,Fully Paid,debt_consolidation,24.95,0.0,770.0,774.0,0.0,0.0
1750.0, 36 months,14.48,C,,RENT,44156.0,Charged Off,debt_consolidation,13.37,0.0,660.0,664.0,0.0,2.0
35000.0, 36 months,9.99,B,10+ years,OWN,80000.0,Charged Off,credit_card,6.3,0.0,700.0,704.0,0.0,0.0
5900.0, 36 months,18.49,E,3 years,RENT,28000.0,Charged Off,debt_consolidation,33.95,0.0,700.0,704.0,1.0,0.0
20000.0, 60 months,14.48,C,10+ years,MORTGAGE,65000.0,Fully Paid,credit_card,24.61,0.0,675.0,679.0,1.0,0.0
2000.0, 36 months,12.59,C,10+ years,MORTGAGE,60000.0,Fully Paid,home_improvement,9.54,0.0,670.0,674.0,2.0,1.0
4000.0, 36 months,13.67,C,4 years,RENT,49257.0,Charged Off,debt_consolidation,31.6,0.0,670.0,674.0,1.0,0.0
18000.0, 36 months,11.48,B,10+ years,MORTGAGE,220000.0,Fully Paid,debt_consolidation,19.56,0.0,700.0,704.0,1.0,0.0
3000.0, 36 months,14.48,C,5 years,MORTGAGE,50000.0,Charged Off,other,12.99,0.0,660.0,664.0,1.0,0.0
4100.0, 36 months,14.33,C,10+ years,MORTGAGE,72000.0,Fully Paid,debt_consolidation,31.96,0.0,700.0,704.0,0.0,0.0
18000.0, 36 months,10.78,B,3 years,MORTGAGE,68000.0,Fully Paid,credit_card,9.75,0.0,660.0,664.0,0.0,1.0
35000.0, 36 months,16.99,D,10+ years,MORTGAGE,80000.0,Fully Paid,debt_consolidation,19.68,0.0,685.0,689.0,1.0,0.0
33000.0, 36 months,13.67,C,< 1 year,RENT,75000.0,Fully Paid,debt_consolidation,28.82,0.0,670.0,674.0,0.0,1.0
20000.0, 36 months,7.89,A,2 years,RENT,89400.0,Fully Paid,debt_consolidation,19.2,1.0,720.0,724.0,0.0,0.0
5400.0, 36 months,10.64,B,,OWN,23200.0,Fully Paid,debt_consolidation,28.61,0.0,675.0,679.0,2.0,0.0
1600.0, 36 months,9.76,B,< 1 year,RENT,60000.0,Fully Paid,debt_consolidation,7.26,4.0,665.0,669.0,0.0,0.0
12000.0, 60 months,13.18,C,10+ years,RENT,38000.0,Charged Off,debt_consolidation,25.46,0.0,690.0,694.0,1.0,0.0
30000.0, 36 months,8.38,B,2 years,MORTGAGE,200000.0,Fully Paid,debt_consolidation,15.29,0.0,715.0,719.0,0.0,0.0
25000.0, 36 months,7.26,A,10+ years,MORTGAGE,140000.0,Fully Paid,debt_consolidation,15.89,0.0,765.0,769.0,0.0,0.0
10000.0, 36 months,12.59,C,7 years,RENT,50000.0,Charged Off,credit_card,38.09,0.0,660.0,664.0,0.0,1.0
16000.0, 60 months,13.18,C,10+ years,RENT,40000.0,Fully Paid,credit_card,33.74,2.0,670.0,674.0,0.0,0.0
2400.0, 36 months,12.59,C,4 years,RENT,58250.0,Fully Paid,debt_consolidation,22.46,0.0,705.0,709.0,1.0,1.0
8000.0, 36 months,9.99,B,10+ years,RENT,40000.0,Charged Off,debt_consolidation,15.06,0.0,675.0,679.0,0.0,0.0
9050.0, 36 months,14.33,C,1 year,RENT,40000.0,Charged Off,debt_consolidation,13.71,1.0,665.0,669.0,1.0,0.0
14600.0, 36 months,14.48,C,< 1 year,MORTGAGE,43000.0,Fully Paid,credit_card,32.54,0.0,660.0,664.0,0.0,0.0
9000.0, 36 months,9.76,B,4 years,MORTGAGE,60000.0,Fully Paid,debt_consolidation,31.9,0.0,675.0,679.0,0.0,0.0
3500.0, 36 months,7.89,A,6 years,MORTGAGE,90000.0,Fully Paid,credit_card,28.76,0.0,775.0,779.0,0.0,0.0
10000.0, 36 months,11.99,C,4 years,RENT,43000.0,Fully Paid,other,34.61,0.0,695.0,699.0,0.0,0.0
24500.0, 36 months,8.38,B,10+ years,MORTGAGE,145000.0,Fully Paid,credit_card,12.44,0.0,680.0,684.0,1.0,0.0
10000.0, 60 months,13.18,C,10+ years,RENT,49592.0,Charged Off,debt_consolidation,33.66,0.0,795.0,799.0,1.0,0.0
12000.0, 36 months,13.18,C,10+ years,RENT,47000.0,Fully Paid,debt_consolidation,15.7,0.0,670.0,674.0,1.0,0.0
8000.0, 36 months,8.38,B,8 years,RENT,75000.0,Fully Paid,debt_consolidation,20.0,0.0,715.0,719.0,1.0,0.0
20000.0, 36 months,9.17,B,5 years,MORTGAGE,100000.0,Fully Paid,debt_consolidation,25.85,0.0,720.0,724.0,0.0,0.0
13325.0, 36 months,9.76,B,10+ years,MORTGAGE,76000.0,Fully Paid,credit_card,22.39,0.0,660.0,664.0,0.0,2.0
15000.0, 36 months,6.89,A,8 years,MORTGAGE,60732.0,Fully Paid,debt_consolidation,24.07,0.0,730.0,734.0,2.0,0.0
16000.0, 60 months,10.64,B,10+ years,MORTGAGE,62500.0,Fully Paid,credit_card,14.46,0.0,695.0,699.0,0.0,0.0
16000.0, 36 months,9.99,B,8 years,MORTGAGE,110000.0,Fully Paid,credit_card,11.98,0.0,670.0,674.0,0.0,0.0
25000.0, 36 months,7.89,A,10+ years,MORTGAGE,98000.0,Fully Paid,debt_consolidation,27.53,0.0,715.0,719.0,0.0,0.0
10000.0, 36 months,6.24,A,3 years,RENT,90000.0,Fully Paid,debt_consolidation,20.58,0.0,705.0,709.0,0.0,1.0
28000.0, 36 months,12.59,C,3 years,MORTGAGE,144000.0,Fully Paid,debt_consolidation,27.24,0.0,710.0,714.0,1.0,0.0
12000.0, 36 months,16.99,D,10+ years,RENT,26500.0,Fully Paid,debt_consolidation,25.95,0.0,705.0,709.0,0.0,0.0
20000.0, 36 months,11.99,C,3 years,MORTGAGE,50000.0,Fully Paid,credit_card,27.7,0.0,710.0,714.0,0.0,0.0
3600.0, 36 months,14.48,C,8 years,MORTGAGE,46000.0,Fully Paid,vacation,37.23,1.0,665.0,669.0,0.0,0.0
2000.0, 36 months,9.8,B,10+ years,MORTGAGE,52500.0,Charged Off,moving,25.01,0.0,700.0,704.0,0.0,0.0
10000.0, 36 months,11.99,C,7 years,RENT,44000.0,Fully Paid,debt_consolidation,3.79,0.0,705.0,709.0,2.0,6.0
18125.0, 60 months,19.99,E,2 years,RENT,45000.0,Charged Off,debt_consolidation,23.44,0.0,710.0,714.0,2.0,1.0
11200.0, 36 months,14.48,C,10+ years,RENT,35000.0,Charged Off,credit_card,25.31,1.0,665.0,669.0,0.0,0.0
7000.0, 36 months,12.59,C,6 years,MORTGAGE,80000.0,Fully Paid,debt_consolidation,14.75,0.0,660.0,664.0,1.0,1.0
6500.0, 36 months,10.64,B,8 years,OWN,27000.0,Fully Paid,debt_consolidation,20.84,0.0,670.0,674.0,0.0,0.0
10000.0, 36 months,11.22,B,< 1 year,MORTGAGE,70000.0,Fully Paid,debt_consolidation,25.8,0.0,670.0,674.0,0.0,0.0
15825.0, 60 months,21.99,F,3 years,RENT,44000.0,Fully Paid,debt_consolidation,3.06,0.0,725.0,729.0,1.0,0.0
5000.0, 36 months,7.26,A,,OWN,36840.0,Fully Paid,debt_consolidation,9.87,0.0,705.0,709.0,0.0,0.0
25000.0, 60 months,15.41,D,10+ years,MORTGAGE,115000.0,Charged Off,debt_consolidation,33.39,0.0,685.0,689.0,1.0,0.0
25000.0, 36 months,6.89,A,10+ years,MORTGAGE,180000.0,Fully Paid,debt_consolidation,24.42,0.0,695.0,699.0,0.0,1.0
10000.0, 36 months,9.17,B,4 years,MORTGAGE,60000.0,Fully Paid,home_improvement,7.52,0.0,660.0,664.0,0.0,1.0
16625.0, 36 months,13.18,C,10+ years,RENT,45000.0,Charged Off,debt_consolidation,24.05,1.0,685.0,689.0,0.0,0.0
3000.0, 36 months,12.59,C,1 year,RENT,36148.0,Fully Paid,debt_consolidation,25.86,1.0,660.0,664.0,1.0,0.0
23525.0, 60 months,15.41,D,10+ years,MORTGAGE,69700.0,Fully Paid,debt_consolidation,36.43,0.0,770.0,774.0,0.0,0.0
24000.0, 60 months,9.17,B,< 1 year,MORTGAGE,100000.0,Fully Paid,home_improvement,16.97,2.0,725.0,729.0,0.0,0.0
8000.0, 36 months,8.38,B,,MORTGAGE,30000.0,Fully Paid,credit_card,21.12,0.0,670.0,674.0,0.0,1.0
19200.0, 36 months,15.41,D,10+ years,MORTGAGE,100000.0,Fully Paid,major_purchase,3.52,2.0,710.0,714.0,1.0,0.0
19200.0, 36 months,7.26,A,4 years,OWN,79065.0,Fully Paid,debt_consolidation,23.57,0.0,710.0,714.0,1.0,0.0
18000.0, 60 months,11.99,C,5 years,RENT,92560.0,Fully Paid,debt_consolidation,10.68,1.0,675.0,679.0,0.0,0.0
6000.0, 36 months,11.22,B,10+ years,MORTGAGE,47896.0,Charged Off,home_improvement,19.57,0.0,720.0,724.0,0.0,0.0
12000.0, 36 months,8.38,B,4 years,RENT,65000.0,Fully Paid,credit_card,14.68,6.0,670.0,674.0,2.0,0.0
9600.0, 36 months,9.76,B,10+ years,RENT,30000.0,Charged Off,debt_consolidation,14.4,0.0,715.0,719.0,0.0,0.0
12450.0, 60 months,17.57,D,10+ years,MORTGAGE,112000.0,Charged Off,home_improvement,21.65,0.0,700.0,704.0,0.0,0.0
20000.0, 60 months,11.22,B,< 1 year,OWN,55000.0,Fully Paid,credit_card,23.02,1.0,670.0,674.0,0.0,0.0
2500.0, 36 months,13.18,C,8 years,MORTGAGE,90000.0,Fully Paid,other,32.05,0.0,665.0,669.0,1.0,0.0
35000.0, 60 months,17.86,D,10+ years,MORTGAGE,129734.0,Fully Paid,debt_consolidation,15.17,0.0,720.0,724.0,0.0,0.0
14275.0, 60 months,19.89,E,< 1 year,RENT,42000.0,Charged Off,debt_consolidation,29.2,0.0,680.0,684.0,0.0,0.0
11450.0, 36 months,5.32,A,10+ years,RENT,110000.0,Fully Paid,other,15.98,0.0,730.0,734.0,0.0,2.0
35000.0, 60 months,13.99,C,4 years,MORTGAGE,124000.0,Fully Paid,debt_consolidation,19.31,0.0,700.0,704.0,0.0,1.0
13000.0, 36 months,11.22,B,< 1 year,OWN,45000.0,Fully Paid,debt_consolidation,17.31,0.0,670.0,674.0,0.0,0.0
10000.0, 36 months,9.17,B,10+ years,OWN,50000.0,Fully Paid,credit_card,6.02,0.0,660.0,664.0,0.0,1.0
7000.0, 36 months,13.99,C,2 years,RENT,83000.0,Fully Paid,debt_consolidation,21.96,0.0,680.0,684.0,0.0,0.0
20000.0, 36 months,13.18,C,2 years,OWN,70000.0,Fully Paid,debt_consolidation,20.81,0.0,670.0,674.0,1.0,0.0
20000.0, 60 months,17.86,D,< 1 year,OWN,140000.0,Charged Off,debt_consolidation,10.17,0.0,675.0,679.0,1.0,0.0
11500.0, 36 months,12.88,C,< 1 year,OWN,75000.0,Fully Paid,debt_consolidation,11.57,1.0,675.0,679.0,1.0,1.0
15000.0, 60 months,13.67,C,< 1 year,MORTGAGE,60000.0,Fully Paid,debt_consolidation,15.96,0.0,710.0,714.0,1.0,1.0
14000.0, 36 months,10.99,B,10+ years,RENT,100000.0,Fully Paid,credit_card,28.0,0.0,690.0,694.0,1.0,0.0
32850.0, 36 months,16.55,D,4 years,MORTGAGE,300000.0,Fully Paid,home_improvement,7.59,0.0,715.0,719.0,0.0,1.0
6000.0, 36 months,9.17,B,5 years,RENT,75000.0,Fully Paid,credit_card,19.38,1.0,665.0,669.0,1.0,0.0
12000.0, 36 months,15.77,D,4 years,OWN,52000.0,Fully Paid,house,5.73,0.0,675.0,679.0,1.0,0.0
12000.0, 60 months,21.99,F,10+ years,OWN,64199.0,Charged Off,other,14.68,0.0,675.0,679.0,0.0,1.0
8400.0, 36 months,10.99,B,4 years,MORTGAGE,110000.0,Fully Paid,debt_consolidation,16.94,0.0,675.0,679.0,0.0,0.0
20000.0, 36 months,7.26,A,10+ years,RENT,62000.0,Fully Paid,credit_card,13.07,0.0,680.0,684.0,0.0,0.0
14000.0, 60 months,13.67,C,6 years,OWN,100000.0,Charged Off,debt_consolidation,22.45,0.0,675.0,679.0,0.0,1.0
30000.0, 36 months,7.89,A,10+ years,MORTGAGE,117984.0,Fully Paid,credit_card,20.18,0.0,680.0,684.0,0.0,2.0
24000.0, 60 months,12.59,C,9 years,RENT,89000.0,Fully Paid,debt_consolidation,19.14,1.0,700.0,704.0,0.0,0.0
28875.0, 36 months,17.57,D,6 years,MORTGAGE,75000.0,Fully Paid,debt_consolidation,33.9,0.0,690.0,694.0,0.0,0.0
12000.0, 60 months,16.55,D,4 years,MORTGAGE,34560.0,Charged Off,debt_consolidation,14.13,0.0,675.0,679.0,1.0,0.0
9025.0, 36 months,13.99,C,10+ years,RENT,58000.0,Fully Paid,debt_consolidation,24.85,0.0,660.0,664.0,0.0,1.0
35000.0, 36 months,18.99,E,< 1 year,RENT,110000.0,Fully Paid,debt_consolidation,17.39,0.0,670.0,674.0,0.0,0.0
11225.0, 36 months,16.99,D,10+ years,MORTGAGE,52000.0,Fully Paid,debt_consolidation,25.73,1.0,670.0,674.0,3.0,0.0
5000.0, 36 months,11.22,B,1 year,RENT,22000.0,Fully Paid,debt_consolidation,9.49,0.0,665.0,669.0,2.0,1.0
12000.0, 36 months,12.59,C,10+ years,MORTGAGE,58000.0,Fully Paid,debt_consolidation,24.97,0.0,690.0,694.0,2.0,0.0
4200.0, 36 months,10.64,B,< 1 year,RENT,37440.0,Fully Paid,credit_card,11.76,0.0,670.0,674.0,0.0,2.0
5000.0, 36 months,14.48,C,2 years,RENT,44000.0,Charged Off,debt_consolidation,25.89,1.0,675.0,679.0,3.0,0.0
10100.0, 60 months,23.99,F,5 years,MORTGAGE,62000.0,Charged Off,debt_consolidation,29.07,0.0,670.0,674.0,3.0,1.0
30000.0, 36 months,6.24,A,9 years,RENT,193600.0,Fully Paid,debt_consolidation,10.69,0.0,770.0,774.0,0.0,0.0
18000.0, 36 months,10.64,B,3 years,RENT,110000.0,Fully Paid,debt_consolidation,4.57,0.0,665.0,669.0,3.0,0.0
11500.0, 36 months,5.32,A,10+ years,MORTGAGE,151000.0,Fully Paid,credit_card,18.99,0.0,770.0,774.0,1.0,0.0
15000.0, 36 months,13.18,C,< 1 year,MORTGAGE,55000.0,Fully Paid,debt_consolidation,36.02,0.0,695.0,699.0,0.0,0.0
10000.0, 36 months,8.38,B,6 years,RENT,64000.0,Fully Paid,debt_consolidation,18.28,0.0,660.0,664.0,0.0,0.0
10000.0, 36 months,7.26,A,10+ years,MORTGAGE,80000.0,Fully Paid,debt_consolidation,17.96,1.0,735.0,739.0,1.0,0.0
10000.0, 36 months,11.22,B,2 years,RENT,45000.0,Fully Paid,credit_card,15.12,0.0,695.0,699.0,0.0,0.0
10000.0, 36 months,11.22,B,4 years,OWN,44000.0,Fully Paid,debt_consolidation,15.98,0.0,670.0,674.0,0.0,1.0
16000.0, 60 months,12.88,C,6 years,RENT,50000.0,Charged Off,debt_consolidation,19.39,0.0,700.0,704.0,0.0,0.0
10000.0, 36 months,7.89,A,3 years,MORTGAGE,68000.0,Fully Paid,debt_consolidation,14.14,0.0,685.0,689.0,1.0,0.0
35000.0, 36 months,13.18,C,4 years,RENT,180000.0,Fully Paid,debt_consolidation,7.27,0.0,660.0,664.0,1.0,7.0
15000.0, 36 months,12.59,C,5 years,MORTGAGE,84800.0,Fully Paid,debt_consolidation,12.87,0.0,680.0,684.0,0.0,0.0
20000.0, 60 months,13.18,C,2 years,OWN,50000.0,Fully Paid,car,27.7,0.0,705.0,709.0,0.0,0.0
30000.0, 36 months,13.99,C,< 1 year,RENT,100000.0,Fully Paid,debt_consolidation,22.62,0.0,680.0,684.0,0.0,0.0
35000.0, 60 months,16.99,D,1 year,RENT,92101.0,Fully Paid,credit_card,17.62,0.0,680.0,684.0,0.0,0.0
11500.0, 36 months,10.64,B,7 years,RENT,33500.0,Fully Paid,credit_card,29.85,0.0,680.0,684.0,0.0,1.0
30000.0, 36 months,13.18,C,4 years,RENT,78924.0,Charged Off,debt_consolidation,39.73,0.0,680.0,684.0,0.0,0.0
12000.0, 36 months,9.76,B,3 years,RENT,60000.0,Fully Paid,other,10.72,1.0,685.0,689.0,0.0,0.0
4000.0, 36 months,9.17,B,2 years,RENT,40000.0,Fully Paid,debt_consolidation,3.83,0.0,675.0,679.0,0.0,0.0
2400.0, 36 months,10.64,B,2 years,MORTGAGE,40000.0,Fully Paid,debt_consolidation,14.73,0.0,700.0,704.0,2.0,0.0
4675.0, 36 months,17.27,D,< 1 year,MORTGAGE,13000.0,Fully Paid,credit_card,34.07,1.0,675.0,679.0,1.0,0.0
15000.0, 36 months,9.76,B,3 years,RENT,100000.0,Fully Paid,credit_card,9.7,0.0,660.0,664.0,0.0,0.0
16700.0, 36 months,8.49,B,< 1 year,MORTGAGE,42000.0,Charged Off,debt_consolidation,19.66,0.0,690.0,694.0,1.0,0.0
13675.0, 60 months,17.57,D,,MORTGAGE,36000.0,Fully Paid,credit_card,29.7,0.0,665.0,669.0,0.0,1.0
30000.0, 60 months,13.67,C,10+ years,MORTGAGE,92500.0,Fully Paid,credit_card,14.5,2.0,680.0,684.0,1.0,0.0
6000.0, 36 months,11.22,B,2 years,RENT,46000.0,Fully Paid,debt_consolidation,20.17,0.0,680.0,684.0,2.0,0.0
22000.0, 36 months,5.32,A,10+ years,MORTGAGE,126000.0,Fully Paid,home_improvement,28.99,0.0,695.0,699.0,0.0,0.0
6000.0, 36 months,11.48,B,7 years,OWN,270000.0,Fully Paid,home_improvement,11.14,0.0,660.0,664.0,2.0,0.0
7000.0, 36 months,7.89,A,2 years,RENT,50000.0,Fully Paid,debt_consolidation,11.86,0.0,715.0,719.0,0.0,0.0
25000.0, 36 months,6.24,A,1 year,RENT,185000.0,Fully Paid,debt_consolidation,13.2,1.0,700.0,704.0,0.0,0.0
25000.0, 36 months,16.99,D,9 years,MORTGAGE,77000.0,Charged Off,debt_consolidation,18.7,0.0,665.0,669.0,0.0,0.0
28000.0, 36 months,5.32,A,3 years,OWN,140000.0,Fully Paid,debt_consolidation,6.52,0.0,765.0,769.0,0.0,0.0
12000.0, 36 months,9.76,B,3 years,MORTGAGE,60000.0,Fully Paid,debt_consolidation,12.26,0.0,660.0,664.0,0.0,1.0
15000.0, 60 months,11.48,B,< 1 year,MORTGAGE,85000.0,Fully Paid,debt_consolidation,18.11,1.0,675.0,679.0,2.0,0.0
5000.0, 36 months,13.18,C,8 years,RENT,45000.0,Fully Paid,debt_consolidation,17.05,0.0,660.0,664.0,4.0,0.0
17400.0, 36 months,7.89,A,10+ years,MORTGAGE,110000.0,Fully Paid,home_improvement,12.81,0.0,735.0,739.0,0.0,0.0
14400.0, 60 months,17.86,D,4 years,MORTGAGE,130000.0,Fully Paid,debt_consolidation,13.46,1.0,670.0,674.0,0.0,0.0
22000.0, 60 months,17.97,D,10+ years,MORTGAGE,57000.0,Fully Paid,debt_consolidation,29.12,0.0,680.0,684.0,2.0,0.0
17000.0, 36 months,6.24,A,7 years,MORTGAGE,140000.0,Fully Paid,credit_card,7.71,0.0,710.0,714.0,0.0,0.0
3300.0, 36 months,13.67,C,2 years,MORTGAGE,21632.0,Fully Paid,debt_consolidation,33.57,0.0,685.0,689.0,0.0,0.0
27275.0, 60 months,21.48,E,6 years,RENT,62000.0,Charged Off,debt_consolidation,14.75,0.0,670.0,674.0,0.0,0.0
15000.0, 36 months,7.89,A,3 years,RENT,108500.0,Fully Paid,debt_consolidation,5.11,0.0,695.0,699.0,0.0,1.0
20000.0, 36 months,14.48,C,10+ years,MORTGAGE,85000.0,Fully Paid,home_improvement,21.79,0.0,670.0,674.0,0.0,0.0
4000.0, 36 months,13.67,C,10+ years,MORTGAGE,55000.0,Fully Paid,debt_consolidation,24.98,0.0,670.0,674.0,1.0,0.0
5000.0, 36 months,12.88,C,8 years,RENT,85000.0,Fully Paid,car,16.17,0.0,700.0,704.0,2.0,1.0
5000.0, 36 months,13.18,C,2 years,RENT,26000.0,Fully Paid,debt_consolidation,16.3,0.0,665.0,669.0,0.0,0.0
4300.0, 36 months,15.77,D,5 years,RENT,30000.0,Fully Paid,car,9.76,2.0,665.0,669.0,1.0,1.0
11000.0, 36 months,16.59,D,6 years,RENT,25000.0,Fully Paid,debt_consolidation,15.41,1.0,690.0,694.0,0.0,0.0
20000.0, 60 months,14.48,C,10+ years,MORTGAGE,110000.0,Fully Paid,debt_consolidation,22.98,4.0,660.0,664.0,3.0,0.0
35000.0, 36 months,12.59,C,1 year,OWN,86000.0,Charged Off,credit_card,16.01,0.0,720.0,724.0,0.0,0.0
6000.0, 36 months,13.67,C,,OWN,55000.0,Fully Paid,debt_consolidation,14.82,0.0,660.0,664.0,0.0,1.0
8400.0, 36 months,10.78,B,3 years,MORTGAGE,70000.0,Fully Paid,credit_card,17.4,0.0,660.0,664.0,2.0,0.0
8200.0, 36 months,16.59,D,3 years,MORTGAGE,79000.0,Fully Paid,debt_consolidation,0.76,1.0,670.0,674.0,1.0,0.0
10000.0, 36 months,14.48,C,< 1 year,OWN,90000.0,Fully Paid,credit_card,14.47,1.0,660.0,664.0,0.0,0.0
16000.0, 36 months,7.91,A,10+ years,MORTGAGE,82000.0,Fully Paid,credit_card,17.12,0.0,720.0,724.0,0.0,0.0
21000.0, 60 months,6.0,C,10+ years,OWN,140000.0,Fully Paid,debt_consolidation,9.66,0.0,680.0,684.0,0.0,0.0
5000.0, 36 months,7.89,A,10+ years,MORTGAGE,80000.0,Fully Paid,home_improvement,16.77,0.0,725.0,729.0,0.0,1.0
3000.0, 36 months,7.49,A,10+ years,RENT,45000.0,Fully Paid,other,21.63,0.0,740.0,744.0,1.0,0.0
10000.0, 60 months,13.67,C,6 years,MORTGAGE,60000.0,Fully Paid,debt_consolidation,13.76,0.0,680.0,684.0,1.0,2.0
10000.0, 36 months,9.17,B,5 years,RENT,54000.0,Fully Paid,credit_card,17.8,0.0,720.0,724.0,1.0,0.0
10000.0, 60 months,13.18,C,2 years,OWN,52000.0,Charged Off,debt_consolidation,15.28,2.0,690.0,694.0,0.0,0.0
14000.0, 60 months,12.59,C,10+ years,RENT,140000.0,Charged Off,debt_consolidation,8.13,0.0,680.0,684.0,1.0,0.0
3125.0, 36 months,24.99,F,6 years,OWN,32000.0,Fully Paid,medical,24.34,0.0,680.0,684.0,2.0,0.0
15600.0, 36 months,10.78,B,6 years,MORTGAGE,120000.0,Charged Off,home_improvement,7.4,0.0,660.0,664.0,0.0,1.0
16000.0, 60 months,12.59,C,10+ years,MORTGAGE,63653.75,Charged Off,debt_consolidation,30.35,1.0,695.0,699.0,0.0,0.0
10000.0, 36 months,6.99,A,10+ years,OWN,39000.0,Fully Paid,debt_consolidation,16.25,0.0,725.0,729.0,1.0,0.0
13000.0, 36 months,8.18,B,10+ years,MORTGAGE,65000.0,Fully Paid,credit_card,15.32,2.0,675.0,679.0,0.0,0.0
28000.0, 36 months,6.89,A,6 years,MORTGAGE,114782.0,Charged Off,debt_consolidation,28.6,0.0,760.0,764.0,1.0,0.0
8000.0, 36 months,6.24,A,2 years,RENT,75000.0,Fully Paid,credit_card,12.62,1.0,690.0,694.0,0.0,0.0
5000.0, 36 months,7.89,A,8 years,MORTGAGE,50000.0,Fully Paid,debt_consolidation,18.55,1.0,705.0,709.0,2.0,0.0
6025.0, 36 months,9.76,B,,RENT,18000.0,Fully Paid,credit_card,32.47,0.0,660.0,664.0,3.0,1.0
18000.0, 60 months,12.59,C,6 years,MORTGAGE,112000.0,Fully Paid,home_improvement,32.12,0.0,720.0,724.0,0.0,0.0
2400.0, 36 months,13.67,C,5 years,MORTGAGE,36400.0,Fully Paid,credit_card,11.37,0.0,660.0,664.0,0.0,0.0
13525.0, 60 months,15.41,D,3 years,MORTGAGE,35000.0,Charged Off,debt_consolidation,21.36,4.0,675.0,679.0,0.0,0.0
5600.0, 36 months,10.78,B,10+ years,OWN,46000.0,Fully Paid,credit_card,13.18,0.0,660.0,664.0,0.0,0.0
16000.0, 36 months,9.17,B,10+ years,MORTGAGE,90000.0,Fully Paid,debt_consolidation,34.22,1.0,685.0,689.0,2.0,0.0
10000.0, 36 months,13.18,C,< 1 year,RENT,35000.0,Fully Paid,debt_consolidation,19.2,0.0,685.0,689.0,0.0,0.0
10000.0, 36 months,7.26,A,10+ years,MORTGAGE,45000.0,Fully Paid,credit_card,25.87,3.0,705.0,709.0,1.0,0.0
4700.0, 36 months,10.64,B,4 years,RENT,67000.0,Fully Paid,debt_consolidation,3.12,0.0,670.0,674.0,1.0,0.0
10000.0, 36 months,8.18,B,9 years,MORTGAGE,95000.0,Fully Paid,credit_card,7.07,0.0,670.0,674.0,0.0,1.0
19350.0, 60 months,18.49,E,< 1 year,MORTGAGE,180000.0,Fully Paid,debt_consolidation,15.89,0.0,695.0,699.0,2.0,1.0
35000.0, 36 months,7.89,A,10+ years,OWN,97500.0,Fully Paid,debt_consolidation,18.26,0.0,800.0,804.0,1.0,0.0
27225.0, 60 months,18.99,E,2 years,RENT,105000.0,Fully Paid,debt_consolidation,24.59,0.0,695.0,699.0,0.0,0.0
9700.0, 36 months,7.26,A,7 years,MORTGAGE,77000.0,Fully Paid,debt_consolidation,10.63,0.0,710.0,714.0,0.0,0.0
21600.0, 36 months,8.38,B,4 years,RENT,115000.0,Fully Paid,debt_consolidation,17.95,0.0,695.0,699.0,0.0,0.0
5000.0, 36 months,6.89,A,9 years,OWN,105565.0,Fully Paid,credit_card,8.58,0.0,685.0,689.0,0.0,1.0
25000.0, 60 months,10.64,B,10+ years,MORTGAGE,91000.0,Fully Paid,debt_consolidation,19.71,0.0,790.0,794.0,1.0,0.0
7000.0, 36 months,11.99,C,3 years,RENT,45000.0,Fully Paid,credit_card,11.09,0.0,670.0,674.0,0.0,0.0
5000.0, 36 months,6.24,A,3 years,MORTGAGE,58000.0,Fully Paid,credit_card,19.03,1.0,720.0,724.0,0.0,0.0
25000.0, 36 months,15.77,D,7 years,MORTGAGE,105000.0,Charged Off,home_improvement,10.19,0.0,665.0,669.0,1.0,1.0
25000.0, 60 months,24.99,F,10+ years,MORTGAGE,56000.0,Charged Off,debt_consolidation,8.62,1.0,670.0,674.0,1.0,0.0
21000.0, 36 months,5.32,A,5 years,RENT,149000.0,Fully Paid,debt_consolidation,10.07,0.0,715.0,719.0,0.0,0.0
11225.0, 60 months,25.99,F,10+ years,RENT,87000.0,Charged Off,debt_consolidation,6.34,0.0,670.0,674.0,4.0,0.0
7375.0, 36 months,11.99,C,5 years,MORTGAGE,38000.0,Fully Paid,debt_consolidation,26.76,0.0,675.0,679.0,0.0,0.0
3000.0, 36 months,13.18,C,< 1 year,RENT,40000.0,Charged Off,debt_consolidation,12.78,0.0,675.0,679.0,2.0,0.0
12000.0, 36 months,11.22,B,10+ years,RENT,65000.0,Fully Paid,small_business,6.91,1.0,710.0,714.0,0.0,0.0
10000.0, 36 months,9.17,B,,RENT,30000.0,Fully Paid,medical,12.76,0.0,715.0,719.0,0.0,1.0
14000.0, 36 months,9.99,B,4 years,OWN,80000.0,Fully Paid,debt_consolidation,19.08,0.0,675.0,679.0,0.0,0.0
18000.0, 60 months,9.76,B,3 years,MORTGAGE,130000.0,Fully Paid,debt_consolidation,9.33,0.0,690.0,694.0,3.0,0.0
35000.0, 60 months,16.99,D,10+ years,MORTGAGE,120000.0,Fully Paid,debt_consolidation,30.61,0.0,665.0,669.0,1.0,0.0
20000.0, 36 months,13.67,C,1 year,RENT,56000.0,Fully Paid,debt_consolidation,28.57,0.0,665.0,669.0,0.0,0.0
24000.0, 36 months,9.76,B,5 years,RENT,130000.0,Fully Paid,debt_consolidation,18.58,0.0,665.0,669.0,1.0,1.0
20000.0, 60 months,17.86,D,10+ years,RENT,58000.0,Fully Paid,credit_card,28.41,0.0,705.0,709.0,0.0,0.0
18000.0, 36 months,6.89,A,10+ years,MORTGAGE,120000.0,Fully Paid,debt_consolidation,20.64,0.0,830.0,834.0,0.0,0.0
20000.0, 36 months,10.64,B,6 years,RENT,110000.0,Fully Paid,major_purchase,0.46,1.0,730.0,734.0,1.0,0.0
10000.0, 36 months,7.89,A,10+ years,MORTGAGE,81894.0,Fully Paid,debt_consolidation,2.95,0.0,695.0,699.0,1.0,0.0
3600.0, 36 months,15.41,D,8 years,RENT,84000.0,Fully Paid,debt_consolidation,9.12,0.0,680.0,684.0,0.0,0.0
15000.0, 60 months,11.99,C,10+ years,MORTGAGE,160000.0,Fully Paid,debt_consolidation,19.73,0.0,660.0,664.0,3.0,0.0
24000.0, 36 months,14.85,C,10+ years,MORTGAGE,120000.0,Fully Paid,debt_consolidation,23.67,2.0,660.0,664.0,0.0,2.0
10400.0, 36 months,12.59,C,10+ years,RENT,70000.0,Fully Paid,debt_consolidation,11.09,1.0,660.0,664.0,1.0,1.0
8000.0, 36 months,11.99,C,3 years,MORTGAGE,127963.0,Fully Paid,debt_consolidation,25.13,0.0,685.0,689.0,0.0,0.0
12000.0, 60 months,13.18,C,4 years,RENT,53274.0,Charged Off,debt_consolidation,35.37,0.0,720.0,724.0,0.0,1.0
8000.0, 36 months,10.64,B,4 years,OWN,73000.0,Fully Paid,debt_consolidation,20.68,0.0,670.0,674.0,0.0,1.0
24000.0, 60 months,18.2,E,8 years,OWN,80000.0,Charged Off,small_business,28.86,0.0,695.0,699.0,0.0,0.0
10000.0, 36 months,13.67,C,3 years,RENT,38000.0,Fully Paid,debt_consolidation,30.16,0.0,670.0,674.0,0.0,0.0
6000.0, 36 months,11.99,C,10+ years,MORTGAGE,40000.0,Charged Off,credit_card,38.31,0.0,705.0,709.0,1.0,0.0
12800.0, 36 months,7.89,A,2 years,MORTGAGE,65000.0,Fully Paid,debt_consolidation,27.36,4.0,680.0,684.0,0.0,0.0
5000.0, 36 months,11.49,B,9 years,MORTGAGE,47000.0,Fully Paid,medical,27.91,0.0,665.0,669.0,1.0,1.0
15600.0, 36 months,11.99,C,< 1 year,RENT,74000.0,Fully Paid,debt_consolidation,30.62,0.0,685.0,689.0,0.0,0.0
11200.0, 36 months,9.99,B,6 years,RENT,53400.0,Fully Paid,debt_consolidation,27.31,0.0,690.0,694.0,1.0,0.0
20000.0, 36 months,9.99,B,10+ years,MORTGAGE,100000.0,Charged Off,debt_consolidation,18.91,0.0,715.0,719.0,1.0,0.0
18000.0, 60 months,18.99,E,,MORTGAGE,36000.0,Fully Paid,debt_consolidation,30.51,0.0,705.0,709.0,0.0,0.0
4000.0, 36 months,13.18,C,4 years,RENT,60000.0,Fully Paid,debt_consolidation,5.58,0.0,720.0,724.0,1.0,0.0
9000.0, 36 months,12.59,C,10+ years,MORTGAGE,74400.0,Fully Paid,home_improvement,24.08,0.0,660.0,664.0,2.0,1.0
15000.0, 36 months,9.17,B,7 years,RENT,95000.0,Fully Paid,credit_card,39.0,1.0,690.0,694.0,0.0,0.0
25000.0, 36 months,12.59,C,3 years,MORTGAGE,118000.0,Fully Paid,debt_consolidation,23.26,3.0,700.0,704.0,1.0,0.0
15000.0, 36 months,11.99,C,5 years,RENT,130000.0,Charged Off,debt_consolidation,26.8,0.0,675.0,679.0,2.0,0.0
20000.0, 36 months,11.22,B,3 years,MORTGAGE,70000.0,Fully Paid,debt_consolidation,18.67,0.0,695.0,699.0,3.0,1.0
12000.0, 36 months,9.17,B,4 years,MORTGAGE,90000.0,Fully Paid,credit_card,10.35,0.0,670.0,674.0,0.0,1.0
11200.0, 60 months,18.99,E,2 years,RENT,63000.0,Charged Off,debt_consolidation,7.5,0.0,660.0,664.0,0.0,0.0
30000.0, 36 months,9.17,B,1 year,RENT,130000.0,Fully Paid,credit_card,20.74,1.0,670.0,674.0,0.0,0.0
16125.0, 36 months,11.22,B,10+ years,MORTGAGE,48000.0,Fully Paid,debt_consolidation,21.68,0.0,720.0,724.0,0.0,0.0
16000.0, 36 months,11.22,B,10+ years,RENT,111000.0,Fully Paid,other,21.91,0.0,680.0,684.0,0.0,0.0
10000.0, 36 months,10.64,B,,OWN,45000.0,Fully Paid,debt_consolidation,8.91,0.0,665.0,669.0,1.0,1.0
35000.0, 36 months,11.49,B,10+ years,RENT,225000.0,Fully Paid,debt_consolidation,13.14,1.0,670.0,674.0,0.0,0.0
13100.0, 36 months,9.76,B,5 years,RENT,55000.0,Fully Paid,credit_card,19.29,0.0,750.0,754.0,0.0,0.0
30800.0, 60 months,13.18,C,10+ years,MORTGAGE,77000.0,Fully Paid,debt_consolidation,28.69,0.0,670.0,674.0,0.0,0.0
35000.0, 60 months,20.99,E,9 years,RENT,91000.0,Charged Off,debt_consolidation,23.42,0.0,705.0,709.0,0.0,0.0
5000.0, 36 months,9.17,B,10+ years,MORTGAGE,70000.0,Charged Off,credit_card,22.27,0.0,675.0,679.0,0.0,0.0
13475.0, 60 months,18.2,E,< 1 year,RENT,40000.0,Charged Off,credit_card,22.56,0.0,665.0,669.0,0.0,0.0
24000.0, 36 months,7.26,A,9 years,MORTGAGE,122000.0,Fully Paid,debt_consolidation,11.74,0.0,690.0,694.0,1.0,0.0
13050.0, 60 months,26.06,F,10+ years,MORTGAGE,43500.0,Fully Paid,debt_consolidation,22.79,0.0,715.0,719.0,0.0,0.0
22000.0, 60 months,10.78,B,10+ years,MORTGAGE,100000.0,Fully Paid,debt_consolidation,6.82,0.0,710.0,714.0,2.0,0.0
19500.0, 36 months,11.49,B,,MORTGAGE,48000.0,Fully Paid,debt_consolidation,32.83,1.0,695.0,699.0,0.0,2.0
24000.0, 36 months,7.26,A,10+ years,MORTGAGE,266632.0,Fully Paid,credit_card,11.22,0.0,730.0,734.0,0.0,0.0
16000.0, 60 months,7.89,A,10+ years,RENT,52000.0,Charged Off,major_purchase,29.4,0.0,695.0,699.0,0.0,0.0
30000.0, 36 months,11.22,B,1 year,OWN,105000.0,Fully Paid,major_purchase,1.21,0.0,810.0,814.0,0.0,0.0
35000.0, 60 months,17.57,D,2 years,RENT,84000.0,Fully Paid,debt_consolidation,21.66,0.0,665.0,669.0,0.0,0.0
28000.0, 60 months,20.99,E,,MORTGAGE,70000.0,Fully Paid,debt_consolidation,29.27,1.0,715.0,719.0,2.0,0.0
8000.0, 36 months,5.32,A,3 years,RENT,43000.0,Fully Paid,debt_consolidation,18.53,0.0,725.0,729.0,0.0,0.0
7700.0, 36 months,11.99,C,< 1 year,MORTGAGE,47500.0,Fully Paid,debt_consolidation,18.38,0.0,680.0,684.0,0.0,0.0
15100.0, 36 months,14.48,C,2 years,RENT,42000.0,Fully Paid,debt_consolidation,16.31,1.0,660.0,664.0,0.0,0.0
9600.0, 36 months,9.17,B,10+ years,MORTGAGE,58000.0,Fully Paid,debt_consolidation,15.52,0.0,700.0,704.0,1.0,1.0
7000.0, 36 months,9.8,B,3 years,RENT,32000.0,Fully Paid,medical,26.26,0.0,720.0,724.0,1.0,0.0
19000.0, 36 months,8.38,B,2 years,MORTGAGE,69000.0,Fully Paid,debt_consolidation,14.61,0.0,715.0,719.0,1.0,0.0
20000.0, 36 months,11.22,B,10+ years,RENT,120000.0,Fully Paid,debt_consolidation,19.45,0.0,665.0,669.0,1.0,0.0
14000.0, 36 months,6.99,A,10+ years,MORTGAGE,51914.0,Fully Paid,debt_consolidation,22.56,0.0,765.0,769.0,0.0,0.0
28000.0, 36 months,12.05,C,3 years,RENT,100000.0,Fully Paid,debt_consolidation,18.55,0.0,680.0,684.0,0.0,2.0
10500.0, 36 months,13.18,C,4 years,RENT,119000.0,Fully Paid,debt_consolidation,6.36,0.0,665.0,669.0,1.0,0.0
24000.0, 36 months,6.89,A,7 years,RENT,84000.0,Fully Paid,debt_consolidation,16.83,0.0,690.0,694.0,0.0,0.0
20000.0, 60 months,10.64,B,8 years,MORTGAGE,95000.0,Fully Paid,debt_consolidation,9.2,0.0,700.0,704.0,0.0,0.0
2025.0, 36 months,15.41,D,,MORTGAGE,21456.0,Charged Off,debt_consolidation,19.63,0.0,680.0,684.0,0.0,1.0
7500.0, 36 months,14.48,C,2 years,MORTGAGE,79000.0,Fully Paid,debt_consolidation,17.67,0.0,685.0,689.0,1.0,0.0
18100.0, 60 months,16.55,D,3 years,MORTGAGE,39400.0,Fully Paid,credit_card,26.41,0.0,730.0,734.0,0.0,0.0
3000.0, 36 months,16.55,D,10+ years,RENT,40000.0,Charged Off,other,25.44,0.0,680.0,684.0,1.0,0.0
4000.0, 36 months,7.89,A,,MORTGAGE,80000.0,Fully Paid,home_improvement,38.01,1.0,745.0,749.0,1.0,1.0
15000.0, 36 months,6.24,A,8 years,MORTGAGE,231800.0,Fully Paid,debt_consolidation,11.69,0.0,805.0,809.0,0.0,0.0
8000.0, 36 months,8.38,B,10+ years,MORTGAGE,80000.0,Fully Paid,debt_consolidation,13.76,0.0,670.0,674.0,0.0,0.0
21000.0, 60 months,17.57,D,< 1 year,RENT,60000.0,Fully Paid,debt_consolidation,17.68,0.0,690.0,694.0,1.0,0.0
12000.0, 36 months,13.67,C,10+ years,OWN,48000.0,Charged Off,debt_consolidation,38.93,0.0,660.0,664.0,0.0,0.0
16000.0, 36 months,5.32,A,5 years,MORTGAGE,300000.0,Fully Paid,debt_consolidation,13.79,0.0,755.0,759.0,0.0,1.0
12500.0, 36 months,7.89,A,6 years,MORTGAGE,95000.0,Fully Paid,credit_card,17.37,0.0,705.0,709.0,1.0,0.0
35000.0, 36 months,11.99,C,10+ years,MORTGAGE,200000.0,Fully Paid,debt_consolidation,24.83,0.0,770.0,774.0,0.0,0.0
8600.0, 36 months,11.49,B,1 year,MORTGAGE,45830.0,Fully Paid,debt_consolidation,11.38,0.0,700.0,704.0,0.0,0.0
35000.0, 60 months,11.49,B,10+ years,RENT,98000.0,Fully Paid,debt_consolidation,32.81,0.0,730.0,734.0,2.0,0.0
8000.0, 36 months,12.05,C,9 years,RENT,47000.0,Fully Paid,debt_consolidation,16.7,0.0,660.0,664.0,0.0,1.0
10125.0, 36 months,15.41,D,10+ years,MORTGAGE,55000.0,Fully Paid,credit_card,20.55,1.0,680.0,684.0,1.0,0.0
6000.0, 36 months,12.59,C,3 years,RENT,70000.0,Fully Paid,debt_consolidation,13.61,0.0,660.0,664.0,0.0,0.0
12000.0, 60 months,15.41,D,10+ years,MORTGAGE,49000.0,Charged Off,debt_consolidation,17.22,0.0,665.0,669.0,0.0,0.0
12500.0, 36 months,6.24,A,10+ years,RENT,74000.0,Fully Paid,credit_card,27.34,0.0,750.0,754.0,0.0,0.0
3000.0, 36 months,9.17,B,< 1 year,MORTGAGE,85000.0,Charged Off,credit_card,11.91,1.0,675.0,679.0,0.0,0.0
5000.0, 36 months,6.24,A,5 years,RENT,40000.0,Fully Paid,debt_consolidation,4.62,0.0,730.0,734.0,0.0,0.0
2000.0, 36 months,11.99,C,10+ years,RENT,34000.0,Fully Paid,other,18.5,0.0,680.0,684.0,0.0,0.0
12000.0, 60 months,9.76,B,10+ years,RENT,166000.0,Fully Paid,car,14.5,0.0,715.0,719.0,0.0,0.0
20000.0, 60 months,10.64,B,< 1 year,MORTGAGE,72000.0,Fully Paid,credit_card,17.47,1.0,690.0,694.0,0.0,0.0
5000.0, 36 months,13.67,C,10+ years,OWN,84000.0,Charged Off,debt_consolidation,29.87,0.0,670.0,674.0,2.0,0.0
15000.0, 36 months,12.59,C,10+ years,MORTGAGE,100000.0,Charged Off,home_improvement,6.8,1.0,695.0,699.0,2.0,0.0
8000.0, 36 months,9.76,B,1 year,RENT,29120.0,Fully Paid,credit_card,23.66,0.0,675.0,679.0,0.0,0.0
11000.0, 36 months,10.99,B,6 years,RENT,80000.0,Fully Paid,debt_consolidation,6.86,2.0,660.0,664.0,1.0,0.0
3000.0, 36 months,10.64,B,10+ years,MORTGAGE,60000.0,Fully Paid,credit_card,30.04,0.0,670.0,674.0,0.0,3.0
3475.0, 36 months,19.48,E,2 years,MORTGAGE,23000.0,Fully Paid,debt_consolidation,34.08,0.0,705.0,709.0,0.0,0.0
15000.0, 60 months,14.48,C,10+ years,MORTGAGE,53000.0,Fully Paid,credit_card,26.13,0.0,720.0,724.0,0.0,0.0
35000.0, 60 months,18.2,E,10+ years,MORTGAGE,100000.0,Fully Paid,debt_consolidation,32.51,0.0,660.0,664.0,2.0,1.0
20000.0, 60 months,15.41,D,10+ years,RENT,72800.0,Charged Off,debt_consolidation,10.57,2.0,670.0,674.0,0.0,0.0
5000.0, 36 months,13.67,C,1 year,RENT,190000.0,Fully Paid,moving,1.64,0.0,665.0,669.0,1.0,0.0
18000.0, 60 months,11.22,B,10+ years,MORTGAGE,110000.0,Charged Off,debt_consolidation,24.46,1.0,690.0,694.0,1.0,0.0
8950.0, 36 months,16.55,D,< 1 year,MORTGAGE,100000.0,Fully Paid,home_improvement,2.1,2.0,670.0,674.0,0.0,0.0
20000.0, 36 months,9.17,B,,OWN,72000.0,Charged Off,credit_card,22.93,1.0,670.0,674.0,0.0,0.0
5000.0, 36 months,10.99,B,6 years,MORTGAGE,40000.0,Fully Paid,debt_consolidation,18.51,2.0,675.0,679.0,0.0,0.0
21125.0, 36 months,15.41,D,10+ years,MORTGAGE,60000.0,Fully Paid,debt_consolidation,23.32,0.0,675.0,679.0,0.0,0.0
5000.0, 36 months,11.99,C,< 1 year,MORTGAGE,54744.0,Fully Paid,debt_consolidation,25.6,1.0,660.0,664.0,0.0,0.0
15000.0, 36 months,8.38,B,< 1 year,RENT,35038.0,Fully Paid,credit_card,29.19,0.0,670.0,674.0,0.0,0.0
20000.0, 36 months,5.32,A,10+ years,MORTGAGE,148000.0,Fully Paid,credit_card,17.01,0.0,710.0,714.0,0.0,0.0
10000.0, 36 months,6.89,A,10+ years,RENT,20000.0,Fully Paid,debt_consolidation,12.3,0.0,775.0,779.0,0.0,0.0
12000.0, 36 months,11.99,C,2 years,RENT,39000.0,Fully Paid,debt_consolidation,7.51,0.0,695.0,699.0,1.0,0.0
4325.0, 36 months,11.99,C,10+ years,OWN,90000.0,Fully Paid,major_purchase,16.96,1.0,730.0,734.0,1.0,1.0
5500.0, 36 months,13.18,C,2 years,RENT,57000.0,Fully Paid,major_purchase,13.14,0.0,685.0,689.0,0.0,1.0
10000.0, 36 months,10.64,B,,RENT,45000.0,Fully Paid,debt_consolidation,24.8,0.0,675.0,679.0,0.0,0.0
6000.0, 36 months,11.99,C,< 1 year,MORTGAGE,63000.0,Fully Paid,credit_card,24.72,6.0,680.0,684.0,2.0,0.0
17575.0, 60 months,14.48,C,8 years,RENT,45000.0,Fully Paid,debt_consolidation,24.24,0.0,705.0,709.0,1.0,0.0
15000.0, 60 months,6.0,E,9 years,RENT,42000.0,Fully Paid,debt_consolidation,31.14,1.0,700.0,704.0,1.0,1.0
11000.0, 36 months,9.17,B,< 1 year,MORTGAGE,37000.0,Fully Paid,debt_consolidation,10.9,0.0,700.0,704.0,2.0,0.0
9600.0, 36 months,11.22,B,9 years,RENT,40000.0,Fully Paid,home_improvement,20.0,0.0,665.0,669.0,0.0,0.0
11575.0, 36 months,16.55,D,< 1 year,RENT,25000.0,Fully Paid,major_purchase,2.54,0.0,720.0,724.0,1.0,0.0
15500.0, 36 months,9.17,B,9 years,RENT,80000.0,Fully Paid,credit_card,5.94,0.0,660.0,664.0,0.0,0.0
12000.0, 60 months,18.49,E,2 years,RENT,60000.0,Fully Paid,credit_card,28.95,0.0,665.0,669.0,1.0,0.0
15000.0, 36 months,12.59,C,2 years,RENT,100000.0,Charged Off,credit_card,17.64,0.0,675.0,679.0,1.0,0.0
35000.0, 60 months,17.57,D,10+ years,MORTGAGE,115000.0,Fully Paid,debt_consolidation,26.42,0.0,730.0,734.0,0.0,0.0
8000.0, 36 months,11.49,B,2 years,RENT,34600.0,Fully Paid,debt_consolidation,24.77,0.0,665.0,669.0,0.0,0.0
6500.0, 36 months,11.99,C,3 years,MORTGAGE,140000.0,Fully Paid,other,12.41,0.0,710.0,714.0,0.0,0.0
25000.0, 36 months,10.64,B,10+ years,MORTGAGE,140000.0,Fully Paid,debt_consolidation,20.77,0.0,715.0,719.0,1.0,0.0
6000.0, 36 months,12.05,C,5 years,RENT,20300.0,Charged Off,credit_card,32.47,0.0,665.0,669.0,0.0,0.0
23100.0, 60 months,23.99,F,7 years,MORTGAGE,55000.0,Fully Paid,debt_consolidation,18.63,0.0,670.0,674.0,0.0,0.0
16000.0, 60 months,12.59,C,9 years,MORTGAGE,57000.0,Fully Paid,debt_consolidation,20.46,0.0,685.0,689.0,0.0,1.0
12000.0, 60 months,10.64,B,< 1 year,RENT,65000.0,Fully Paid,debt_consolidation,16.99,0.0,720.0,724.0,0.0,0.0
18000.0, 36 months,5.32,A,7 years,OWN,200000.0,Fully Paid,debt_consolidation,13.57,0.0,775.0,779.0,2.0,0.0
14000.0, 60 months,13.18,C,10+ years,MORTGAGE,90000.0,Fully Paid,credit_card,21.81,1.0,675.0,679.0,3.0,1.0
15400.0, 60 months,18.99,E,10+ years,MORTGAGE,94500.0,Fully Paid,debt_consolidation,10.53,0.0,660.0,664.0,2.0,2.0
25000.0, 60 months,13.67,C,10+ years,RENT,115000.0,Charged Off,debt_consolidation,24.89,0.0,705.0,709.0,0.0,0.0
11200.0, 36 months,9.76,B,7 years,RENT,65000.0,Fully Paid,debt_consolidation,14.51,0.0,675.0,679.0,2.0,0.0
26250.0, 60 months,13.99,C,10+ years,MORTGAGE,65000.0,Fully Paid,debt_consolidation,26.9,0.0,700.0,704.0,1.0,1.0
23875.0, 60 months,20.99,E,4 years,OWN,80000.0,Charged Off,house,22.21,0.0,700.0,704.0,0.0,1.0
3000.0, 36 months,12.59,C,10+ years,MORTGAGE,80000.0,Fully Paid,credit_card,13.95,3.0,665.0,669.0,0.0,0.0
2525.0, 36 months,27.88,G,2 years,MORTGAGE,42000.0,Fully Paid,other,10.29,0.0,665.0,669.0,0.0,0.0
14000.0, 36 months,8.18,B,,MORTGAGE,66000.0,Fully Paid,debt_consolidation,11.11,0.0,675.0,679.0,0.0,1.0
5400.0, 36 months,9.17,B,< 1 year,OWN,50000.0,Fully Paid,debt_consolidation,18.24,0.0,730.0,734.0,0.0,0.0
10000.0, 36 months,9.76,B,8 years,MORTGAGE,26000.0,Fully Paid,credit_card,11.54,1.0,690.0,694.0,1.0,0.0
35000.0, 36 months,11.22,B,2 years,RENT,100000.0,Fully Paid,debt_consolidation,22.76,1.0,690.0,694.0,0.0,0.0
3500.0, 36 months,12.59,C,2 years,RENT,50000.0,Fully Paid,debt_consolidation,14.71,0.0,675.0,679.0,1.0,0.0
8000.0, 36 months,7.91,A,3 years,MORTGAGE,60000.0,Fully Paid,credit_card,13.09,0.0,710.0,714.0,0.0,0.0
8000.0, 36 months,12.59,C,10+ years,MORTGAGE,90000.0,Fully Paid,debt_consolidation,15.64,0.0,680.0,684.0,1.0,0.0
16275.0, 36 months,16.99,D,7 years,OWN,37000.0,Fully Paid,debt_consolidation,20.92,0.0,680.0,684.0,0.0,0.0
16000.0, 60 months,8.38,B,10+ years,RENT,100000.0,Fully Paid,credit_card,34.17,1.0,690.0,694.0,0.0,0.0
6000.0, 36 months,13.18,C,2 years,RENT,35000.0,Fully Paid,debt_consolidation,22.94,0.0,690.0,694.0,2.0,0.0
5000.0, 36 months,12.88,C,7 years,MORTGAGE,59000.0,Fully Paid,debt_consolidation,3.82,0.0,660.0,664.0,2.0,0.0
13000.0, 60 months,10.78,B,2 years,RENT,32736.0,Charged Off,credit_card,26.32,0.0,690.0,694.0,0.0,1.0
15500.0, 60 months,9.17,B,3 years,RENT,32000.0,Fully Paid,debt_consolidation,21.98,0.0,735.0,739.0,0.0,0.0
10000.0, 36 months,11.99,C,6 years,OWN,60000.0,Fully Paid,other,6.68,1.0,680.0,684.0,2.0,0.0
15000.0, 36 months,8.38,B,10+ years,MORTGAGE,53500.0,Fully Paid,other,15.48,0.0,725.0,729.0,0.0,0.0
1600.0, 36 months,11.49,B,< 1 year,RENT,25000.0,Fully Paid,debt_consolidation,3.55,0.0,675.0,679.0,0.0,0.0
18500.0, 36 months,9.17,B,2 years,RENT,62300.0,Fully Paid,debt_consolidation,7.57,7.0,680.0,684.0,1.0,3.0
14825.0, 60 months,12.59,C,10+ years,MORTGAGE,68000.0,Fully Paid,debt_consolidation,24.18,0.0,680.0,684.0,0.0,3.0
7200.0, 36 months,15.77,D,< 1 year,RENT,55000.0,Fully Paid,debt_consolidation,17.35,0.0,680.0,684.0,0.0,1.0
10000.0, 36 months,9.99,B,4 years,MORTGAGE,150000.0,Fully Paid,other,9.1,1.0,710.0,714.0,1.0,0.0
30000.0, 36 months,7.26,A,10+ years,MORTGAGE,150000.0,Fully Paid,debt_consolidation,14.17,0.0,690.0,694.0,1.0,0.0
14000.0, 36 months,12.59,C,3 years,RENT,41000.0,Fully Paid,debt_consolidation,15.6,0.0,670.0,674.0,0.0,0.0
15000.0, 36 months,10.64,B,10+ years,RENT,62000.0,Fully Paid,debt_consolidation,22.55,0.0,680.0,684.0,1.0,1.0
5200.0, 36 months,11.99,C,3 years,RENT,52000.0,Fully Paid,debt_consolidation,22.09,0.0,680.0,684.0,0.0,0.0
14000.0, 36 months,8.38,B,10+ years,MORTGAGE,140000.0,Fully Paid,major_purchase,10.74,1.0,685.0,689.0,0.0,0.0
3600.0, 36 months,9.17,B,10+ years,RENT,121000.0,Fully Paid,debt_consolidation,30.0,0.0,720.0,724.0,0.0,0.0
15000.0, 36 months,10.64,B,2 years,RENT,72000.0,Fully Paid,debt_consolidation,11.5,0.0,665.0,669.0,1.0,0.0
9000.0, 36 months,13.67,C,1 year,RENT,25000.0,Charged Off,other,24.87,0.0,700.0,704.0,1.0,0.0
10000.0, 36 months,10.64,B,< 1 year,OWN,30000.0,Charged Off,other,12.44,1.0,665.0,669.0,0.0,0.0
3650.0, 36 months,18.2,E,10+ years,OWN,24000.0,Fully Paid,credit_card,15.6,0.0,695.0,699.0,0.0,0.0
18500.0, 36 months,5.32,A,5 years,MORTGAGE,80000.0,Fully Paid,debt_consolidation,12.32,0.0,745.0,749.0,0.0,0.0
20000.0, 36 months,15.41,D,2 years,MORTGAGE,83000.0,Fully Paid,car,16.58,0.0,700.0,704.0,2.0,0.0
10000.0, 36 months,15.41,D,10+ years,RENT,70000.0,Fully Paid,debt_consolidation,13.2,0.0,665.0,669.0,1.0,0.0
4200.0, 36 months,11.99,C,< 1 year,MORTGAGE,40000.0,Fully Paid,credit_card,30.24,1.0,665.0,669.0,2.0,1.0
25000.0, 36 months,6.89,A,10+ years,MORTGAGE,50000.0,Fully Paid,debt_consolidation,25.9,0.0,680.0,684.0,0.0,0.0
9600.0, 36 months,13.67,C,10+ years,MORTGAGE,62000.0,Fully Paid,medical,21.29,0.0,710.0,714.0,0.0,1.0
15300.0, 36 months,18.99,E,10+ years,OWN,45000.0,Fully Paid,debt_consolidation,32.59,0.0,675.0,679.0,0.0,0.0
10000.0, 36 months,7.89,A,10+ years,RENT,93000.0,Fully Paid,credit_card,13.46,0.0,720.0,724.0,0.0,1.0
13275.0, 36 months,15.41,D,5 years,RENT,65000.0,Fully Paid,debt_consolidation,12.44,0.0,660.0,664.0,2.0,0.0
10000.0, 60 months,16.59,D,< 1 year,RENT,30000.0,Fully Paid,debt_consolidation,30.84,0.0,715.0,719.0,2.0,1.0
28000.0, 60 months,13.67,C,2 years,MORTGAGE,144000.0,Fully Paid,debt_consolidation,13.27,0.0,685.0,689.0,1.0,0.0
7000.0, 36 months,5.32,A,2 years,MORTGAGE,60000.0,Fully Paid,credit_card,30.2,0.0,725.0,729.0,0.0,0.0
9225.0, 36 months,12.59,C,5 years,OWN,49000.0,Charged Off,credit_card,23.61,3.0,695.0,699.0,1.0,0.0
28000.0, 36 months,6.24,A,10+ years,MORTGAGE,290000.0,Fully Paid,debt_consolidation,12.94,0.0,755.0,759.0,0.0,0.0
7200.0, 36 months,15.41,D,10+ years,MORTGAGE,62000.0,Charged Off,other,26.13,0.0,660.0,664.0,0.0,0.0
25000.0, 60 months,18.2,E,10+ years,RENT,87000.0,Charged Off,debt_consolidation,21.67,0.0,765.0,769.0,1.0,0.0
20000.0, 60 months,11.22,B,< 1 year,RENT,79500.0,Fully Paid,debt_consolidation,18.49,0.0,670.0,674.0,0.0,0.0
35000.0, 36 months,14.33,C,8 years,MORTGAGE,90000.0,Fully Paid,credit_card,15.45,0.0,675.0,679.0,1.0,0.0
5000.0, 36 months,9.17,B,1 year,MORTGAGE,91000.0,Charged Off,debt_consolidation,25.89,1.0,680.0,684.0,1.0,0.0
16000.0, 36 months,12.05,C,10+ years,MORTGAGE,78000.0,Fully Paid,debt_consolidation,8.92,0.0,690.0,694.0,1.0,0.0
7200.0, 36 months,13.99,C,6 years,RENT,77000.0,Fully Paid,debt_consolidation,19.14,1.0,710.0,714.0,4.0,0.0
28000.0, 60 months,7.89,A,10+ years,MORTGAGE,97000.0,Fully Paid,debt_consolidation,16.73,0.0,815.0,819.0,0.0,0.0
35000.0, 60 months,10.78,B,10+ years,RENT,102000.0,Charged Off,debt_consolidation,17.2,0.0,785.0,789.0,0.0,0.0
5525.0, 36 months,18.2,E,10+ years,MORTGAGE,130000.0,Fully Paid,home_improvement,27.66,1.0,660.0,664.0,2.0,1.0
3000.0, 36 months,8.38,B,,MORTGAGE,50000.0,Fully Paid,credit_card,13.3,0.0,780.0,784.0,0.0,0.0
24000.0, 60 months,7.89,A,10+ years,OWN,82000.0,Fully Paid,credit_card,10.88,0.0,755.0,759.0,0.0,0.0
28000.0, 36 months,5.32,A,10+ years,OWN,121000.0,Fully Paid,home_improvement,12.31,0.0,795.0,799.0,1.0,0.0
4000.0, 36 months,9.76,B,2 years,MORTGAGE,100000.0,Fully Paid,other,26.74,0.0,680.0,684.0,0.0,0.0
7000.0, 36 months,6.99,A,8 years,MORTGAGE,55000.0,Fully Paid,debt_consolidation,3.62,0.0,765.0,769.0,0.0,0.0
6000.0, 36 months,11.22,B,,RENT,52000.0,Fully Paid,credit_card,22.06,0.0,665.0,669.0,1.0,0.0
17500.0, 36 months,10.78,B,4 years,MORTGAGE,89000.0,Fully Paid,debt_consolidation,24.61,0.0,695.0,699.0,1.0,0.0
20000.0, 36 months,9.76,B,6 years,MORTGAGE,90000.0,Fully Paid,credit_card,33.88,0.0,690.0,694.0,1.0,0.0
19725.0, 36 months,12.59,C,1 year,RENT,49500.0,Fully Paid,debt_consolidation,8.39,0.0,665.0,669.0,0.0,0.0
7000.0, 36 months,6.89,A,4 years,RENT,30000.0,Fully Paid,debt_consolidation,19.84,0.0,710.0,714.0,0.0,0.0
24000.0, 60 months,18.49,E,10+ years,MORTGAGE,112000.0,Charged Off,other,22.9,0.0,660.0,664.0,3.0,0.0
11350.0, 36 months,17.57,D,10+ years,MORTGAGE,47000.0,Fully Paid,debt_consolidation,27.04,1.0,665.0,669.0,0.0,0.0
5125.0, 36 months,18.49,E,10+ years,RENT,26650.0,Charged Off,debt_consolidation,31.85,0.0,700.0,704.0,1.0,1.0
30000.0, 36 months,8.38,B,10+ years,MORTGAGE,83000.0,Fully Paid,debt_consolidation,21.72,0.0,730.0,734.0,0.0,0.0
15000.0, 36 months,9.76,B,10+ years,RENT,96000.0,Fully Paid,debt_consolidation,20.14,1.0,715.0,719.0,0.0,0.0
9600.0, 36 months,10.64,B,< 1 year,OWN,27000.0,Charged Off,debt_consolidation,28.31,0.0,670.0,674.0,1.0,1.0
12000.0, 36 months,10.99,B,8 years,MORTGAGE,71000.0,Fully Paid,debt_consolidation,7.54,0.0,665.0,669.0,0.0,1.0
8950.0, 36 months,6.49,A,6 years,MORTGAGE,72576.0,Fully Paid,debt_consolidation,1.27,0.0,700.0,704.0,1.0,1.0
18850.0, 60 months,13.67,C,9 years,RENT,65000.0,Charged Off,debt_consolidation,32.96,0.0,690.0,694.0,0.0,1.0
35000.0, 36 months,15.41,D,10+ years,MORTGAGE,197000.0,Fully Paid,debt_consolidation,27.44,0.0,680.0,684.0,0.0,0.0
35000.0, 36 months,13.99,C,10+ years,RENT,100000.0,Fully Paid,debt_consolidation,19.43,6.0,665.0,669.0,0.0,0.0
20000.0, 36 months,11.48,B,10+ years,RENT,67400.0,Fully Paid,credit_card,16.45,0.0,705.0,709.0,2.0,0.0
7000.0, 36 months,10.99,B,2 years,RENT,45000.0,Fully Paid,debt_consolidation,22.39,0.0,690.0,694.0,0.0,0.0
35000.0, 60 months,17.27,D,< 1 year,MORTGAGE,126000.0,Fully Paid,debt_consolidation,18.33,0.0,695.0,699.0,0.0,0.0
12000.0, 36 months,11.22,B,10+ years,OWN,64000.0,Fully Paid,debt_consolidation,7.74,1.0,685.0,689.0,1.0,0.0
14000.0, 36 months,13.67,C,3 years,OWN,28000.0,Charged Off,credit_card,39.82,0.0,705.0,709.0,0.0,0.0
25000.0, 36 months,6.89,A,3 years,MORTGAGE,150000.0,Fully Paid,credit_card,9.66,0.0,740.0,744.0,0.0,0.0
8975.0, 36 months,16.99,D,3 years,OWN,46000.0,Charged Off,debt_consolidation,22.33,0.0,715.0,719.0,1.0,0.0
16000.0, 36 months,7.91,A,5 years,RENT,70000.0,Fully Paid,credit_card,10.81,0.0,710.0,714.0,0.0,0.0
6500.0, 36 months,6.24,A,7 years,RENT,43000.0,Fully Paid,credit_card,5.97,0.0,805.0,809.0,0.0,0.0
9600.0, 36 months,11.22,B,5 years,OWN,68000.0,Fully Paid,debt_consolidation,17.62,0.0,685.0,689.0,0.0,0.0
3225.0, 36 months,17.86,D,10+ years,OWN,42000.0,Fully Paid,credit_card,38.31,0.0,740.0,744.0,0.0,0.0
10400.0, 36 months,17.57,D,9 years,OWN,35000.0,Fully Paid,debt_consolidation,30.86,0.0,665.0,669.0,0.0,0.0
10000.0, 36 months,14.48,C,10+ years,OWN,64000.0,Charged Off,home_improvement,30.85,0.0,665.0,669.0,0.0,0.0
24000.0, 60 months,17.57,D,10+ years,MORTGAGE,77733.0,Fully Paid,debt_consolidation,19.04,0.0,670.0,674.0,1.0,1.0
24000.0, 36 months,13.18,C,10+ years,MORTGAGE,186000.0,Fully Paid,debt_consolidation,19.12,0.0,700.0,704.0,3.0,0.0
4900.0, 36 months,9.76,B,2 years,MORTGAGE,35000.0,Fully Paid,debt_consolidation,20.91,5.0,670.0,674.0,0.0,0.0
9400.0, 36 months,17.86,D,10+ years,MORTGAGE,50000.0,Fully Paid,debt_consolidation,29.52,0.0,670.0,674.0,4.0,1.0
25000.0, 36 months,12.05,C,10+ years,OWN,300000.0,Fully Paid,other,14.43,0.0,690.0,694.0,0.0,0.0
7000.0, 36 months,10.64,B,3 years,RENT,45000.0,Fully Paid,debt_consolidation,20.96,0.0,675.0,679.0,0.0,0.0
20000.0, 36 months,6.89,A,8 years,RENT,82000.0,Fully Paid,credit_card,33.22,0.0,700.0,704.0,0.0,0.0
10000.0, 36 months,10.64,B,1 year,RENT,35000.0,Fully Paid,credit_card,22.05,0.0,680.0,684.0,0.0,0.0
9000.0, 36 months,8.38,B,8 years,RENT,54000.0,Fully Paid,debt_consolidation,14.62,0.0,665.0,669.0,1.0,1.0
2000.0, 36 months,11.22,B,9 years,RENT,90000.0,Fully Paid,debt_consolidation,26.44,1.0,685.0,689.0,0.0,0.0
4350.0, 36 months,17.86,D,10+ years,MORTGAGE,60000.0,Fully Paid,debt_consolidation,18.76,1.0,665.0,669.0,1.0,1.0
13775.0, 36 months,13.18,C,1 year,RENT,72000.0,Fully Paid,credit_card,11.18,0.0,660.0,664.0,0.0,1.0
16000.0, 60 months,18.49,E,6 years,MORTGAGE,53000.0,Charged Off,debt_consolidation,31.23,0.0,665.0,669.0,2.0,0.0
10000.0, 36 months,10.64,B,8 years,MORTGAGE,40000.0,Fully Paid,debt_consolidation,28.02,0.0,705.0,709.0,0.0,0.0
5600.0, 36 months,9.76,B,10+ years,MORTGAGE,250000.0,Fully Paid,home_improvement,8.82,2.0,675.0,679.0,0.0,0.0
25500.0, 60 months,19.99,E,10+ years,MORTGAGE,75072.0,Charged Off,vacation,13.12,0.0,760.0,764.0,1.0,0.0
4000.0, 36 months,14.48,C,10+ years,RENT,48000.0,Charged Off,debt_consolidation,28.5,1.0,660.0,664.0,0.0,1.0
28000.0, 36 months,14.48,C,10+ years,RENT,80000.0,Fully Paid,debt_consolidation,28.11,0.0,685.0,689.0,0.0,0.0
4250.0, 36 months,7.26,A,10+ years,RENT,35000.0,Fully Paid,other,15.84,0.0,800.0,804.0,0.0,0.0
20000.0, 36 months,7.89,A,9 years,MORTGAGE,77175.0,Fully Paid,debt_consolidation,8.49,0.0,705.0,709.0,0.0,0.0
28000.0, 60 months,10.64,B,2 years,MORTGAGE,110000.0,Fully Paid,credit_card,19.47,0.0,745.0,749.0,1.0,0.0
11600.0, 60 months,19.99,E,3 years,MORTGAGE,26400.0,Fully Paid,debt_consolidation,13.09,0.0,680.0,684.0,2.0,8.0
35000.0, 36 months,13.67,C,9 years,MORTGAGE,111000.0,Charged Off,debt_consolidation,17.88,0.0,680.0,684.0,0.0,0.0
16000.0, 36 months,6.24,A,,OWN,58000.0,Fully Paid,debt_consolidation,15.95,0.0,690.0,694.0,0.0,0.0
14400.0, 36 months,9.76,B,3 years,RENT,44000.0,Fully Paid,debt_consolidation,36.28,0.0,695.0,699.0,0.0,0.0
24000.0, 60 months,14.48,C,4 years,MORTGAGE,120000.0,Fully Paid,credit_card,24.29,0.0,685.0,689.0,2.0,1.0
4575.0, 36 months,6.24,A,< 1 year,MORTGAGE,71000.0,Fully Paid,other,7.86,0.0,780.0,784.0,0.0,0.0
20000.0, 36 months,6.24,A,10+ years,MORTGAGE,70000.0,Fully Paid,credit_card,26.13,0.0,715.0,719.0,1.0,0.0
8000.0, 36 months,10.99,B,10+ years,MORTGAGE,60000.0,Fully Paid,debt_consolidation,22.76,0.0,675.0,679.0,1.0,0.0
14400.0, 60 months,17.97,D,8 years,RENT,64500.0,Charged Off,debt_consolidation,21.4,0.0,660.0,664.0,3.0,1.0
7000.0, 36 months,15.41,D,3 years,RENT,110000.0,Fully Paid,debt_consolidation,8.11,2.0,660.0,664.0,3.0,1.0
4775.0, 36 months,21.48,E,10+ years,OWN,50000.0,Fully Paid,debt_consolidation,17.02,2.0,665.0,669.0,2.0,0.0
5000.0, 36 months,18.49,D,10+ years,OWN,38000.0,Charged Off,house,22.96,0.0,665.0,669.0,2.0,1.0
6000.0, 36 months,12.59,C,2 years,RENT,30000.0,Fully Paid,debt_consolidation,35.0,0.0,675.0,679.0,0.0,1.0
20000.0, 36 months,9.99,B,1 year,RENT,180000.0,Charged Off,other,8.49,0.0,660.0,664.0,0.0,1.0
20000.0, 36 months,9.76,B,,MORTGAGE,48000.0,Fully Paid,debt_consolidation,9.63,0.0,710.0,714.0,1.0,0.0
4800.0, 36 months,13.67,C,3 years,RENT,50000.0,Fully Paid,debt_consolidation,18.96,6.0,675.0,679.0,0.0,0.0
10000.0, 36 months,12.59,C,3 years,RENT,42000.0,Fully Paid,debt_consolidation,13.94,0.0,660.0,664.0,2.0,0.0
30825.0, 60 months,11.49,B,10+ years,MORTGAGE,210000.0,Fully Paid,debt_consolidation,14.13,1.0,715.0,719.0,0.0,0.0
8000.0, 36 months,11.99,C,8 years,MORTGAGE,73000.0,Fully Paid,debt_consolidation,30.82,0.0,675.0,679.0,0.0,0.0
4500.0, 36 months,6.24,A,10+ years,MORTGAGE,70000.0,Fully Paid,debt_consolidation,22.76,0.0,755.0,759.0,0.0,0.0
7500.0, 36 months,12.59,C,3 years,RENT,60000.0,Charged Off,debt_consolidation,16.18,0.0,660.0,664.0,0.0,0.0
5200.0, 36 months,9.17,B,10+ years,RENT,80000.0,Fully Paid,credit_card,13.88,0.0,660.0,664.0,0.0,1.0
16000.0, 36 months,13.67,C,10+ years,MORTGAGE,71000.0,Fully Paid,debt_consolidation,9.43,1.0,660.0,664.0,1.0,0.0
12525.0, 36 months,13.99,C,10+ years,OWN,33000.0,Fully Paid,credit_card,33.09,0.0,730.0,734.0,0.0,0.0
10925.0, 36 months,14.85,C,8 years,RENT,60000.0,Fully Paid,debt_consolidation,17.44,0.0,695.0,699.0,0.0,0.0
30000.0, 36 months,11.99,C,3 years,MORTGAGE,80000.0,Charged Off,home_improvement,24.32,0.0,720.0,724.0,0.0,0.0
1550.0, 36 months,14.48,C,5 years,RENT,16800.0,Fully Paid,major_purchase,21.0,0.0,665.0,669.0,2.0,0.0
6000.0, 36 months,6.24,A,10+ years,MORTGAGE,92000.0,Fully Paid,credit_card,6.67,1.0,695.0,699.0,0.0,0.0
13000.0, 36 months,11.99,C,3 years,MORTGAGE,55000.0,Fully Paid,debt_consolidation,7.87,0.0,685.0,689.0,1.0,0.0
21000.0, 36 months,11.22,B,3 years,MORTGAGE,130000.0,Fully Paid,debt_consolidation,15.75,1.0,660.0,664.0,1.0,0.0
10000.0, 36 months,7.89,A,,OWN,60000.0,Fully Paid,debt_consolidation,16.74,0.0,670.0,674.0,1.0,1.0
1000.0, 36 months,11.22,B,,OWN,70000.0,Fully Paid,other,23.01,0.0,665.0,669.0,0.0,0.0
20925.0, 60 months,18.49,E,2 years,MORTGAGE,155000.0,Charged Off,credit_card,9.39,0.0,660.0,664.0,0.0,0.0
8000.0, 36 months,9.8,B,10+ years,OWN,60000.0,Fully Paid,debt_consolidation,4.98,0.0,705.0,709.0,0.0,0.0
10250.0, 36 months,5.32,A,4 years,RENT,40000.0,Fully Paid,credit_card,29.01,0.0,755.0,759.0,1.0,0.0
15000.0, 36 months,5.32,A,1 year,OWN,42000.0,Fully Paid,credit_card,15.56,0.0,740.0,744.0,0.0,0.0
16000.0, 36 months,11.99,C,1 year,MORTGAGE,100000.0,Fully Paid,car,15.82,0.0,660.0,664.0,0.0,1.0
5200.0, 36 months,11.99,C,10+ years,MORTGAGE,30000.0,Fully Paid,credit_card,32.92,0.0,705.0,709.0,1.0,0.0
17050.0, 36 months,18.2,E,< 1 year,RENT,60000.0,Fully Paid,moving,32.87,0.0,700.0,704.0,0.0,0.0
24000.0, 60 months,13.67,C,5 years,MORTGAGE,50000.0,Charged Off,home_improvement,15.07,5.0,745.0,749.0,2.0,0.0
11000.0, 36 months,7.91,A,3 years,MORTGAGE,40000.0,Fully Paid,debt_consolidation,23.88,0.0,715.0,719.0,2.0,0.0
5000.0, 36 months,7.49,A,2 years,MORTGAGE,109000.0,Fully Paid,debt_consolidation,5.24,0.0,685.0,689.0,0.0,2.0
14450.0, 60 months,13.67,C,< 1 year,MORTGAGE,35000.0,Fully Paid,debt_consolidation,16.7,0.0,725.0,729.0,0.0,0.0
14000.0, 60 months,9.76,B,7 years,MORTGAGE,120000.0,Fully Paid,home_improvement,9.56,0.0,750.0,754.0,0.0,0.0
12000.0, 36 months,7.26,A,10+ years,OWN,44000.0,Fully Paid,debt_consolidation,15.55,0.0,715.0,719.0,1.0,1.0
16000.0, 60 months,13.67,C,7 years,RENT,140000.0,Fully Paid,debt_consolidation,13.73,0.0,660.0,664.0,0.0,0.0
5000.0, 36 months,12.05,C,< 1 year,RENT,20000.0,Fully Paid,credit_card,38.54,0.0,670.0,674.0,0.0,0.0
2000.0, 36 months,12.05,C,7 years,MORTGAGE,80000.0,Fully Paid,other,22.58,3.0,670.0,674.0,2.0,1.0
4000.0, 36 months,13.18,C,6 years,MORTGAGE,105000.0,Fully Paid,debt_consolidation,10.72,2.0,660.0,664.0,1.0,0.0
8000.0, 36 months,21.48,E,,RENT,25000.0,Charged Off,credit_card,33.08,0.0,665.0,669.0,1.0,0.0
17800.0, 60 months,19.99,E,9 years,RENT,49500.0,Charged Off,debt_consolidation,25.22,0.0,675.0,679.0,2.0,0.0
19000.0, 60 months,16.59,D,10+ years,MORTGAGE,55000.0,Fully Paid,credit_card,31.72,0.0,665.0,669.0,0.0,0.0
35000.0, 60 months,19.99,E,< 1 year,MORTGAGE,110000.0,Fully Paid,debt_consolidation,28.87,0.0,665.0,669.0,5.0,0.0
4000.0, 36 months,17.57,D,8 years,OWN,84000.0,Fully Paid,credit_card,16.51,1.0,695.0,699.0,1.0,1.0
5000.0, 36 months,13.67,C,2 years,MORTGAGE,80114.0,Fully Paid,debt_consolidation,11.76,0.0,670.0,674.0,2.0,1.0
4000.0, 36 months,11.48,B,5 years,RENT,32500.0,Fully Paid,debt_consolidation,33.46,0.0,680.0,684.0,0.0,0.0
12000.0, 36 months,6.24,A,4 years,RENT,105000.0,Fully Paid,credit_card,6.57,0.0,725.0,729.0,0.0,0.0
10000.0, 60 months,13.67,C,< 1 year,OWN,45000.0,Charged Off,debt_consolidation,14.7,0.0,680.0,684.0,0.0,0.0
35000.0, 36 months,12.59,C,10+ years,MORTGAGE,130000.0,Fully Paid,debt_consolidation,23.47,2.0,660.0,664.0,0.0,0.0
3000.0, 36 months,11.49,B,3 years,MORTGAGE,32000.0,Fully Paid,debt_consolidation,9.79,0.0,685.0,689.0,1.0,1.0
15000.0, 60 months,15.41,D,10+ years,MORTGAGE,45000.0,Fully Paid,credit_card,22.8,0.0,715.0,719.0,1.0,2.0
20000.0, 36 months,13.67,C,10+ years,MORTGAGE,80000.0,Fully Paid,debt_consolidation,31.17,1.0,675.0,679.0,0.0,0.0
13200.0, 60 months,19.99,E,< 1 year,MORTGAGE,72000.0,Fully Paid,other,7.3,0.0,680.0,684.0,1.0,1.0
25000.0, 60 months,13.18,C,4 years,MORTGAGE,120000.0,Fully Paid,debt_consolidation,21.07,1.0,660.0,664.0,0.0,0.0
10000.0, 60 months,13.67,C,5 years,MORTGAGE,150000.0,Fully Paid,debt_consolidation,10.47,0.0,710.0,714.0,2.0,0.0
15000.0, 36 months,7.26,A,3 years,MORTGAGE,70000.0,Fully Paid,debt_consolidation,8.93,0.0,705.0,709.0,2.0,0.0
35000.0, 60 months,17.97,D,7 years,MORTGAGE,79000.0,Charged Off,credit_card,18.49,0.0,690.0,694.0,0.0,0.0
10000.0, 36 months,8.38,B,6 years,MORTGAGE,79000.0,Fully Paid,debt_consolidation,12.94,0.0,670.0,674.0,0.0,0.0
8750.0, 36 months,13.18,C,3 years,RENT,65000.0,Fully Paid,debt_consolidation,16.38,0.0,680.0,684.0,0.0,0.0
7375.0, 36 months,13.18,C,8 years,RENT,28000.0,Fully Paid,debt_consolidation,22.72,0.0,690.0,694.0,0.0,0.0
28000.0, 36 months,5.32,A,1 year,MORTGAGE,265000.0,Fully Paid,home_improvement,9.49,0.0,720.0,724.0,0.0,0.0
7325.0, 36 months,13.67,C,7 years,OWN,36000.0,Fully Paid,other,20.76,0.0,670.0,674.0,0.0,0.0
8000.0, 36 months,13.18,C,10+ years,MORTGAGE,55000.0,Fully Paid,debt_consolidation,12.18,0.0,715.0,719.0,0.0,0.0
6125.0, 36 months,5.32,A,1 year,MORTGAGE,30000.0,Charged Off,credit_card,16.6,0.0,725.0,729.0,0.0,0.0
2775.0, 36 months,19.99,E,7 years,RENT,35000.0,Fully Paid,debt_consolidation,30.08,0.0,660.0,664.0,1.0,0.0
32000.0, 60 months,15.41,D,10+ years,RENT,85000.0,Fully Paid,credit_card,8.73,0.0,670.0,674.0,2.0,0.0
28000.0, 60 months,9.17,B,1 year,MORTGAGE,160000.0,Fully Paid,credit_card,15.13,1.0,720.0,724.0,2.0,0.0
10000.0, 36 months,13.67,C,7 years,OWN,40000.0,Fully Paid,other,30.3,0.0,725.0,729.0,0.0,0.0
2400.0, 36 months,7.91,A,8 years,RENT,26000.0,Fully Paid,debt_consolidation,25.92,0.0,725.0,729.0,0.0,0.0
25000.0, 36 months,8.38,B,6 years,MORTGAGE,168000.0,Fully Paid,debt_consolidation,27.62,3.0,690.0,694.0,0.0,0.0
21000.0, 36 months,11.49,B,2 years,RENT,90000.0,Fully Paid,credit_card,15.52,0.0,730.0,734.0,2.0,3.0
23000.0, 36 months,11.22,B,10+ years,MORTGAGE,120000.0,Fully Paid,debt_consolidation,12.92,0.0,680.0,684.0,0.0,0.0
10400.0, 60 months,16.55,D,,MORTGAGE,100000.0,Charged Off,debt_consolidation,17.4,1.0,660.0,664.0,2.0,1.0
17500.0, 36 months,5.32,A,2 years,MORTGAGE,199500.0,Fully Paid,credit_card,14.21,0.0,750.0,754.0,0.0,0.0
24000.0, 60 months,13.99,C,10+ years,MORTGAGE,115000.0,Fully Paid,debt_consolidation,17.71,0.0,690.0,694.0,2.0,1.0
12000.0, 36 months,10.64,B,< 1 year,RENT,155000.0,Fully Paid,other,10.31,0.0,690.0,694.0,0.0,0.0
15000.0, 36 months,15.77,D,10+ years,MORTGAGE,80350.0,Fully Paid,debt_consolidation,26.88,0.0,710.0,714.0,0.0,0.0
19075.0, 60 months,22.99,F,10+ years,MORTGAGE,92000.0,Fully Paid,home_improvement,17.28,0.0,665.0,669.0,0.0,1.0
24000.0, 36 months,12.59,C,,MORTGAGE,49284.0,Charged Off,debt_consolidation,17.63,0.0,670.0,674.0,1.0,1.0
4000.0, 36 months,11.99,C,10+ years,MORTGAGE,48000.0,Fully Paid,home_improvement,27.18,0.0,675.0,679.0,0.0,1.0
35000.0, 60 months,20.5,E,10+ years,MORTGAGE,87250.0,Fully Paid,debt_consolidation,17.04,0.0,660.0,664.0,0.0,0.0
32000.0, 36 months,12.88,C,10+ years,MORTGAGE,108000.0,Fully Paid,credit_card,25.63,1.0,670.0,674.0,2.0,0.0
24000.0, 36 months,7.89,A,,RENT,80000.0,Fully Paid,debt_consolidation,30.6,1.0,705.0,709.0,0.0,0.0
16700.0, 36 months,13.67,C,10+ years,OWN,38000.0,Fully Paid,credit_card,23.91,0.0,690.0,694.0,0.0,0.0
10000.0, 36 months,12.59,C,< 1 year,RENT,70000.0,Fully Paid,other,18.62,0.0,715.0,719.0,0.0,0.0
6250.0, 36 months,19.99,E,9 years,RENT,50000.0,Charged Off,house,9.65,0.0,680.0,684.0,0.0,0.0
7000.0, 36 months,11.49,B,10+ years,MORTGAGE,43000.0,Fully Paid,home_improvement,33.1,0.0,715.0,719.0,0.0,0.0
10000.0, 36 months,11.22,B,10+ years,MORTGAGE,46000.0,Fully Paid,other,20.66,0.0,690.0,694.0,0.0,0.0
20000.0, 36 months,10.64,B,2 years,RENT,110000.0,Charged Off,debt_consolidation,6.77,0.0,695.0,699.0,0.0,0.0
19800.0, 36 months,6.89,A,4 years,MORTGAGE,70000.0,Fully Paid,credit_card,22.48,0.0,695.0,699.0,0.0,0.0
14000.0, 36 months,9.76,B,10+ years,RENT,61000.0,Fully Paid,debt_consolidation,37.66,0.0,745.0,749.0,0.0,0.0
8000.0, 36 months,10.64,B,4 years,RENT,23000.0,Fully Paid,debt_consolidation,12.73,0.0,665.0,669.0,1.0,0.0
16000.0, 60 months,10.99,B,< 1 year,MORTGAGE,115000.0,Fully Paid,debt_consolidation,11.91,0.0,705.0,709.0,0.0,0.0
18000.0, 36 months,5.32,A,10+ years,MORTGAGE,90000.0,Fully Paid,credit_card,11.53,0.0,685.0,689.0,0.0,0.0
35000.0, 60 months,19.99,E,3 years,RENT,110000.0,Charged Off,debt_consolidation,21.78,0.0,700.0,704.0,0.0,0.0
20000.0, 60 months,11.99,C,10+ years,MORTGAGE,150000.0,Fully Paid,house,4.76,0.0,735.0,739.0,1.0,0.0
18000.0, 36 months,8.38,B,10+ years,MORTGAGE,104000.0,Fully Paid,debt_consolidation,16.35,11.0,680.0,684.0,2.0,0.0
35000.0, 36 months,7.89,A,,MORTGAGE,76900.0,Fully Paid,debt_consolidation,13.72,0.0,740.0,744.0,0.0,0.0
30000.0, 60 months,18.49,E,10+ years,MORTGAGE,120000.0,Fully Paid,debt_consolidation,16.39,1.0,685.0,689.0,0.0,0.0
2000.0, 36 months,11.99,C,10+ years,MORTGAGE,53000.0,Charged Off,major_purchase,25.14,0.0,660.0,664.0,0.0,1.0
9600.0, 36 months,9.17,B,2 years,RENT,55000.0,Fully Paid,debt_consolidation,13.81,0.0,670.0,674.0,0.0,0.0
10000.0, 36 months,12.59,C,< 1 year,MORTGAGE,80000.0,Fully Paid,debt_consolidation,3.23,0.0,660.0,664.0,4.0,1.0
10000.0, 36 months,12.05,C,10+ years,MORTGAGE,50000.0,Fully Paid,home_improvement,17.79,0.0,685.0,689.0,0.0,0.0
5000.0, 36 months,14.48,C,2 years,MORTGAGE,25200.0,Fully Paid,debt_consolidation,35.43,1.0,680.0,684.0,1.0,0.0
8400.0, 36 months,5.32,A,8 years,MORTGAGE,70000.0,Fully Paid,credit_card,26.66,0.0,690.0,694.0,1.0,0.0
2000.0, 36 months,11.99,C,4 years,RENT,35000.0,Fully Paid,debt_consolidation,4.01,0.0,660.0,664.0,2.0,1.0
15000.0, 60 months,13.18,C,5 years,RENT,62000.0,Fully Paid,debt_consolidation,17.94,0.0,680.0,684.0,1.0,1.0
9000.0, 36 months,14.48,C,< 1 year,RENT,40000.0,Charged Off,major_purchase,31.29,0.0,665.0,669.0,1.0,2.0
24750.0, 60 months,24.99,F,4 years,MORTGAGE,77360.16,Charged Off,other,20.09,1.0,660.0,664.0,0.0,0.0
5700.0, 36 months,15.41,D,10+ years,MORTGAGE,84500.0,Fully Paid,other,36.59,0.0,665.0,669.0,0.0,0.0
10000.0, 36 months,10.64,B,10+ years,MORTGAGE,63000.0,Charged Off,credit_card,33.92,0.0,675.0,679.0,2.0,0.0
8550.0, 36 months,13.67,C,,OWN,18768.0,Fully Paid,moving,26.67,0.0,670.0,674.0,1.0,2.0
18000.0, 60 months,9.17,B,2 years,MORTGAGE,50232.0,Fully Paid,credit_card,16.2,0.0,685.0,689.0,0.0,0.0
16800.0, 60 months,18.99,E,,RENT,37360.0,Fully Paid,debt_consolidation,32.64,0.0,675.0,679.0,1.0,0.0
21000.0, 36 months,7.26,A,10+ years,OWN,47800.0,Fully Paid,debt_consolidation,17.7,0.0,745.0,749.0,0.0,0.0
24000.0, 36 months,6.24,A,10+ years,MORTGAGE,125000.0,Fully Paid,credit_card,21.18,1.0,710.0,714.0,0.0,0.0
6000.0, 36 months,5.32,A,10+ years,MORTGAGE,67000.0,Fully Paid,credit_card,24.0,0.0,720.0,724.0,0.0,0.0
10000.0, 36 months,7.26,A,10+ years,OWN,140000.0,Fully Paid,debt_consolidation,1.5,0.0,690.0,694.0,0.0,0.0
3000.0, 36 months,6.24,A,2 years,MORTGAGE,55461.0,Fully Paid,credit_card,18.13,0.0,775.0,779.0,0.0,0.0
27000.0, 36 months,14.85,C,6 years,MORTGAGE,127000.0,Fully Paid,small_business,18.85,0.0,665.0,669.0,1.0,0.0
12000.0, 60 months,8.38,B,2 years,MORTGAGE,50000.0,Fully Paid,debt_consolidation,0.86,0.0,785.0,789.0,0.0,0.0
7000.0, 36 months,9.76,B,2 years,MORTGAGE,55000.0,Fully Paid,credit_card,21.95,0.0,675.0,679.0,2.0,1.0
7000.0, 36 months,9.17,B,,RENT,25000.0,Fully Paid,credit_card,6.43,0.0,660.0,664.0,0.0,2.0
4000.0, 36 months,13.18,C,5 years,RENT,48500.0,Fully Paid,debt_consolidation,6.06,0.0,695.0,699.0,2.0,0.0
16800.0, 60 months,19.48,E,7 years,RENT,56500.0,Fully Paid,credit_card,22.81,0.0,670.0,674.0,2.0,0.0
5500.0, 36 months,8.38,B,2 years,RENT,26400.0,Fully Paid,debt_consolidation,24.73,1.0,690.0,694.0,0.0,0.0
4800.0, 36 months,11.48,B,9 years,OWN,52000.0,Fully Paid,debt_consolidation,9.99,1.0,735.0,739.0,0.0,1.0
24000.0, 36 months,9.99,B,10+ years,MORTGAGE,100000.0,Fully Paid,debt_consolidation,20.33,1.0,710.0,714.0,1.0,0.0
35000.0, 36 months,7.89,A,1 year,MORTGAGE,130000.0,Fully Paid,credit_card,22.82,0.0,715.0,719.0,0.0,0.0
6000.0, 36 months,9.76,B,3 years,RENT,60000.0,Fully Paid,other,6.42,0.0,680.0,684.0,0.0,1.0
7200.0, 36 months,8.38,B,,OWN,29580.0,Fully Paid,debt_consolidation,10.47,0.0,705.0,709.0,0.0,0.0
20000.0, 60 months,18.49,E,10+ years,MORTGAGE,70000.0,Fully Paid,debt_consolidation,38.95,0.0,660.0,664.0,1.0,0.0
32000.0, 60 months,16.99,D,8 years,MORTGAGE,405000.0,Fully Paid,medical,10.49,1.0,690.0,694.0,0.0,0.0
30000.0, 36 months,8.38,B,5 years,MORTGAGE,127610.0,Fully Paid,debt_consolidation,34.01,0.0,690.0,694.0,0.0,0.0
7000.0, 36 months,12.59,C,< 1 year,RENT,17000.0,Fully Paid,credit_card,38.06,0.0,690.0,694.0,2.0,1.0
15000.0, 36 months,6.24,A,3 years,RENT,185000.0,Fully Paid,credit_card,6.53,0.0,750.0,754.0,0.0,0.0
12500.0, 36 months,16.55,D,10+ years,RENT,35000.0,Fully Paid,debt_consolidation,27.67,1.0,675.0,679.0,0.0,0.0
5000.0, 36 months,12.59,C,10+ years,RENT,38000.0,Fully Paid,debt_consolidation,35.82,1.0,690.0,694.0,1.0,0.0
13000.0, 36 months,5.32,A,,MORTGAGE,93130.0,Fully Paid,home_improvement,26.48,0.0,795.0,799.0,1.0,0.0
21000.0, 60 months,13.67,C,10+ years,RENT,75000.0,Charged Off,debt_consolidation,27.09,0.0,660.0,664.0,0.0,0.0
3500.0, 36 months,10.64,B,10+ years,RENT,65089.0,Charged Off,debt_consolidation,30.59,1.0,660.0,664.0,0.0,0.0
7000.0, 36 months,9.17,B,6 years,RENT,50000.0,Charged Off,debt_consolidation,12.99,0.0,660.0,664.0,0.0,1.0
8000.0, 36 months,14.48,C,10+ years,OWN,76960.0,Fully Paid,major_purchase,24.19,0.0,665.0,669.0,1.0,1.0
3000.0, 36 months,12.59,C,2 years,RENT,66650.0,Fully Paid,debt_consolidation,7.26,0.0,660.0,664.0,0.0,0.0
22000.0, 36 months,9.17,B,2 years,OWN,53000.0,Fully Paid,credit_card,15.4,5.0,660.0,664.0,0.0,0.0
7000.0, 36 months,15.77,D,10+ years,MORTGAGE,60000.0,Fully Paid,debt_consolidation,7.28,0.0,670.0,674.0,1.0,0.0
28000.0, 60 months,9.17,B,< 1 year,RENT,224000.0,Fully Paid,credit_card,19.33,0.0,700.0,704.0,0.0,0.0
20225.0, 36 months,12.59,C,4 years,MORTGAGE,46000.0,Fully Paid,debt_consolidation,16.38,0.0,760.0,764.0,1.0,0.0
10000.0, 36 months,13.18,C,2 years,RENT,45000.0,Fully Paid,credit_card,13.07,0.0,690.0,694.0,0.0,0.0
18000.0, 36 months,8.38,B,5 years,RENT,76125.0,Fully Paid,debt_consolidation,12.27,1.0,665.0,669.0,2.0,1.0
5000.0, 36 months,11.22,B,10+ years,MORTGAGE,35000.0,Fully Paid,other,26.89,0.0,670.0,674.0,3.0,1.0
28000.0, 60 months,15.77,D,10+ years,MORTGAGE,82000.0,Fully Paid,credit_card,31.77,0.0,695.0,699.0,1.0,0.0
7200.0, 36 months,11.22,B,10+ years,RENT,40000.0,Fully Paid,credit_card,10.78,0.0,660.0,664.0,2.0,0.0
12000.0, 36 months,9.17,B,7 years,RENT,60000.0,Fully Paid,credit_card,23.32,4.0,710.0,714.0,0.0,0.0
24000.0, 36 months,9.17,B,< 1 year,MORTGAGE,125000.0,Fully Paid,debt_consolidation,21.55,0.0,730.0,734.0,0.0,0.0
6000.0, 36 months,11.99,C,1 year,RENT,26000.0,Charged Off,credit_card,12.14,0.0,660.0,664.0,0.0,0.0
6000.0, 36 months,13.18,C,10+ years,RENT,49901.2,Charged Off,other,7.43,0.0,675.0,679.0,1.0,0.0
11200.0, 60 months,16.99,D,3 years,MORTGAGE,50000.0,Fully Paid,debt_consolidation,10.87,0.0,690.0,694.0,0.0,0.0
7100.0, 36 months,16.99,D,10+ years,RENT,54000.0,Charged Off,debt_consolidation,12.94,0.0,665.0,669.0,0.0,1.0
4000.0, 36 months,10.78,B,9 years,RENT,51000.0,Fully Paid,home_improvement,20.75,0.0,665.0,669.0,0.0,1.0
15000.0, 36 months,11.22,B,9 years,MORTGAGE,45000.0,Fully Paid,debt_consolidation,16.75,0.0,680.0,684.0,0.0,1.0
15000.0, 60 months,13.67,C,8 years,RENT,65000.0,Fully Paid,debt_consolidation,7.72,0.0,690.0,694.0,0.0,0.0
3975.0, 36 months,16.55,D,,MORTGAGE,70000.0,Charged Off,debt_consolidation,22.7,0.0,680.0,684.0,1.0,0.0
20000.0, 60 months,16.99,D,10+ years,RENT,75000.0,Charged Off,debt_consolidation,35.92,0.0,715.0,719.0,0.0,0.0
35000.0, 36 months,7.89,A,4 years,RENT,210000.0,Fully Paid,major_purchase,16.72,0.0,805.0,809.0,0.0,0.0
10000.0, 36 months,11.99,C,9 years,MORTGAGE,40000.0,Charged Off,debt_consolidation,24.21,0.0,680.0,684.0,0.0,0.0
9075.0, 36 months,15.41,D,,MORTGAGE,63000.0,Fully Paid,debt_consolidation,14.44,0.0,715.0,719.0,1.0,0.0
15000.0, 36 months,10.64,B,6 years,RENT,85000.0,Charged Off,house,21.49,2.0,665.0,669.0,0.0,0.0
14000.0, 60 months,11.22,B,10+ years,MORTGAGE,67716.0,Fully Paid,credit_card,11.31,0.0,670.0,674.0,1.0,1.0
35000.0, 60 months,19.99,E,5 years,OWN,104400.0,Fully Paid,home_improvement,15.18,0.0,675.0,679.0,2.0,0.0
17600.0, 36 months,11.22,B,4 years,RENT,106055.39,Fully Paid,house,18.84,1.0,730.0,734.0,0.0,0.0
16000.0, 60 months,13.67,C,8 years,MORTGAGE,62000.0,Fully Paid,debt_consolidation,29.54,1.0,680.0,684.0,1.0,0.0
4000.0, 36 months,8.38,B,6 years,RENT,67000.0,Charged Off,medical,9.21,0.0,785.0,789.0,0.0,0.0
30000.0, 60 months,18.99,E,2 years,RENT,120000.0,Fully Paid,debt_consolidation,18.1,0.0,725.0,729.0,0.0,0.0
21950.0, 60 months,18.49,E,10+ years,RENT,49900.0,Charged Off,debt_consolidation,25.11,0.0,695.0,699.0,0.0,0.0
15000.0, 36 months,11.99,C,2 years,RENT,55000.0,Charged Off,debt_consolidation,29.63,3.0,665.0,669.0,0.0,0.0
4800.0, 36 months,11.22,B,4 years,RENT,24480.0,Fully Paid,credit_card,9.35,0.0,675.0,679.0,0.0,0.0
30000.0, 60 months,10.64,B,10+ years,RENT,105000.0,Charged Off,credit_card,30.33,0.0,685.0,689.0,0.0,0.0
12000.0, 36 months,12.88,C,8 years,MORTGAGE,52000.0,Fully Paid,debt_consolidation,5.75,0.0,680.0,684.0,1.0,0.0
18750.0, 60 months,17.57,D,10+ years,MORTGAGE,98800.0,Charged Off,debt_consolidation,22.51,0.0,700.0,704.0,0.0,1.0
7200.0, 36 months,13.44,C,2 years,MORTGAGE,276000.0,Fully Paid,debt_consolidation,7.44,1.0,680.0,684.0,1.0,0.0
15750.0, 60 months,21.99,F,< 1 year,OWN,42000.0,Fully Paid,debt_consolidation,30.03,0.0,660.0,664.0,3.0,1.0
21400.0, 36 months,11.22,B,4 years,RENT,51000.0,Charged Off,debt_consolidation,13.42,2.0,670.0,674.0,0.0,1.0
12000.0, 36 months,10.64,B,7 years,MORTGAGE,65000.0,Fully Paid,major_purchase,19.34,1.0,660.0,664.0,1.0,0.0
28100.0, 60 months,23.99,F,5 years,RENT,305000.0,Charged Off,debt_consolidation,10.65,0.0,670.0,674.0,3.0,2.0
15000.0, 36 months,9.76,B,< 1 year,OWN,45000.0,Charged Off,major_purchase,1.79,0.0,665.0,669.0,0.0,0.0
14400.0, 36 months,10.64,B,< 1 year,MORTGAGE,41784.0,Fully Paid,credit_card,34.92,0.0,690.0,694.0,0.0,0.0
19500.0, 60 months,13.18,C,1 year,MORTGAGE,45000.0,Fully Paid,credit_card,20.62,0.0,750.0,754.0,0.0,0.0
12000.0, 36 months,7.26,A,< 1 year,RENT,45000.0,Fully Paid,debt_consolidation,10.99,0.0,740.0,744.0,0.0,0.0
18000.0, 60 months,14.48,C,10+ years,MORTGAGE,83000.0,Fully Paid,debt_consolidation,18.96,2.0,660.0,664.0,1.0,1.0
9250.0, 36 months,18.2,E,6 years,MORTGAGE,110000.0,Fully Paid,home_improvement,7.93,3.0,690.0,694.0,0.0,0.0
10000.0, 36 months,8.38,B,2 years,OWN,70000.0,Fully Paid,credit_card,22.7,0.0,660.0,664.0,0.0,0.0
35000.0, 60 months,17.86,D,< 1 year,RENT,160000.0,Charged Off,credit_card,12.56,0.0,680.0,684.0,1.0,0.0
8000.0, 36 months,11.48,B,1 year,RENT,50000.0,Fully Paid,credit_card,12.67,0.0,680.0,684.0,1.0,0.0
11950.0, 36 months,9.76,B,< 1 year,RENT,31500.0,Fully Paid,credit_card,20.27,0.0,710.0,714.0,0.0,0.0
12000.0, 60 months,13.67,C,6 years,RENT,40500.0,Charged Off,debt_consolidation,33.22,0.0,685.0,689.0,2.0,0.0
19575.0, 60 months,16.55,D,4 years,MORTGAGE,65000.0,Charged Off,debt_consolidation,23.5,5.0,675.0,679.0,1.0,0.0
25200.0, 60 months,10.64,B,10+ years,MORTGAGE,90000.0,Fully Paid,home_improvement,22.63,1.0,705.0,709.0,0.0,0.0
10000.0, 60 months,11.22,B,,RENT,29500.0,Charged Off,credit_card,24.56,0.0,665.0,669.0,0.0,0.0
12800.0, 36 months,18.49,E,< 1 year,RENT,32000.0,Fully Paid,debt_consolidation,23.93,0.0,690.0,694.0,0.0,0.0
5000.0, 36 months,7.89,A,2 years,OWN,32000.0,Charged Off,debt_consolidation,27.64,0.0,700.0,704.0,0.0,0.0
21600.0, 60 months,13.67,C,10+ years,RENT,56655.0,Fully Paid,debt_consolidation,24.85,0.0,675.0,679.0,0.0,0.0
4000.0, 36 months,7.26,A,3 years,RENT,25000.0,Fully Paid,credit_card,6.96,0.0,690.0,694.0,1.0,0.0
15000.0, 36 months,7.89,A,8 years,RENT,45000.0,Fully Paid,credit_card,9.67,0.0,700.0,704.0,0.0,0.0
25000.0, 60 months,6.0,C,1 year,MORTGAGE,125000.0,Fully Paid,debt_consolidation,12.59,2.0,660.0,664.0,2.0,0.0
10000.0, 36 months,10.99,B,2 years,RENT,36000.0,Fully Paid,credit_card,14.97,0.0,680.0,684.0,0.0,0.0
12000.0, 36 months,9.17,B,6 years,RENT,46000.0,Fully Paid,debt_consolidation,15.11,1.0,670.0,674.0,0.0,0.0
35000.0, 36 months,9.76,B,< 1 year,MORTGAGE,525000.0,Fully Paid,debt_consolidation,6.35,0.0,720.0,724.0,1.0,0.0
17675.0, 36 months,18.2,E,1 year,MORTGAGE,52000.0,Fully Paid,debt_consolidation,19.92,0.0,665.0,669.0,0.0,1.0
21000.0, 36 months,13.18,C,< 1 year,MORTGAGE,73000.0,Charged Off,credit_card,20.66,0.0,660.0,664.0,2.0,1.0
6000.0, 36 months,11.22,B,1 year,MORTGAGE,50000.0,Fully Paid,home_improvement,25.88,1.0,715.0,719.0,1.0,0.0
34000.0, 36 months,8.38,B,10+ years,MORTGAGE,92000.0,Fully Paid,debt_consolidation,19.21,0.0,745.0,749.0,0.0,0.0
5000.0, 36 months,11.99,C,4 years,RENT,34000.0,Charged Off,credit_card,11.4,0.0,665.0,669.0,0.0,0.0
10000.0, 36 months,11.99,C,4 years,MORTGAGE,40000.0,Fully Paid,other,13.59,1.0,685.0,689.0,1.0,0.0
5000.0, 36 months,8.18,B,< 1 year,RENT,38000.0,Fully Paid,debt_consolidation,14.47,0.0,675.0,679.0,0.0,0.0
24150.0, 60 months,18.49,E,2 years,MORTGAGE,73000.0,Fully Paid,debt_consolidation,8.35,0.0,660.0,664.0,0.0,0.0
30000.0, 60 months,13.18,C,2 years,MORTGAGE,170000.0,Fully Paid,major_purchase,16.03,0.0,725.0,729.0,0.0,0.0
23050.0, 60 months,23.99,F,3 years,MORTGAGE,80000.0,Fully Paid,debt_consolidation,14.55,0.0,665.0,669.0,0.0,1.0
1600.0, 36 months,15.41,D,10+ years,RENT,44000.0,Charged Off,debt_consolidation,13.26,1.0,660.0,664.0,2.0,2.0
27300.0, 60 months,18.49,E,6 years,RENT,65000.0,Charged Off,debt_consolidation,30.95,1.0,695.0,699.0,0.0,0.0
12000.0, 60 months,28.49,G,2 years,MORTGAGE,78000.0,Fully Paid,debt_consolidation,9.22,0.0,670.0,674.0,1.0,0.0
24000.0, 36 months,9.17,B,10+ years,RENT,62000.0,Fully Paid,debt_consolidation,11.63,3.0,670.0,674.0,1.0,0.0
12000.0, 36 months,10.64,B,9 years,RENT,55000.0,Fully Paid,debt_consolidation,33.73,0.0,665.0,669.0,0.0,0.0
4200.0, 36 months,10.99,B,10+ years,MORTGAGE,25000.0,Fully Paid,medical,27.36,0.0,675.0,679.0,0.0,1.0
8000.0, 36 months,10.64,B,5 years,MORTGAGE,43500.0,Fully Paid,major_purchase,35.59,0.0,715.0,719.0,0.0,0.0
29800.0, 36 months,13.44,C,10+ years,RENT,99000.0,Fully Paid,debt_consolidation,23.28,0.0,710.0,714.0,0.0,0.0
3000.0, 36 months,11.48,B,5 years,MORTGAGE,45000.0,Fully Paid,debt_consolidation,15.73,0.0,765.0,769.0,0.0,0.0
12000.0, 60 months,21.99,F,10+ years,RENT,45000.0,Charged Off,debt_consolidation,21.41,0.0,665.0,669.0,0.0,0.0
19900.0, 60 months,18.99,E,8 years,MORTGAGE,75000.0,Fully Paid,debt_consolidation,14.22,1.0,670.0,674.0,0.0,1.0
18700.0, 36 months,16.99,D,1 year,MORTGAGE,55000.0,Charged Off,debt_consolidation,38.64,1.0,670.0,674.0,1.0,0.0
4000.0, 36 months,10.64,B,2 years,MORTGAGE,20460.0,Fully Paid,debt_consolidation,30.55,0.0,715.0,719.0,0.0,0.0
2300.0, 36 months,11.99,C,2 years,RENT,25000.0,Fully Paid,debt_consolidation,23.38,0.0,665.0,669.0,0.0,0.0
9000.0, 36 months,8.38,B,2 years,RENT,40000.0,Fully Paid,credit_card,27.45,0.0,675.0,679.0,0.0,0.0
5000.0, 36 months,14.85,C,10+ years,OWN,116000.0,Charged Off,debt_consolidation,18.46,1.0,700.0,704.0,0.0,0.0
10000.0, 36 months,9.17,B,4 years,RENT,50000.0,Fully Paid,debt_consolidation,30.71,0.0,725.0,729.0,3.0,0.0
9000.0, 36 months,9.8,B,10+ years,MORTGAGE,74000.0,Fully Paid,credit_card,6.91,0.0,675.0,679.0,1.0,0.0
4550.0, 36 months,18.49,E,< 1 year,RENT,25000.0,Fully Paid,debt_consolidation,19.59,0.0,660.0,664.0,1.0,0.0
30000.0, 60 months,13.67,C,5 years,OWN,169000.0,Fully Paid,debt_consolidation,18.82,0.0,660.0,664.0,0.0,1.0
1400.0, 36 months,13.18,C,,MORTGAGE,57000.0,Charged Off,other,36.19,3.0,675.0,679.0,0.0,0.0
15000.0, 36 months,10.64,B,1 year,RENT,56000.0,Fully Paid,credit_card,13.49,0.0,660.0,664.0,0.0,0.0
10000.0, 36 months,9.17,B,1 year,RENT,38000.0,Fully Paid,debt_consolidation,6.63,1.0,660.0,664.0,0.0,0.0
4000.0, 36 months,11.99,C,7 years,RENT,30000.0,Fully Paid,debt_consolidation,31.28,0.0,665.0,669.0,0.0,0.0
11400.0, 36 months,14.48,C,< 1 year,RENT,75000.0,Fully Paid,debt_consolidation,28.04,0.0,695.0,699.0,1.0,0.0
10000.0, 36 months,10.64,B,10+ years,RENT,32000.0,Charged Off,debt_consolidation,28.32,0.0,695.0,699.0,0.0,0.0
24000.0, 60 months,12.59,C,10+ years,MORTGAGE,90000.0,Fully Paid,other,11.24,0.0,765.0,769.0,0.0,0.0
19700.0, 60 months,18.49,E,10+ years,MORTGAGE,99500.0,Charged Off,small_business,30.77,6.0,690.0,694.0,0.0,0.0
9600.0, 36 months,12.59,C,,MORTGAGE,39000.0,Charged Off,debt_consolidation,33.45,0.0,670.0,674.0,2.0,1.0
10000.0, 60 months,18.2,E,10+ years,MORTGAGE,70000.0,Charged Off,debt_consolidation,37.29,0.0,670.0,674.0,1.0,1.0
35000.0, 60 months,13.67,C,7 years,MORTGAGE,98000.0,Fully Paid,credit_card,21.12,0.0,670.0,674.0,0.0,0.0
3675.0, 36 months,14.48,C,8 years,MORTGAGE,35000.0,Fully Paid,home_improvement,8.74,2.0,690.0,694.0,1.0,0.0
3000.0, 36 months,9.17,B,8 years,RENT,61000.0,Fully Paid,debt_consolidation,13.9,0.0,690.0,694.0,1.0,0.0
30000.0, 36 months,13.99,C,1 year,MORTGAGE,80000.0,Fully Paid,credit_card,35.25,2.0,695.0,699.0,2.0,0.0
5475.0, 36 months,14.48,C,8 years,MORTGAGE,27000.0,Charged Off,debt_consolidation,25.75,0.0,690.0,694.0,0.0,0.0
16000.0, 36 months,6.24,A,10+ years,MORTGAGE,160000.0,Fully Paid,credit_card,8.36,1.0,705.0,709.0,0.0,0.0
15000.0, 60 months,18.2,E,10+ years,MORTGAGE,72000.0,Charged Off,debt_consolidation,34.75,0.0,675.0,679.0,0.0,0.0
12000.0, 60 months,16.59,D,10+ years,MORTGAGE,101000.0,Fully Paid,debt_consolidation,22.96,0.0,685.0,689.0,3.0,0.0
9000.0, 36 months,11.22,B,8 years,MORTGAGE,32000.0,Fully Paid,debt_consolidation,26.22,0.0,670.0,674.0,1.0,0.0
11200.0, 36 months,6.24,A,10+ years,MORTGAGE,180000.0,Fully Paid,debt_consolidation,31.17,0.0,685.0,689.0,1.0,1.0
18000.0, 36 months,6.24,A,10+ years,RENT,65000.0,Fully Paid,credit_card,10.07,0.0,700.0,704.0,0.0,1.0
6000.0, 36 months,5.32,A,10+ years,RENT,69000.0,Fully Paid,debt_consolidation,13.35,0.0,695.0,699.0,0.0,0.0
8000.0, 36 months,6.89,A,10+ years,MORTGAGE,130000.0,Fully Paid,other,13.79,0.0,700.0,704.0,0.0,0.0
10000.0, 36 months,8.38,B,10+ years,MORTGAGE,45000.0,Fully Paid,debt_consolidation,13.44,0.0,660.0,664.0,0.0,0.0
5000.0, 36 months,9.17,B,8 years,MORTGAGE,31200.0,Fully Paid,debt_consolidation,12.85,0.0,750.0,754.0,1.0,0.0
10000.0, 36 months,5.32,A,10+ years,RENT,90000.0,Fully Paid,major_purchase,0.8,0.0,805.0,809.0,0.0,0.0
8200.0, 36 months,20.99,E,10+ years,MORTGAGE,27348.0,Charged Off,debt_consolidation,30.14,0.0,675.0,679.0,1.0,0.0
10000.0, 36 months,8.38,B,10+ years,MORTGAGE,75000.0,Fully Paid,credit_card,5.84,0.0,675.0,679.0,0.0,0.0
16000.0, 60 months,9.17,B,10+ years,RENT,80050.0,Charged Off,debt_consolidation,16.28,0.0,690.0,694.0,0.0,0.0
14400.0, 36 months,11.99,C,2 years,RENT,40000.0,Fully Paid,debt_consolidation,30.51,0.0,670.0,674.0,1.0,0.0
5600.0, 36 months,11.22,B,10+ years,RENT,83000.0,Fully Paid,car,12.29,0.0,675.0,679.0,0.0,0.0
9000.0, 36 months,6.24,A,10+ years,RENT,61900.0,Fully Paid,debt_consolidation,20.01,0.0,735.0,739.0,0.0,0.0
2000.0, 36 months,11.22,B,,RENT,21840.0,Fully Paid,other,23.35,0.0,675.0,679.0,2.0,1.0
1000.0, 36 months,13.99,C,9 years,OWN,120000.0,Fully Paid,other,20.84,1.0,690.0,694.0,2.0,0.0
8500.0, 36 months,5.32,A,10+ years,MORTGAGE,75000.0,Charged Off,debt_consolidation,29.17,0.0,705.0,709.0,1.0,0.0
7125.0, 36 months,16.99,D,,RENT,16968.0,Fully Paid,credit_card,36.71,0.0,660.0,664.0,0.0,0.0
12000.0, 60 months,18.49,E,7 years,OWN,37560.0,Fully Paid,debt_consolidation,18.72,0.0,670.0,674.0,1.0,0.0
30000.0, 36 months,6.89,A,2 years,OWN,75000.0,Fully Paid,credit_card,28.56,0.0,700.0,704.0,0.0,0.0
5000.0, 36 months,9.76,B,< 1 year,RENT,30000.0,Fully Paid,debt_consolidation,11.32,0.0,685.0,689.0,0.0,0.0
8000.0, 36 months,10.64,B,,RENT,21480.0,Fully Paid,credit_card,24.64,0.0,705.0,709.0,1.0,0.0
35000.0, 60 months,22.99,F,4 years,MORTGAGE,135000.0,Charged Off,debt_consolidation,17.9,0.0,660.0,664.0,0.0,0.0
32000.0, 36 months,12.05,C,10+ years,MORTGAGE,129592.0,Fully Paid,credit_card,6.42,0.0,660.0,664.0,0.0,0.0
18175.0, 36 months,9.8,B,,OWN,38000.0,Fully Paid,credit_card,15.6,0.0,685.0,689.0,3.0,0.0
20000.0, 36 months,12.88,C,4 years,RENT,65000.0,Fully Paid,debt_consolidation,21.14,0.0,690.0,694.0,0.0,0.0
15000.0, 36 months,5.32,A,8 years,OWN,51000.0,Fully Paid,debt_consolidation,19.56,0.0,845.0,850.0,0.0,0.0
25000.0, 36 months,9.8,B,10+ years,MORTGAGE,70000.0,Fully Paid,debt_consolidation,15.2,0.0,770.0,774.0,0.0,0.0
30000.0, 36 months,7.49,A,6 years,OWN,130000.0,Fully Paid,debt_consolidation,9.73,0.0,750.0,754.0,0.0,0.0
5000.0, 36 months,11.49,B,7 years,MORTGAGE,35000.0,Fully Paid,debt_consolidation,2.61,1.0,680.0,684.0,3.0,0.0
25000.0, 36 months,5.32,A,2 years,MORTGAGE,98000.0,Fully Paid,debt_consolidation,9.16,0.0,790.0,794.0,0.0,0.0
24000.0, 36 months,12.59,C,8 years,MORTGAGE,84000.0,Fully Paid,debt_consolidation,30.23,0.0,685.0,689.0,1.0,0.0
10000.0, 60 months,18.49,D,2 years,RENT,55000.0,Charged Off,debt_consolidation,30.29,0.0,690.0,694.0,2.0,0.0
12000.0, 60 months,16.55,D,2 years,MORTGAGE,55000.0,Charged Off,debt_consolidation,24.02,0.0,660.0,664.0,3.0,1.0
20000.0, 36 months,9.17,B,3 years,MORTGAGE,70000.0,Fully Paid,credit_card,14.9,0.0,660.0,664.0,1.0,1.0
19200.0, 60 months,19.99,E,10+ years,MORTGAGE,60000.0,Fully Paid,debt_consolidation,27.85,0.0,680.0,684.0,0.0,0.0
25000.0, 60 months,14.48,C,9 years,MORTGAGE,80000.0,Fully Paid,credit_card,4.88,1.0,660.0,664.0,0.0,0.0
10000.0, 36 months,11.99,C,< 1 year,RENT,35000.0,Fully Paid,credit_card,13.99,0.0,665.0,669.0,0.0,0.0
15750.0, 36 months,18.2,E,< 1 year,OWN,47000.0,Fully Paid,debt_consolidation,17.31,0.0,660.0,664.0,1.0,2.0
14000.0, 36 months,11.22,B,2 years,RENT,48000.0,Fully Paid,credit_card,33.61,1.0,680.0,684.0,1.0,0.0
8950.0, 36 months,15.41,D,2 years,MORTGAGE,50000.0,Charged Off,debt_consolidation,23.93,0.0,680.0,684.0,2.0,0.0
12000.0, 36 months,12.59,C,< 1 year,RENT,200000.0,Fully Paid,other,15.11,0.0,670.0,674.0,0.0,0.0
14000.0, 60 months,14.33,C,5 years,MORTGAGE,90000.0,Fully Paid,debt_consolidation,28.68,0.0,680.0,684.0,2.0,0.0
28000.0, 60 months,13.18,C,10+ years,MORTGAGE,280000.0,Fully Paid,small_business,7.13,1.0,675.0,679.0,0.0,0.0
17000.0, 36 months,11.22,B,10+ years,RENT,54000.0,Charged Off,debt_consolidation,14.98,0.0,665.0,669.0,0.0,0.0
15000.0, 36 months,15.41,D,3 years,RENT,78000.0,Fully Paid,house,26.09,0.0,660.0,664.0,3.0,1.0
20000.0, 36 months,9.76,B,3 years,RENT,60000.0,Fully Paid,debt_consolidation,11.26,0.0,720.0,724.0,0.0,0.0
28000.0, 36 months,5.32,A,2 years,MORTGAGE,90000.0,Fully Paid,debt_consolidation,15.45,0.0,735.0,739.0,0.0,0.0
18500.0, 60 months,9.99,B,2 years,MORTGAGE,80000.0,Fully Paid,debt_consolidation,14.37,0.0,710.0,714.0,1.0,0.0
6000.0, 36 months,9.17,B,2 years,RENT,51000.0,Fully Paid,debt_consolidation,21.93,0.0,665.0,669.0,0.0,1.0
14400.0, 36 months,13.67,C,10+ years,OWN,60000.0,Fully Paid,debt_consolidation,12.86,0.0,660.0,664.0,0.0,0.0
8000.0, 36 months,9.17,B,7 years,MORTGAGE,60000.0,Fully Paid,credit_card,15.78,0.0,710.0,714.0,0.0,1.0
35000.0, 36 months,13.18,C,10+ years,MORTGAGE,125000.0,Fully Paid,debt_consolidation,12.02,1.0,685.0,689.0,0.0,0.0
9000.0, 36 months,11.99,C,7 years,RENT,30000.0,Fully Paid,debt_consolidation,30.6,0.0,670.0,674.0,0.0,0.0
10000.0, 36 months,9.76,B,3 years,MORTGAGE,45000.0,Fully Paid,debt_consolidation,3.28,0.0,725.0,729.0,0.0,0.0
24725.0, 60 months,13.67,C,10+ years,MORTGAGE,78000.0,Charged Off,debt_consolidation,25.45,0.0,685.0,689.0,1.0,0.0
12000.0, 36 months,5.32,A,8 years,MORTGAGE,50000.0,Fully Paid,debt_consolidation,9.1,0.0,790.0,794.0,0.0,0.0
10000.0, 36 months,6.24,A,9 years,MORTGAGE,65000.0,Fully Paid,debt_consolidation,13.35,0.0,795.0,799.0,0.0,0.0
9500.0, 36 months,18.49,E,,RENT,26400.0,Fully Paid,other,20.45,0.0,700.0,704.0,1.0,0.0
15000.0, 36 months,9.17,B,10+ years,MORTGAGE,130000.0,Fully Paid,debt_consolidation,17.64,0.0,700.0,704.0,0.0,0.0
23000.0, 36 months,15.41,D,4 years,MORTGAGE,50000.0,Fully Paid,debt_consolidation,29.69,0.0,715.0,719.0,0.0,0.0
18000.0, 60 months,18.99,E,8 years,MORTGAGE,57100.0,Fully Paid,debt_consolidation,5.63,0.0,670.0,674.0,1.0,0.0
35000.0, 36 months,16.59,D,2 years,MORTGAGE,80000.0,Fully Paid,debt_consolidation,17.39,1.0,685.0,689.0,2.0,0.0
3000.0, 36 months,14.48,C,,RENT,20436.0,Fully Paid,medical,10.69,0.0,665.0,669.0,0.0,0.0
10000.0, 36 months,7.49,A,10+ years,MORTGAGE,70200.0,Fully Paid,debt_consolidation,15.16,0.0,725.0,729.0,0.0,0.0
4800.0, 36 months,7.89,A,10+ years,MORTGAGE,34000.0,Fully Paid,debt_consolidation,22.87,0.0,785.0,789.0,0.0,0.0
23275.0, 36 months,16.99,D,10+ years,OWN,75000.0,Fully Paid,debt_consolidation,18.98,0.0,675.0,679.0,1.0,0.0
9500.0, 36 months,13.18,C,6 years,RENT,60000.0,Fully Paid,debt_consolidation,24.1,0.0,720.0,724.0,0.0,0.0
12000.0, 36 months,10.64,B,10+ years,MORTGAGE,45000.0,Fully Paid,debt_consolidation,14.32,0.0,675.0,679.0,0.0,1.0
5000.0, 36 months,6.89,A,9 years,MORTGAGE,29000.0,Fully Paid,credit_card,17.72,0.0,680.0,684.0,0.0,0.0
3600.0, 36 months,13.67,C,2 years,RENT,75400.0,Charged Off,debt_consolidation,10.89,0.0,665.0,669.0,1.0,1.0
15000.0, 36 months,7.89,A,10+ years,MORTGAGE,150000.0,Fully Paid,small_business,34.14,0.0,710.0,714.0,2.0,0.0
24825.0, 60 months,18.49,E,,OWN,54000.0,Charged Off,credit_card,37.47,0.0,725.0,729.0,0.0,0.0
5000.0, 36 months,12.05,C,5 years,RENT,25000.0,Fully Paid,other,8.02,0.0,710.0,714.0,0.0,0.0
5000.0, 36 months,7.26,A,2 years,MORTGAGE,70000.0,Fully Paid,other,16.57,0.0,720.0,724.0,0.0,0.0
18000.0, 36 months,11.99,C,10+ years,MORTGAGE,74000.0,Fully Paid,debt_consolidation,22.94,0.0,690.0,694.0,0.0,0.0
10000.0, 36 months,9.17,B,,OWN,107000.0,Fully Paid,debt_consolidation,6.05,0.0,695.0,699.0,1.0,0.0
15000.0, 36 months,9.76,B,5 years,MORTGAGE,67000.0,Fully Paid,debt_consolidation,7.99,0.0,675.0,679.0,0.0,0.0
12000.0, 36 months,9.8,B,< 1 year,MORTGAGE,57000.0,Fully Paid,debt_consolidation,15.73,0.0,705.0,709.0,1.0,0.0
17500.0, 60 months,12.59,C,9 years,RENT,43845.0,Charged Off,debt_consolidation,34.46,0.0,680.0,684.0,0.0,1.0
7500.0, 36 months,9.76,B,9 years,RENT,48000.0,Fully Paid,debt_consolidation,18.43,1.0,660.0,664.0,3.0,1.0
10000.0, 36 months,11.22,B,1 year,MORTGAGE,108000.0,Charged Off,debt_consolidation,38.37,0.0,695.0,699.0,0.0,0.0
16200.0, 60 months,15.41,D,3 years,RENT,65000.0,Fully Paid,debt_consolidation,12.15,0.0,700.0,704.0,0.0,1.0
10775.0, 60 months,20.99,E,9 years,MORTGAGE,45000.0,Charged Off,debt_consolidation,26.39,0.0,725.0,729.0,3.0,1.0
24000.0, 36 months,11.22,B,2 years,RENT,75000.0,Fully Paid,credit_card,15.5,0.0,665.0,669.0,0.0,0.0
32000.0, 36 months,8.38,B,< 1 year,MORTGAGE,75000.0,Fully Paid,debt_consolidation,19.18,0.0,740.0,744.0,0.0,0.0
16800.0, 36 months,12.05,C,10+ years,MORTGAGE,42000.0,Fully Paid,debt_consolidation,25.34,0.0,675.0,679.0,0.0,0.0
6675.0, 36 months,16.55,D,10+ years,MORTGAGE,48000.0,Fully Paid,home_improvement,35.7,0.0,685.0,689.0,1.0,0.0
5425.0, 36 months,22.99,F,6 years,MORTGAGE,50000.0,Fully Paid,debt_consolidation,37.95,1.0,690.0,694.0,2.0,0.0
6600.0, 36 months,11.99,C,2 years,OWN,45000.0,Fully Paid,other,33.63,0.0,725.0,729.0,0.0,0.0
11500.0, 36 months,10.64,B,2 years,MORTGAGE,65000.0,Fully Paid,debt_consolidation,11.85,0.0,685.0,689.0,0.0,0.0
15000.0, 36 months,8.38,B,6 years,OWN,51000.0,Fully Paid,debt_consolidation,8.24,0.0,675.0,679.0,0.0,0.0
9850.0, 36 months,16.55,D,,OWN,23500.0,Fully Paid,debt_consolidation,36.26,1.0,665.0,669.0,1.0,1.0
5375.0, 36 months,10.64,B,3 years,RENT,27000.0,Fully Paid,debt_consolidation,29.02,1.0,700.0,704.0,0.0,0.0
2425.0, 36 months,13.67,C,10+ years,OWN,52000.0,Fully Paid,credit_card,12.28,2.0,690.0,694.0,1.0,5.0
20000.0, 36 months,11.99,C,,OWN,72000.0,Fully Paid,credit_card,17.33,0.0,740.0,744.0,0.0,0.0
10000.0, 36 months,11.99,C,6 years,RENT,42000.0,Fully Paid,debt_consolidation,30.77,0.0,670.0,674.0,0.0,1.0
12000.0, 36 months,9.17,B,1 year,RENT,70000.0,Fully Paid,credit_card,20.14,1.0,695.0,699.0,3.0,0.0
12000.0, 36 months,9.76,B,2 years,RENT,70000.0,Fully Paid,debt_consolidation,25.08,0.0,695.0,699.0,0.0,0.0
20000.0, 36 months,9.17,B,7 years,MORTGAGE,260000.0,Fully Paid,medical,22.79,0.0,700.0,704.0,3.0,0.0
10000.0, 36 months,7.26,A,10+ years,OWN,48000.0,Fully Paid,debt_consolidation,27.66,0.0,740.0,744.0,1.0,0.0
10000.0, 36 months,7.89,A,9 years,MORTGAGE,109000.0,Fully Paid,credit_card,13.57,0.0,750.0,754.0,1.0,0.0
15000.0, 36 months,10.64,B,10+ years,MORTGAGE,80000.0,Charged Off,credit_card,36.81,0.0,665.0,669.0,1.0,1.0
26000.0, 60 months,9.17,B,2 years,MORTGAGE,76500.0,Fully Paid,credit_card,17.68,0.0,705.0,709.0,0.0,0.0
7500.0, 36 months,10.64,B,5 years,OWN,35000.0,Fully Paid,moving,25.93,0.0,725.0,729.0,0.0,0.0
24000.0, 36 months,8.38,B,8 years,RENT,79000.0,Fully Paid,credit_card,25.71,0.0,665.0,669.0,0.0,0.0
14425.0, 60 months,23.99,F,6 years,MORTGAGE,40124.0,Charged Off,debt_consolidation,36.0,0.0,660.0,664.0,1.0,0.0
25000.0, 36 months,5.32,A,,MORTGAGE,75000.0,Fully Paid,other,23.14,0.0,830.0,834.0,0.0,0.0
14700.0, 60 months,17.57,D,2 years,RENT,35000.0,Charged Off,debt_consolidation,19.72,0.0,735.0,739.0,0.0,0.0
30000.0, 60 months,13.18,C,10+ years,MORTGAGE,87000.0,Charged Off,credit_card,20.04,2.0,710.0,714.0,0.0,0.0
21000.0, 36 months,9.76,B,5 years,MORTGAGE,62000.0,Fully Paid,debt_consolidation,18.58,0.0,670.0,674.0,0.0,2.0
15000.0, 60 months,15.77,D,3 years,MORTGAGE,65500.0,Fully Paid,credit_card,20.58,1.0,665.0,669.0,2.0,0.0
23100.0, 60 months,17.97,D,10+ years,OWN,55000.0,Fully Paid,debt_consolidation,7.72,0.0,660.0,664.0,0.0,0.0
20000.0, 36 months,7.89,A,10+ years,MORTGAGE,115000.0,Fully Paid,credit_card,19.36,0.0,715.0,719.0,0.0,0.0
10300.0, 60 months,13.67,C,,RENT,26760.0,Charged Off,debt_consolidation,36.37,0.0,750.0,754.0,2.0,0.0
21000.0, 36 months,11.99,C,10+ years,RENT,84220.0,Fully Paid,debt_consolidation,32.96,0.0,720.0,724.0,3.0,0.0
11200.0, 36 months,5.32,A,2 years,MORTGAGE,100000.0,Fully Paid,debt_consolidation,18.84,0.0,745.0,749.0,1.0,0.0
21000.0, 60 months,13.18,C,10+ years,MORTGAGE,183000.0,Fully Paid,credit_card,28.3,0.0,690.0,694.0,0.0,0.0
22400.0, 60 months,17.97,D,2 years,RENT,70000.0,Charged Off,debt_consolidation,39.04,1.0,670.0,674.0,0.0,0.0
4825.0, 36 months,15.41,D,,MORTGAGE,19289.0,Fully Paid,debt_consolidation,24.48,0.0,665.0,669.0,0.0,2.0
11000.0, 36 months,7.26,A,8 years,MORTGAGE,50000.0,Charged Off,debt_consolidation,28.52,1.0,720.0,724.0,2.0,0.0
6000.0, 36 months,11.22,B,10+ years,MORTGAGE,105000.0,Fully Paid,debt_consolidation,17.85,0.0,705.0,709.0,0.0,1.0
2000.0, 36 months,9.17,B,9 years,RENT,52000.0,Fully Paid,debt_consolidation,9.23,0.0,675.0,679.0,1.0,1.0
35000.0, 60 months,11.22,B,8 years,MORTGAGE,263000.0,Fully Paid,credit_card,12.3,0.0,680.0,684.0,1.0,0.0
3600.0, 36 months,16.99,D,10+ years,RENT,73000.0,Fully Paid,other,24.99,1.0,665.0,669.0,2.0,0.0
10325.0, 36 months,22.45,F,10+ years,MORTGAGE,90000.0,Charged Off,debt_consolidation,31.85,1.0,670.0,674.0,3.0,1.0
14325.0, 36 months,10.64,B,,MORTGAGE,50000.0,Fully Paid,credit_card,32.29,0.0,695.0,699.0,0.0,0.0
10000.0, 36 months,9.17,B,10+ years,MORTGAGE,85000.0,Fully Paid,credit_card,23.66,0.0,710.0,714.0,2.0,1.0
15000.0, 36 months,12.05,C,10+ years,OWN,58000.0,Charged Off,credit_card,32.24,0.0,685.0,689.0,1.0,0.0
18225.0, 36 months,13.18,C,5 years,RENT,41421.0,Fully Paid,credit_card,10.72,0.0,665.0,669.0,0.0,0.0
28000.0, 60 months,9.76,B,< 1 year,MORTGAGE,112500.0,Fully Paid,debt_consolidation,22.06,0.0,690.0,694.0,2.0,0.0
2625.0, 36 months,15.41,D,2 years,MORTGAGE,52000.0,Charged Off,other,25.55,1.0,660.0,664.0,0.0,0.0
10000.0, 36 months,9.17,B,10+ years,MORTGAGE,91800.0,Charged Off,credit_card,29.74,0.0,685.0,689.0,1.0,1.0
5500.0, 36 months,17.57,D,1 year,RENT,93600.0,Fully Paid,medical,12.78,0.0,665.0,669.0,1.0,2.0
6000.0, 36 months,9.99,B,6 years,MORTGAGE,47000.0,Fully Paid,credit_card,17.62,0.0,665.0,669.0,2.0,0.0
24000.0, 60 months,13.67,C,10+ years,MORTGAGE,130000.0,Fully Paid,home_improvement,19.75,0.0,730.0,734.0,1.0,0.0
10000.0, 36 months,12.59,C,< 1 year,MORTGAGE,80000.0,Fully Paid,debt_consolidation,30.74,0.0,690.0,694.0,1.0,0.0
20000.0, 36 months,5.32,A,10+ years,MORTGAGE,105000.0,Fully Paid,debt_consolidation,7.91,0.0,720.0,724.0,0.0,0.0
12500.0, 36 months,6.49,A,10+ years,MORTGAGE,160000.0,Fully Paid,credit_card,11.53,0.0,825.0,829.0,0.0,0.0
6000.0, 36 months,13.18,C,10+ years,MORTGAGE,40000.0,Fully Paid,home_improvement,5.94,0.0,675.0,679.0,1.0,0.0
35000.0, 36 months,17.97,D,1 year,MORTGAGE,100000.0,Fully Paid,other,19.33,0.0,710.0,714.0,2.0,0.0
17000.0, 36 months,6.24,A,10+ years,MORTGAGE,72000.0,Fully Paid,debt_consolidation,23.88,0.0,795.0,799.0,1.0,0.0
10000.0, 36 months,10.99,B,< 1 year,RENT,64000.0,Fully Paid,credit_card,14.61,0.0,660.0,664.0,0.0,2.0
12000.0, 60 months,15.41,D,5 years,RENT,70000.0,Charged Off,debt_consolidation,35.32,0.0,690.0,694.0,0.0,0.0
5000.0, 36 months,5.32,A,,RENT,60000.0,Fully Paid,home_improvement,10.92,0.0,705.0,709.0,0.0,0.0
35000.0, 60 months,9.76,B,2 years,MORTGAGE,175000.0,Fully Paid,debt_consolidation,15.45,1.0,715.0,719.0,0.0,0.0
23950.0, 36 months,13.18,C,6 years,MORTGAGE,84000.0,Fully Paid,debt_consolidation,13.38,2.0,680.0,684.0,2.0,0.0
35000.0, 60 months,15.41,D,1 year,RENT,125000.0,Charged Off,debt_consolidation,21.49,0.0,700.0,704.0,0.0,0.0
20000.0, 36 months,9.76,B,1 year,OWN,80000.0,Charged Off,credit_card,16.26,1.0,700.0,704.0,1.0,1.0
35000.0, 36 months,13.18,C,4 years,MORTGAGE,215000.0,Fully Paid,debt_consolidation,14.48,0.0,665.0,669.0,1.0,0.0
35000.0, 36 months,9.76,B,5 years,MORTGAGE,104000.0,Fully Paid,credit_card,25.2,0.0,720.0,724.0,0.0,0.0
12000.0, 60 months,17.57,D,1 year,MORTGAGE,55000.0,Charged Off,debt_consolidation,13.11,0.0,660.0,664.0,1.0,0.0
20000.0, 60 months,9.76,B,3 years,MORTGAGE,69000.0,Fully Paid,debt_consolidation,28.26,1.0,680.0,684.0,0.0,0.0
28000.0, 36 months,12.88,C,8 years,MORTGAGE,140000.0,Fully Paid,debt_consolidation,10.94,1.0,675.0,679.0,0.0,0.0
5000.0, 36 months,9.76,B,,MORTGAGE,18696.0,Fully Paid,credit_card,31.45,1.0,665.0,669.0,1.0,1.0
15000.0, 36 months,5.32,A,4 years,RENT,100000.0,Fully Paid,credit_card,12.53,0.0,760.0,764.0,0.0,0.0
21600.0, 60 months,9.76,B,10+ years,MORTGAGE,120000.0,Fully Paid,debt_consolidation,9.52,0.0,725.0,729.0,0.0,0.0
10000.0, 36 months,16.55,D,4 years,RENT,50000.0,Fully Paid,credit_card,19.32,0.0,685.0,689.0,0.0,0.0
30000.0, 60 months,9.76,B,1 year,MORTGAGE,320000.0,Charged Off,credit_card,5.66,0.0,690.0,694.0,2.0,0.0
10000.0, 36 months,8.38,B,5 years,MORTGAGE,132000.0,Fully Paid,debt_consolidation,7.52,1.0,675.0,679.0,0.0,0.0
25000.0, 36 months,6.89,A,10+ years,MORTGAGE,116000.0,Fully Paid,debt_consolidation,12.9,0.0,765.0,769.0,0.0,0.0
30000.0, 36 months,9.76,B,10+ years,RENT,94000.0,Charged Off,debt_consolidation,15.14,0.0,700.0,704.0,0.0,0.0
22500.0, 36 months,6.89,A,9 years,MORTGAGE,45000.0,Fully Paid,credit_card,21.93,0.0,690.0,694.0,0.0,0.0
24550.0, 36 months,8.18,B,10+ years,OWN,70000.0,Fully Paid,credit_card,25.24,1.0,700.0,704.0,0.0,0.0
10000.0, 36 months,9.99,B,10+ years,RENT,70000.0,Charged Off,debt_consolidation,14.15,0.0,740.0,744.0,0.0,0.0
15000.0, 36 months,7.91,A,10+ years,OWN,170000.0,Fully Paid,credit_card,7.24,0.0,745.0,749.0,0.0,0.0
11000.0, 36 months,7.89,A,6 years,MORTGAGE,78000.0,Fully Paid,debt_consolidation,9.4,0.0,695.0,699.0,0.0,0.0
9025.0, 36 months,17.57,D,2 years,RENT,32000.0,Charged Off,car,20.89,1.0,660.0,664.0,0.0,0.0
35000.0, 36 months,7.26,A,10+ years,RENT,300000.0,Fully Paid,credit_card,8.65,1.0,695.0,699.0,0.0,0.0
16000.0, 60 months,10.64,B,6 years,RENT,65000.0,Fully Paid,debt_consolidation,26.07,0.0,685.0,689.0,0.0,0.0
9975.0, 36 months,17.86,D,2 years,RENT,31200.0,Charged Off,house,16.23,0.0,660.0,664.0,2.0,0.0
26000.0, 36 months,5.32,A,10+ years,OWN,67000.0,Fully Paid,credit_card,15.93,0.0,720.0,724.0,1.0,0.0
15000.0, 36 months,14.48,C,1 year,MORTGAGE,41000.0,Charged Off,credit_card,18.68,1.0,675.0,679.0,0.0,0.0
14400.0, 60 months,20.99,E,10+ years,MORTGAGE,40000.0,Charged Off,debt_consolidation,26.7,0.0,660.0,664.0,1.0,1.0
30000.0, 36 months,11.22,B,1 year,RENT,125000.0,Fully Paid,debt_consolidation,21.72,1.0,665.0,669.0,0.0,0.0
10000.0, 36 months,12.88,C,10+ years,MORTGAGE,65000.0,Fully Paid,debt_consolidation,14.73,0.0,670.0,674.0,0.0,1.0
20000.0, 36 months,9.8,B,3 years,MORTGAGE,64000.0,Fully Paid,debt_consolidation,20.63,0.0,735.0,739.0,0.0,0.0
32000.0, 60 months,16.99,D,3 years,RENT,115000.0,Charged Off,debt_consolidation,26.58,0.0,670.0,674.0,0.0,1.0
11000.0, 60 months,17.57,D,8 years,OWN,72000.0,Charged Off,credit_card,20.75,0.0,670.0,674.0,0.0,1.0
19800.0, 36 months,18.2,E,3 years,MORTGAGE,55000.0,Charged Off,debt_consolidation,29.85,1.0,665.0,669.0,2.0,0.0
10000.0, 36 months,9.17,B,10+ years,MORTGAGE,50000.0,Fully Paid,credit_card,18.84,0.0,665.0,669.0,0.0,1.0
10000.0, 36 months,8.38,B,8 years,MORTGAGE,125000.0,Fully Paid,home_improvement,26.31,0.0,665.0,669.0,2.0,0.0
25750.0, 60 months,11.99,C,6 years,MORTGAGE,105000.0,Fully Paid,other,19.09,0.0,815.0,819.0,1.0,0.0
15000.0, 36 months,5.32,A,10+ years,MORTGAGE,132000.0,Fully Paid,debt_consolidation,6.98,0.0,815.0,819.0,0.0,0.0
15000.0, 60 months,9.76,B,5 years,RENT,51500.0,Fully Paid,credit_card,14.75,0.0,710.0,714.0,0.0,0.0
30000.0, 36 months,6.89,A,2 years,MORTGAGE,92000.0,Fully Paid,home_improvement,26.14,0.0,830.0,834.0,0.0,0.0
7500.0, 36 months,15.41,D,10+ years,MORTGAGE,92000.0,Fully Paid,vacation,31.85,0.0,660.0,664.0,2.0,1.0
35000.0, 36 months,13.18,C,1 year,OWN,120000.0,Fully Paid,debt_consolidation,17.47,0.0,665.0,669.0,1.0,0.0
18200.0, 36 months,9.76,B,8 years,MORTGAGE,70000.0,Charged Off,credit_card,28.1,0.0,705.0,709.0,0.0,1.0
12000.0, 36 months,14.85,C,10+ years,RENT,45000.0,Fully Paid,debt_consolidation,14.85,0.0,680.0,684.0,0.0,0.0
12500.0, 36 months,5.32,A,,OWN,40000.0,Fully Paid,debt_consolidation,20.24,0.0,790.0,794.0,0.0,0.0
12000.0, 36 months,8.49,B,10+ years,RENT,130000.0,Fully Paid,debt_consolidation,4.82,4.0,690.0,694.0,1.0,0.0
7000.0, 36 months,10.64,B,4 years,RENT,91000.0,Fully Paid,credit_card,11.36,1.0,700.0,704.0,1.0,0.0
8000.0, 36 months,7.89,A,2 years,RENT,50000.0,Fully Paid,major_purchase,7.95,0.0,725.0,729.0,0.0,0.0
27000.0, 60 months,17.57,D,10+ years,MORTGAGE,60000.0,Fully Paid,credit_card,15.72,0.0,675.0,679.0,0.0,0.0
6000.0, 36 months,8.38,B,10+ years,OWN,250000.0,Fully Paid,major_purchase,8.29,0.0,715.0,719.0,0.0,0.0
1600.0, 36 months,16.55,D,2 years,RENT,65000.0,Charged Off,vacation,6.39,0.0,660.0,664.0,1.0,2.0
6450.0, 36 months,13.67,C,< 1 year,MORTGAGE,65000.0,Fully Paid,debt_consolidation,17.06,0.0,695.0,699.0,0.0,0.0
22000.0, 36 months,9.17,B,10+ years,MORTGAGE,72000.0,Fully Paid,debt_consolidation,24.57,2.0,665.0,669.0,0.0,0.0
11725.0, 36 months,9.76,B,10+ years,RENT,40000.0,Charged Off,credit_card,28.89,0.0,725.0,729.0,0.0,0.0
15000.0, 36 months,7.26,A,2 years,RENT,40000.0,Fully Paid,debt_consolidation,23.4,0.0,790.0,794.0,1.0,0.0
12000.0, 36 months,5.32,A,6 years,MORTGAGE,80000.0,Fully Paid,debt_consolidation,24.9,0.0,730.0,734.0,0.0,0.0
13000.0, 36 months,11.22,B,2 years,MORTGAGE,37000.0,Fully Paid,debt_consolidation,6.1,0.0,665.0,669.0,0.0,3.0
6000.0, 36 months,12.59,C,10+ years,RENT,17000.0,Charged Off,debt_consolidation,17.23,0.0,680.0,684.0,0.0,0.0
12000.0, 36 months,8.38,B,< 1 year,RENT,75000.0,Fully Paid,debt_consolidation,14.14,0.0,700.0,704.0,0.0,0.0
10600.0, 36 months,16.55,D,10+ years,MORTGAGE,56000.0,Fully Paid,debt_consolidation,10.05,0.0,695.0,699.0,0.0,0.0
10000.0, 36 months,5.32,A,< 1 year,RENT,127400.0,Fully Paid,credit_card,8.07,1.0,755.0,759.0,0.0,0.0
17000.0, 36 months,14.48,C,10+ years,MORTGAGE,135000.0,Fully Paid,debt_consolidation,7.13,4.0,660.0,664.0,1.0,1.0
30000.0, 36 months,13.67,C,1 year,MORTGAGE,80000.0,Fully Paid,debt_consolidation,15.06,0.0,670.0,674.0,0.0,1.0
7000.0, 36 months,11.49,B,10+ years,MORTGAGE,40000.0,Fully Paid,debt_consolidation,3.57,0.0,670.0,674.0,0.0,1.0
10200.0, 36 months,7.26,A,3 years,RENT,76000.0,Fully Paid,credit_card,5.92,0.0,725.0,729.0,0.0,0.0
21600.0, 60 months,9.99,B,10+ years,MORTGAGE,85000.0,Fully Paid,debt_consolidation,25.96,2.0,695.0,699.0,1.0,0.0
19900.0, 36 months,9.76,B,3 years,RENT,85000.0,Charged Off,credit_card,20.73,2.0,665.0,669.0,0.0,1.0
24000.0, 60 months,9.17,B,10+ years,MORTGAGE,175000.0,Fully Paid,credit_card,16.44,0.0,695.0,699.0,0.0,0.0
16125.0, 36 months,15.41,D,4 years,MORTGAGE,44000.0,Fully Paid,debt_consolidation,25.2,0.0,670.0,674.0,0.0,0.0
7000.0, 36 months,13.18,C,10+ years,RENT,76000.0,Charged Off,debt_consolidation,26.54,0.0,695.0,699.0,1.0,0.0
18000.0, 36 months,11.99,C,2 years,MORTGAGE,52500.0,Fully Paid,debt_consolidation,24.71,0.0,675.0,679.0,0.0,0.0
14400.0, 36 months,11.99,C,10+ years,RENT,48000.0,Fully Paid,debt_consolidation,17.45,0.0,700.0,704.0,1.0,0.0
23000.0, 60 months,8.38,B,10+ years,MORTGAGE,74000.0,Fully Paid,credit_card,10.62,0.0,705.0,709.0,0.0,0.0
35000.0, 36 months,13.44,C,< 1 year,OWN,80000.0,Fully Paid,credit_card,25.67,0.0,685.0,689.0,0.0,0.0
2500.0, 36 months,16.99,D,10+ years,MORTGAGE,92683.0,Charged Off,other,34.44,0.0,705.0,709.0,0.0,0.0
6650.0, 36 months,6.89,A,10+ years,MORTGAGE,90000.0,Fully Paid,debt_consolidation,11.69,0.0,690.0,694.0,1.0,0.0
5000.0, 36 months,7.49,A,10+ years,MORTGAGE,100000.0,Fully Paid,debt_consolidation,21.52,1.0,715.0,719.0,2.0,0.0
9600.0, 36 months,5.32,A,9 years,MORTGAGE,90000.0,Fully Paid,credit_card,16.14,0.0,740.0,744.0,0.0,0.0
12800.0, 36 months,8.38,B,4 years,MORTGAGE,162000.0,Fully Paid,other,1.83,0.0,685.0,689.0,2.0,1.0
25000.0, 36 months,6.89,A,5 years,RENT,98000.0,Fully Paid,credit_card,13.61,1.0,710.0,714.0,0.0,0.0
7000.0, 36 months,11.99,C,2 years,MORTGAGE,46000.0,Fully Paid,debt_consolidation,8.35,0.0,680.0,684.0,1.0,2.0
11500.0, 36 months,10.64,B,10+ years,RENT,50000.0,Fully Paid,debt_consolidation,15.87,1.0,685.0,689.0,1.0,0.0
8000.0, 36 months,13.18,C,1 year,RENT,72300.0,Charged Off,debt_consolidation,7.29,3.0,665.0,669.0,3.0,0.0
6000.0, 36 months,9.17,B,2 years,RENT,44000.0,Fully Paid,debt_consolidation,21.68,1.0,685.0,689.0,1.0,0.0
12000.0, 36 months,10.64,B,10+ years,RENT,50000.0,Charged Off,debt_consolidation,16.47,0.0,660.0,664.0,0.0,1.0
15000.0, 60 months,14.48,C,10+ years,MORTGAGE,48500.0,Charged Off,home_improvement,26.58,0.0,675.0,679.0,2.0,0.0
10000.0, 36 months,7.26,A,9 years,MORTGAGE,72000.0,Fully Paid,home_improvement,13.29,0.0,725.0,729.0,0.0,0.0
12000.0, 36 months,6.89,A,< 1 year,RENT,55000.0,Fully Paid,major_purchase,5.69,0.0,790.0,794.0,1.0,0.0
8950.0, 36 months,12.59,C,5 years,MORTGAGE,32000.0,Charged Off,debt_consolidation,35.93,0.0,670.0,674.0,1.0,1.0
10900.0, 36 months,11.99,C,< 1 year,RENT,56640.0,Fully Paid,debt_consolidation,15.85,0.0,690.0,694.0,0.0,0.0
7500.0, 36 months,12.59,C,2 years,RENT,60000.0,Fully Paid,debt_consolidation,27.12,2.0,690.0,694.0,3.0,0.0
16000.0, 60 months,13.99,C,2 years,MORTGAGE,83000.0,Fully Paid,debt_consolidation,23.89,0.0,695.0,699.0,2.0,0.0
5725.0, 36 months,13.67,C,8 years,OWN,34108.0,Charged Off,credit_card,17.49,0.0,660.0,664.0,1.0,0.0
15300.0, 36 months,16.55,D,9 years,MORTGAGE,55000.0,Fully Paid,debt_consolidation,18.9,0.0,690.0,694.0,1.0,0.0
20900.0, 36 months,7.89,A,10+ years,MORTGAGE,76000.0,Fully Paid,debt_consolidation,23.87,1.0,745.0,749.0,1.0,0.0
16000.0, 36 months,9.76,B,< 1 year,MORTGAGE,90000.0,Fully Paid,debt_consolidation,8.0,0.0,660.0,664.0,1.0,1.0
11050.0, 36 months,18.49,E,1 year,OWN,45000.0,Fully Paid,debt_consolidation,16.48,0.0,670.0,674.0,1.0,1.0
14000.0, 36 months,8.38,B,3 years,MORTGAGE,50000.0,Fully Paid,credit_card,29.84,0.0,710.0,714.0,1.0,0.0
15000.0, 60 months,24.99,F,10+ years,RENT,43300.0,Charged Off,debt_consolidation,14.48,0.0,660.0,664.0,3.0,1.0
3000.0, 36 months,8.18,B,10+ years,RENT,42000.0,Fully Paid,debt_consolidation,18.91,0.0,680.0,684.0,0.0,2.0
20000.0, 36 months,6.49,A,2 years,MORTGAGE,95000.0,Fully Paid,debt_consolidation,12.63,0.0,740.0,744.0,1.0,0.0
5000.0, 36 months,7.89,A,6 years,MORTGAGE,125000.0,Fully Paid,debt_consolidation,7.44,0.0,750.0,754.0,0.0,0.0
2000.0, 36 months,12.59,C,10+ years,MORTGAGE,65000.0,Fully Paid,other,7.29,1.0,670.0,674.0,0.0,0.0
12500.0, 36 months,7.89,A,2 years,MORTGAGE,42000.0,Fully Paid,credit_card,24.74,0.0,680.0,684.0,1.0,0.0
2000.0, 36 months,9.17,B,10+ years,MORTGAGE,39000.0,Fully Paid,debt_consolidation,27.54,0.0,715.0,719.0,0.0,0.0
8000.0, 36 months,13.67,C,10+ years,MORTGAGE,42000.0,Fully Paid,debt_consolidation,36.66,2.0,660.0,664.0,0.0,0.0
15000.0, 60 months,15.41,D,4 years,MORTGAGE,90000.0,Charged Off,debt_consolidation,6.17,0.0,730.0,734.0,0.0,0.0
22800.0, 60 months,17.57,D,10+ years,MORTGAGE,60000.0,Charged Off,debt_consolidation,31.46,1.0,690.0,694.0,0.0,0.0
20000.0, 36 months,9.76,B,10+ years,MORTGAGE,112000.0,Fully Paid,home_improvement,10.41,0.0,665.0,669.0,0.0,2.0
6000.0, 36 months,11.22,B,10+ years,MORTGAGE,46000.0,Fully Paid,debt_consolidation,22.05,4.0,670.0,674.0,1.0,0.0
12000.0, 36 months,8.38,B,10+ years,MORTGAGE,100000.0,Fully Paid,debt_consolidation,14.65,1.0,660.0,664.0,0.0,0.0
3600.0, 36 months,12.88,C,5 years,OWN,30000.0,Fully Paid,debt_consolidation,27.72,0.0,705.0,709.0,1.0,0.0
20050.0, 36 months,11.99,C,1 year,MORTGAGE,57000.0,Fully Paid,debt_consolidation,14.78,0.0,705.0,709.0,0.0,0.0
12000.0, 36 months,8.38,B,10+ years,RENT,60000.0,Fully Paid,credit_card,22.32,2.0,665.0,669.0,0.0,0.0
8000.0, 36 months,9.76,B,2 years,RENT,33000.0,Fully Paid,debt_consolidation,27.8,0.0,700.0,704.0,0.0,0.0
9200.0, 36 months,8.38,B,10+ years,MORTGAGE,60000.0,Fully Paid,debt_consolidation,4.59,0.0,665.0,669.0,0.0,0.0
5600.0, 36 months,15.77,D,10+ years,MORTGAGE,58000.0,Fully Paid,debt_consolidation,28.35,1.0,670.0,674.0,0.0,0.0
9600.0, 36 months,9.99,B,10+ years,RENT,51000.0,Fully Paid,credit_card,10.47,0.0,670.0,674.0,0.0,0.0
10050.0, 36 months,9.76,B,8 years,MORTGAGE,45000.0,Fully Paid,credit_card,30.53,0.0,720.0,724.0,0.0,0.0
10000.0, 36 months,11.22,B,3 years,RENT,40000.0,Charged Off,debt_consolidation,11.01,0.0,660.0,664.0,0.0,0.0
11950.0, 36 months,13.44,C,4 years,RENT,34000.0,Fully Paid,debt_consolidation,10.2,0.0,690.0,694.0,0.0,0.0
12000.0, 36 months,11.22,B,10+ years,OWN,61000.0,Fully Paid,debt_consolidation,20.93,0.0,665.0,669.0,1.0,1.0
14400.0, 36 months,13.67,C,10+ years,MORTGAGE,56000.0,Charged Off,debt_consolidation,15.94,0.0,690.0,694.0,2.0,0.0
12500.0, 36 months,7.89,A,10+ years,MORTGAGE,101500.0,Fully Paid,debt_consolidation,19.41,0.0,745.0,749.0,1.0,0.0
11000.0, 36 months,16.59,D,8 years,MORTGAGE,55000.0,Fully Paid,debt_consolidation,16.85,0.0,735.0,739.0,0.0,0.0
18200.0, 36 months,11.99,C,10+ years,MORTGAGE,82000.0,Fully Paid,home_improvement,19.51,0.0,710.0,714.0,0.0,0.0
9000.0, 36 months,8.38,B,2 years,RENT,85000.0,Fully Paid,car,13.95,3.0,670.0,674.0,0.0,0.0
3200.0, 36 months,13.67,C,2 years,RENT,30000.0,Fully Paid,debt_consolidation,9.16,0.0,720.0,724.0,1.0,0.0
20000.0, 36 months,9.76,B,10+ years,MORTGAGE,130100.0,Fully Paid,credit_card,29.47,0.0,705.0,709.0,2.0,0.0
11400.0, 60 months,13.67,C,< 1 year,RENT,35000.0,Charged Off,credit_card,28.66,0.0,700.0,704.0,0.0,0.0
4000.0, 36 months,6.89,A,,RENT,26000.0,Fully Paid,debt_consolidation,28.19,0.0,710.0,714.0,0.0,0.0
10000.0, 36 months,6.89,A,10+ years,MORTGAGE,125000.0,Fully Paid,debt_consolidation,16.33,0.0,705.0,709.0,0.0,0.0
4200.0, 36 months,11.22,B,1 year,RENT,101000.0,Fully Paid,debt_consolidation,13.41,12.0,675.0,679.0,1.0,1.0
10000.0, 36 months,5.32,A,1 year,MORTGAGE,67000.0,Fully Paid,credit_card,21.46,0.0,755.0,759.0,0.0,0.0
23000.0, 36 months,7.89,A,10+ years,OWN,60000.0,Fully Paid,credit_card,11.44,0.0,715.0,719.0,2.0,0.0
35000.0, 36 months,9.17,B,10+ years,OWN,120000.0,Fully Paid,credit_card,18.32,0.0,685.0,689.0,0.0,0.0
4200.0, 36 months,13.99,C,2 years,RENT,32000.0,Fully Paid,other,31.02,0.0,705.0,709.0,2.0,0.0
10000.0, 36 months,9.17,B,5 years,MORTGAGE,60000.0,Charged Off,credit_card,23.78,0.0,675.0,679.0,0.0,0.0
10000.0, 36 months,12.59,C,2 years,RENT,75000.0,Fully Paid,debt_consolidation,13.84,0.0,680.0,684.0,2.0,1.0
4000.0, 36 months,11.22,B,< 1 year,RENT,40000.0,Fully Paid,debt_consolidation,15.66,0.0,700.0,704.0,0.0,0.0
10500.0, 36 months,8.38,B,5 years,MORTGAGE,50500.0,Fully Paid,debt_consolidation,33.11,0.0,765.0,769.0,0.0,0.0
32000.0, 36 months,7.89,A,10+ years,MORTGAGE,180000.0,Fully Paid,debt_consolidation,13.0,1.0,700.0,704.0,0.0,0.0
10000.0, 60 months,13.67,C,10+ years,MORTGAGE,60000.0,Fully Paid,debt_consolidation,8.04,0.0,660.0,664.0,0.0,1.0
4000.0, 36 months,16.99,D,9 years,RENT,35000.0,Fully Paid,debt_consolidation,26.32,0.0,685.0,689.0,2.0,0.0
27600.0, 36 months,18.99,E,7 years,MORTGAGE,83000.0,Fully Paid,debt_consolidation,32.97,0.0,670.0,674.0,1.0,1.0
20000.0, 60 months,15.41,D,8 years,MORTGAGE,109000.0,Fully Paid,other,1.76,0.0,680.0,684.0,1.0,0.0
25000.0, 36 months,10.99,B,2 years,OWN,145000.0,Charged Off,car,17.95,1.0,720.0,724.0,0.0,1.0
5000.0, 36 months,10.64,B,10+ years,MORTGAGE,80000.0,Fully Paid,debt_consolidation,35.7,1.0,660.0,664.0,0.0,3.0
10000.0, 36 months,6.24,A,1 year,MORTGAGE,82500.0,Fully Paid,credit_card,9.65,1.0,700.0,704.0,0.0,0.0
8400.0, 36 months,11.49,B,2 years,RENT,75000.0,Fully Paid,credit_card,15.93,0.0,705.0,709.0,0.0,0.0
18000.0, 36 months,10.64,B,10+ years,RENT,98000.0,Fully Paid,debt_consolidation,22.17,3.0,675.0,679.0,0.0,0.0
15000.0, 36 months,7.89,A,10+ years,MORTGAGE,90000.0,Fully Paid,debt_consolidation,20.93,0.0,715.0,719.0,0.0,0.0
25000.0, 36 months,10.64,B,10+ years,RENT,110000.0,Fully Paid,debt_consolidation,21.59,0.0,685.0,689.0,0.0,1.0
8000.0, 36 months,15.77,D,3 years,RENT,65899.0,Fully Paid,major_purchase,21.74,3.0,680.0,684.0,3.0,0.0
35000.0, 36 months,7.89,A,10+ years,MORTGAGE,120000.0,Fully Paid,debt_consolidation,22.88,0.0,800.0,804.0,0.0,0.0
11900.0, 60 months,18.99,E,10+ years,RENT,46000.0,Fully Paid,debt_consolidation,18.31,0.0,675.0,679.0,0.0,0.0
11000.0, 36 months,7.89,A,9 years,MORTGAGE,80000.0,Fully Paid,credit_card,23.02,0.0,705.0,709.0,0.0,0.0
6500.0, 36 months,11.49,B,,RENT,15000.0,Fully Paid,debt_consolidation,8.56,0.0,700.0,704.0,0.0,0.0
16000.0, 36 months,7.89,A,3 years,MORTGAGE,48000.0,Fully Paid,debt_consolidation,15.2,0.0,745.0,749.0,0.0,0.0
35000.0, 36 months,11.22,B,10+ years,MORTGAGE,320000.0,Fully Paid,credit_card,16.83,0.0,670.0,674.0,0.0,0.0
10000.0, 36 months,7.91,A,10+ years,MORTGAGE,85000.0,Charged Off,home_improvement,10.77,0.0,675.0,679.0,0.0,0.0
12000.0, 36 months,10.64,B,4 years,MORTGAGE,48000.0,Charged Off,home_improvement,28.28,0.0,675.0,679.0,4.0,0.0
8000.0, 36 months,11.99,C,4 years,MORTGAGE,105000.0,Fully Paid,car,8.58,0.0,675.0,679.0,1.0,0.0
7200.0, 36 months,12.59,C,3 years,RENT,57030.0,Fully Paid,moving,24.2,0.0,660.0,664.0,0.0,0.0
12000.0, 60 months,11.22,B,9 years,RENT,53000.0,Fully Paid,debt_consolidation,25.41,0.0,700.0,704.0,0.0,0.0
12000.0, 36 months,9.17,B,4 years,RENT,62000.0,Fully Paid,debt_consolidation,17.11,0.0,720.0,724.0,0.0,0.0
18000.0, 36 months,9.17,B,10+ years,MORTGAGE,115000.0,Fully Paid,debt_consolidation,13.61,0.0,700.0,704.0,0.0,0.0
35000.0, 60 months,18.99,E,10+ years,MORTGAGE,225000.0,Fully Paid,debt_consolidation,12.74,0.0,675.0,679.0,0.0,0.0
10000.0, 36 months,7.89,A,8 years,MORTGAGE,77000.0,Fully Paid,credit_card,11.1,0.0,705.0,709.0,1.0,0.0
14400.0, 36 months,9.17,B,10+ years,MORTGAGE,55000.0,Fully Paid,debt_consolidation,24.63,0.0,730.0,734.0,1.0,1.0
5950.0, 36 months,17.57,D,< 1 year,RENT,37000.0,Fully Paid,moving,10.02,0.0,720.0,724.0,0.0,0.0
8000.0, 36 months,13.18,C,1 year,OWN,90000.0,Charged Off,debt_consolidation,7.28,0.0,685.0,689.0,1.0,0.0
17000.0, 36 months,7.89,A,1 year,RENT,85000.0,Fully Paid,credit_card,12.13,0.0,725.0,729.0,0.0,0.0
7200.0, 36 months,14.48,C,10+ years,RENT,44604.0,Fully Paid,debt_consolidation,30.94,0.0,670.0,674.0,0.0,0.0
8725.0, 36 months,11.22,B,,OWN,47404.0,Fully Paid,debt_consolidation,18.91,0.0,705.0,709.0,0.0,0.0
32675.0, 60 months,28.49,G,4 years,RENT,86000.0,Charged Off,debt_consolidation,16.44,0.0,680.0,684.0,0.0,0.0
4525.0, 36 months,12.88,C,10+ years,RENT,70000.0,Fully Paid,credit_card,21.31,1.0,680.0,684.0,0.0,0.0
15000.0, 60 months,18.49,E,5 years,RENT,45000.0,Fully Paid,debt_consolidation,32.71,0.0,660.0,664.0,1.0,0.0
26675.0, 36 months,5.32,A,2 years,RENT,123000.0,Fully Paid,credit_card,19.34,0.0,760.0,764.0,0.0,0.0
3000.0, 36 months,11.22,B,5 years,MORTGAGE,128000.0,Fully Paid,home_improvement,11.73,1.0,675.0,679.0,0.0,0.0
9600.0, 36 months,11.99,C,1 year,MORTGAGE,76899.0,Fully Paid,debt_consolidation,16.54,1.0,665.0,669.0,1.0,0.0
2000.0, 36 months,9.76,B,4 years,MORTGAGE,90000.0,Fully Paid,credit_card,27.46,0.0,710.0,714.0,0.0,0.0
3500.0, 36 months,12.59,C,,MORTGAGE,30000.0,Fully Paid,home_improvement,19.8,1.0,690.0,694.0,0.0,0.0
20000.0, 60 months,8.38,B,2 years,OWN,47000.0,Fully Paid,debt_consolidation,6.05,0.0,720.0,724.0,0.0,0.0
9600.0, 36 months,10.64,B,10+ years,MORTGAGE,64000.0,Fully Paid,home_improvement,9.06,3.0,675.0,679.0,0.0,0.0
14400.0, 36 months,11.48,B,10+ years,MORTGAGE,45000.0,Fully Paid,debt_consolidation,13.41,0.0,665.0,669.0,0.0,1.0
20000.0, 60 months,17.86,D,5 years,MORTGAGE,60000.0,Fully Paid,home_improvement,21.72,5.0,680.0,684.0,1.0,1.0
10000.0, 36 months,9.17,B,1 year,MORTGAGE,39820.0,Charged Off,debt_consolidation,19.77,0.0,680.0,684.0,0.0,0.0
10000.0, 36 months,15.41,D,6 years,MORTGAGE,67776.0,Charged Off,other,20.52,0.0,660.0,664.0,1.0,0.0
10000.0, 36 months,11.22,B,8 years,OWN,75000.0,Fully Paid,other,4.18,0.0,685.0,689.0,0.0,1.0
6925.0, 36 months,15.41,D,3 years,RENT,25000.0,Charged Off,major_purchase,14.39,0.0,660.0,664.0,2.0,0.0
34400.0, 60 months,17.57,D,1 year,MORTGAGE,100000.0,Fully Paid,debt_consolidation,34.06,0.0,665.0,669.0,0.0,0.0
6000.0, 36 months,7.89,A,8 years,MORTGAGE,120000.0,Fully Paid,debt_consolidation,19.9,0.0,680.0,684.0,0.0,0.0
10000.0, 36 months,16.55,D,,MORTGAGE,66000.0,Charged Off,medical,38.64,0.0,710.0,714.0,0.0,0.0
7000.0, 36 months,11.22,B,10+ years,RENT,65700.0,Fully Paid,debt_consolidation,4.5,1.0,660.0,664.0,1.0,1.0
11500.0, 36 months,6.89,A,10+ years,MORTGAGE,80000.0,Fully Paid,debt_consolidation,21.2,1.0,685.0,689.0,1.0,0.0
15000.0, 36 months,6.89,A,10+ years,RENT,35000.0,Fully Paid,debt_consolidation,15.53,0.0,770.0,774.0,0.0,0.0
2800.0, 36 months,12.59,C,1 year,MORTGAGE,45000.0,Fully Paid,other,22.85,0.0,660.0,664.0,0.0,1.0
11675.0, 60 months,24.99,F,,RENT,33000.0,Charged Off,debt_consolidation,30.91,0.0,675.0,679.0,1.0,0.0
30000.0, 36 months,7.26,A,10+ years,MORTGAGE,170000.0,Fully Paid,debt_consolidation,11.95,0.0,695.0,699.0,0.0,0.0
6025.0, 36 months,11.22,B,10+ years,OWN,110000.0,Fully Paid,other,10.8,1.0,675.0,679.0,1.0,0.0
5000.0, 36 months,9.76,B,7 years,MORTGAGE,62000.0,Fully Paid,major_purchase,2.07,1.0,725.0,729.0,0.0,0.0
10725.0, 36 months,17.57,D,1 year,RENT,40000.0,Fully Paid,debt_consolidation,23.4,1.0,690.0,694.0,2.0,0.0
20000.0, 60 months,13.67,C,10+ years,MORTGAGE,93000.0,Fully Paid,credit_card,28.76,0.0,690.0,694.0,1.0,0.0
35000.0, 60 months,17.97,D,8 years,MORTGAGE,116000.0,Fully Paid,credit_card,18.08,0.0,690.0,694.0,0.0,0.0
12000.0, 36 months,7.49,A,,MORTGAGE,41000.0,Fully Paid,credit_card,5.71,0.0,680.0,684.0,0.0,0.0
16000.0, 36 months,7.89,A,10+ years,RENT,60000.0,Fully Paid,debt_consolidation,29.73,2.0,705.0,709.0,0.0,0.0
10000.0, 36 months,13.67,C,1 year,RENT,60000.0,Charged Off,debt_consolidation,19.65,0.0,670.0,674.0,2.0,0.0
12000.0, 60 months,21.99,F,10+ years,RENT,40000.0,Fully Paid,credit_card,11.88,0.0,715.0,719.0,2.0,0.0
30000.0, 60 months,12.59,C,10+ years,MORTGAGE,143000.0,Fully Paid,debt_consolidation,8.47,0.0,710.0,714.0,0.0,0.0
7800.0, 36 months,8.38,B,7 years,MORTGAGE,105000.0,Fully Paid,credit_card,19.67,0.0,665.0,669.0,0.0,1.0
7200.0, 36 months,10.64,B,7 years,MORTGAGE,55000.0,Fully Paid,debt_consolidation,15.64,1.0,675.0,679.0,0.0,0.0
28000.0, 60 months,18.2,E,10+ years,MORTGAGE,80000.0,Charged Off,debt_consolidation,26.3,0.0,660.0,664.0,1.0,0.0
18000.0, 36 months,11.22,B,6 years,RENT,59000.0,Fully Paid,debt_consolidation,12.82,0.0,660.0,664.0,1.0,2.0
18000.0, 36 months,6.24,A,10+ years,RENT,80000.0,Fully Paid,credit_card,33.54,0.0,725.0,729.0,0.0,0.0
3600.0, 36 months,13.67,C,3 years,OWN,28800.0,Fully Paid,other,37.08,0.0,690.0,694.0,0.0,1.0
9000.0, 36 months,7.49,A,5 years,MORTGAGE,100000.0,Fully Paid,debt_consolidation,10.39,0.0,710.0,714.0,0.0,0.0
24000.0, 36 months,11.22,B,10+ years,MORTGAGE,300000.0,Fully Paid,credit_card,11.98,0.0,670.0,674.0,1.0,0.0
18000.0, 60 months,9.76,B,< 1 year,RENT,55000.0,Fully Paid,credit_card,11.5,0.0,745.0,749.0,3.0,0.0
20000.0, 60 months,11.22,B,2 years,RENT,220000.0,Fully Paid,debt_consolidation,10.0,3.0,665.0,669.0,0.0,0.0
15000.0, 36 months,5.32,A,< 1 year,MORTGAGE,62000.0,Fully Paid,credit_card,13.33,0.0,780.0,784.0,0.0,0.0
5000.0, 36 months,10.64,B,1 year,RENT,54000.0,Fully Paid,moving,25.31,1.0,675.0,679.0,4.0,1.0
5600.0, 36 months,10.64,B,10+ years,OWN,40500.0,Fully Paid,credit_card,23.47,0.0,670.0,674.0,3.0,1.0
8300.0, 36 months,12.59,C,9 years,OWN,40000.0,Fully Paid,debt_consolidation,36.22,0.0,695.0,699.0,0.0,0.0
10000.0, 36 months,7.26,A,2 years,RENT,75000.0,Fully Paid,credit_card,10.61,0.0,735.0,739.0,1.0,0.0
4800.0, 36 months,12.59,C,8 years,RENT,50000.0,Charged Off,debt_consolidation,18.67,0.0,675.0,679.0,0.0,0.0
14275.0, 36 months,17.86,D,2 years,OWN,42000.0,Fully Paid,debt_consolidation,4.37,0.0,735.0,739.0,0.0,0.0
11850.0, 60 months,15.41,D,4 years,MORTGAGE,40000.0,Fully Paid,debt_consolidation,9.18,0.0,740.0,744.0,0.0,0.0
13600.0, 36 months,12.59,C,3 years,RENT,117633.0,Charged Off,debt_consolidation,7.79,0.0,660.0,664.0,3.0,2.0
1600.0, 36 months,16.99,D,< 1 year,RENT,49000.0,Fully Paid,other,21.92,1.0,670.0,674.0,3.0,0.0
26400.0, 60 months,10.64,B,4 years,MORTGAGE,95000.0,Fully Paid,debt_consolidation,10.56,0.0,745.0,749.0,2.0,0.0
15000.0, 36 months,13.18,C,8 years,RENT,40000.0,Charged Off,debt_consolidation,32.71,0.0,670.0,674.0,0.0,0.0
15000.0, 36 months,9.17,B,10+ years,MORTGAGE,80000.0,Fully Paid,credit_card,24.59,0.0,715.0,719.0,0.0,0.0
5000.0, 36 months,10.64,B,< 1 year,OWN,45000.0,Fully Paid,debt_consolidation,15.84,0.0,690.0,694.0,1.0,0.0
19200.0, 60 months,21.99,F,1 year,OWN,70000.0,Charged Off,other,23.3,0.0,690.0,694.0,0.0,0.0
3600.0, 36 months,13.99,C,10+ years,RENT,50000.0,Charged Off,debt_consolidation,11.67,0.0,670.0,674.0,0.0,0.0
5600.0, 36 months,5.32,A,1 year,RENT,97500.0,Fully Paid,credit_card,11.74,0.0,715.0,719.0,1.0,0.0
5000.0, 36 months,12.59,C,3 years,MORTGAGE,65000.0,Fully Paid,debt_consolidation,11.65,0.0,720.0,724.0,0.0,0.0
28825.0, 60 months,8.18,B,7 years,MORTGAGE,67000.0,Fully Paid,debt_consolidation,8.35,0.0,720.0,724.0,0.0,0.0
26400.0, 36 months,15.41,D,8 years,MORTGAGE,78000.0,Fully Paid,home_improvement,13.43,0.0,660.0,664.0,0.0,1.0
35000.0, 36 months,17.86,D,10+ years,MORTGAGE,119000.0,Charged Off,debt_consolidation,21.72,0.0,685.0,689.0,0.0,1.0
4225.0, 36 months,16.99,D,9 years,MORTGAGE,47000.0,Charged Off,debt_consolidation,15.93,0.0,665.0,669.0,3.0,1.0
12000.0, 36 months,7.89,A,< 1 year,RENT,25000.0,Fully Paid,other,34.04,0.0,755.0,759.0,0.0,0.0
5375.0, 36 months,16.55,D,< 1 year,RENT,30000.0,Fully Paid,other,20.96,1.0,670.0,674.0,0.0,0.0
9600.0, 36 months,8.38,B,4 years,OWN,30000.0,Fully Paid,credit_card,20.76,0.0,665.0,669.0,0.0,1.0
7825.0, 36 months,14.33,C,2 years,RENT,72000.0,Fully Paid,debt_consolidation,8.82,0.0,685.0,689.0,1.0,0.0
6000.0, 36 months,13.44,C,6 years,RENT,35000.0,Fully Paid,debt_consolidation,16.74,0.0,675.0,679.0,1.0,0.0
20000.0, 36 months,10.64,B,< 1 year,MORTGAGE,200000.0,Fully Paid,debt_consolidation,15.8,0.0,670.0,674.0,0.0,0.0
21850.0, 36 months,10.64,B,3 years,RENT,80000.0,Fully Paid,debt_consolidation,20.73,0.0,680.0,684.0,1.0,0.0
25000.0, 60 months,15.41,D,3 years,MORTGAGE,70000.0,Fully Paid,debt_consolidation,22.46,1.0,715.0,719.0,0.0,0.0
9600.0, 36 months,11.22,B,10+ years,MORTGAGE,57400.0,Fully Paid,home_improvement,24.73,0.0,670.0,674.0,1.0,0.0
7000.0, 36 months,5.32,A,9 years,RENT,60000.0,Fully Paid,credit_card,11.66,0.0,800.0,804.0,0.0,0.0
35000.0, 36 months,7.26,A,4 years,RENT,150000.0,Fully Paid,credit_card,4.19,0.0,745.0,749.0,1.0,0.0
25000.0, 36 months,9.76,B,10+ years,MORTGAGE,175000.0,Fully Paid,other,13.84,0.0,675.0,679.0,0.0,4.0
12800.0, 60 months,21.99,F,2 years,OWN,105000.0,Fully Paid,debt_consolidation,27.85,0.0,680.0,684.0,3.0,0.0
3500.0, 36 months,13.67,C,8 years,MORTGAGE,47000.0,Fully Paid,debt_consolidation,11.16,0.0,770.0,774.0,4.0,0.0
4500.0, 36 months,6.49,A,< 1 year,RENT,50000.0,Fully Paid,credit_card,20.96,0.0,760.0,764.0,0.0,0.0
22000.0, 60 months,22.99,F,< 1 year,MORTGAGE,96995.0,Charged Off,debt_consolidation,26.07,0.0,690.0,694.0,2.0,1.0
12000.0, 60 months,13.18,C,3 years,RENT,60000.0,Charged Off,debt_consolidation,25.36,0.0,680.0,684.0,0.0,0.0
6000.0, 36 months,8.49,B,4 years,OWN,42000.0,Fully Paid,debt_consolidation,26.06,0.0,730.0,734.0,0.0,0.0
14400.0, 60 months,9.17,B,10+ years,MORTGAGE,52000.0,Charged Off,debt_consolidation,25.06,0.0,705.0,709.0,1.0,0.0
16000.0, 36 months,7.26,A,7 years,RENT,61000.0,Fully Paid,debt_consolidation,24.36,0.0,680.0,684.0,3.0,0.0
20800.0, 36 months,9.17,B,10+ years,RENT,66240.0,Fully Paid,debt_consolidation,9.85,1.0,660.0,664.0,0.0,0.0
30000.0, 60 months,9.17,B,< 1 year,RENT,150000.0,Charged Off,credit_card,17.27,0.0,715.0,719.0,0.0,0.0
5000.0, 36 months,10.64,B,3 years,RENT,40000.0,Fully Paid,credit_card,31.68,0.0,740.0,744.0,0.0,0.0
9600.0, 36 months,9.76,B,10+ years,RENT,145600.0,Fully Paid,debt_consolidation,3.08,0.0,665.0,669.0,1.0,0.0
19025.0, 60 months,22.99,F,10+ years,MORTGAGE,55000.0,Charged Off,debt_consolidation,34.21,0.0,675.0,679.0,2.0,1.0
14000.0, 36 months,10.78,B,,MORTGAGE,120000.0,Fully Paid,credit_card,12.52,1.0,705.0,709.0,0.0,0.0
16000.0, 36 months,6.89,A,2 years,RENT,65000.0,Fully Paid,credit_card,19.24,0.0,705.0,709.0,0.0,0.0
5000.0, 36 months,10.64,B,6 years,MORTGAGE,80000.0,Fully Paid,credit_card,19.1,1.0,685.0,689.0,1.0,0.0
5000.0, 36 months,13.67,C,10+ years,MORTGAGE,125500.0,Fully Paid,other,16.72,4.0,665.0,669.0,0.0,0.0
11200.0, 60 months,15.41,D,3 years,RENT,55000.0,Fully Paid,other,30.33,0.0,735.0,739.0,0.0,0.0
17725.0, 36 months,9.76,B,10+ years,MORTGAGE,150000.0,Fully Paid,debt_consolidation,27.34,0.0,680.0,684.0,1.0,0.0
6400.0, 36 months,10.64,B,2 years,MORTGAGE,68500.0,Fully Paid,home_improvement,11.09,0.0,665.0,669.0,0.0,2.0
35000.0, 60 months,16.55,D,8 years,RENT,85000.0,Fully Paid,debt_consolidation,15.98,0.0,710.0,714.0,0.0,0.0
21000.0, 60 months,18.2,E,3 years,RENT,78000.0,Fully Paid,other,22.85,0.0,750.0,754.0,1.0,0.0
30000.0, 36 months,8.38,B,2 years,RENT,160000.0,Fully Paid,credit_card,18.81,0.0,680.0,684.0,0.0,0.0
7000.0, 36 months,7.26,A,10+ years,MORTGAGE,40000.0,Fully Paid,debt_consolidation,30.36,0.0,705.0,709.0,0.0,0.0
4000.0, 36 months,11.22,B,10+ years,MORTGAGE,70000.0,Charged Off,credit_card,4.47,1.0,660.0,664.0,1.0,0.0
2100.0, 36 months,8.38,B,8 years,RENT,95000.0,Fully Paid,major_purchase,24.95,0.0,705.0,709.0,0.0,0.0
2500.0, 36 months,7.89,A,,OWN,11200.0,Fully Paid,credit_card,13.61,0.0,680.0,684.0,0.0,2.0
14700.0, 36 months,15.41,D,8 years,RENT,35000.0,Fully Paid,debt_consolidation,21.22,1.0,680.0,684.0,0.0,0.0
8800.0, 36 months,9.17,B,2 years,RENT,75000.0,Fully Paid,credit_card,18.8,0.0,665.0,669.0,1.0,0.0
3000.0, 36 months,7.89,A,10+ years,MORTGAGE,141000.0,Fully Paid,home_improvement,29.19,0.0,695.0,699.0,0.0,0.0
22250.0, 60 months,12.59,C,3 years,RENT,64000.0,Charged Off,debt_consolidation,39.62,0.0,715.0,719.0,0.0,0.0
17500.0, 60 months,15.41,D,1 year,MORTGAGE,75000.0,Fully Paid,debt_consolidation,11.66,0.0,660.0,664.0,2.0,1.0
11225.0, 36 months,13.18,C,< 1 year,RENT,29600.0,Fully Paid,credit_card,10.91,0.0,690.0,694.0,0.0,0.0
6600.0, 36 months,12.59,C,10+ years,MORTGAGE,65000.0,Fully Paid,credit_card,30.32,1.0,700.0,704.0,1.0,0.0
26700.0, 36 months,7.89,A,10+ years,MORTGAGE,225000.0,Fully Paid,debt_consolidation,11.79,1.0,720.0,724.0,1.0,2.0
10000.0, 36 months,7.26,A,< 1 year,MORTGAGE,130000.0,Fully Paid,debt_consolidation,23.66,0.0,730.0,734.0,1.0,0.0
8400.0, 36 months,9.17,B,2 years,RENT,75000.0,Fully Paid,debt_consolidation,0.72,1.0,690.0,694.0,1.0,0.0
15000.0, 36 months,6.89,A,< 1 year,RENT,96000.0,Fully Paid,credit_card,14.63,0.0,735.0,739.0,1.0,0.0
18000.0, 36 months,6.89,A,,MORTGAGE,54000.0,Fully Paid,debt_consolidation,20.42,0.0,710.0,714.0,1.0,0.0
6000.0, 36 months,15.41,D,2 years,RENT,30000.0,Fully Paid,debt_consolidation,17.36,9.0,680.0,684.0,1.0,1.0
19200.0, 36 months,9.17,B,10+ years,MORTGAGE,65000.0,Fully Paid,credit_card,33.23,0.0,675.0,679.0,0.0,2.0
1800.0, 36 months,7.89,A,10+ years,MORTGAGE,83000.0,Fully Paid,home_improvement,20.29,0.0,765.0,769.0,0.0,0.0
20000.0, 36 months,8.18,B,10+ years,RENT,85700.0,Fully Paid,debt_consolidation,13.69,0.0,670.0,674.0,0.0,0.0
10000.0, 36 months,8.38,B,10+ years,RENT,61000.0,Fully Paid,credit_card,22.2,0.0,675.0,679.0,0.0,0.0
8350.0, 36 months,16.55,D,8 years,RENT,22000.0,Fully Paid,credit_card,32.19,0.0,670.0,674.0,1.0,0.0
35000.0, 36 months,13.18,C,10+ years,MORTGAGE,200000.0,Fully Paid,home_improvement,8.07,2.0,695.0,699.0,0.0,0.0
8000.0, 36 months,17.86,D,10+ years,RENT,85000.0,Charged Off,debt_consolidation,36.1,0.0,735.0,739.0,0.0,0.0
20000.0, 36 months,9.76,B,2 years,MORTGAGE,98000.0,Fully Paid,debt_consolidation,18.89,0.0,660.0,664.0,1.0,1.0
16000.0, 36 months,6.89,A,1 year,MORTGAGE,68000.0,Fully Paid,debt_consolidation,7.24,0.0,710.0,714.0,0.0,0.0
9100.0, 36 months,5.32,A,2 years,RENT,156000.0,Fully Paid,credit_card,10.08,0.0,695.0,699.0,0.0,0.0
31000.0, 36 months,10.99,B,10+ years,MORTGAGE,86000.0,Fully Paid,credit_card,14.68,0.0,665.0,669.0,0.0,0.0
35000.0, 60 months,17.86,D,10+ years,MORTGAGE,170000.0,Fully Paid,debt_consolidation,17.52,0.0,675.0,679.0,0.0,2.0
15200.0, 36 months,5.32,A,6 years,MORTGAGE,110000.0,Fully Paid,debt_consolidation,17.82,0.0,775.0,779.0,0.0,0.0
5000.0, 36 months,7.89,A,3 years,RENT,40000.0,Fully Paid,debt_consolidation,3.33,0.0,685.0,689.0,0.0,1.0
7500.0, 36 months,9.99,B,10+ years,MORTGAGE,34600.0,Fully Paid,debt_consolidation,26.99,0.0,660.0,664.0,1.0,3.0
35000.0, 60 months,18.49,D,10+ years,MORTGAGE,150000.0,Fully Paid,debt_consolidation,16.97,0.0,700.0,704.0,0.0,0.0
20000.0, 60 months,17.57,D,< 1 year,MORTGAGE,50000.0,Charged Off,debt_consolidation,16.97,0.0,675.0,679.0,0.0,0.0
12150.0, 60 months,16.55,D,10+ years,RENT,45000.0,Fully Paid,debt_consolidation,32.19,0.0,730.0,734.0,0.0,1.0
7000.0, 36 months,6.89,A,9 years,MORTGAGE,64417.0,Fully Paid,credit_card,21.67,1.0,695.0,699.0,0.0,0.0
20000.0, 36 months,10.64,B,3 years,RENT,43000.0,Charged Off,credit_card,25.82,0.0,680.0,684.0,0.0,0.0
35000.0, 36 months,17.86,D,10+ years,MORTGAGE,105000.0,Fully Paid,credit_card,19.63,0.0,685.0,689.0,1.0,0.0
24000.0, 36 months,6.99,A,10+ years,MORTGAGE,127000.0,Fully Paid,home_improvement,12.07,1.0,710.0,714.0,0.0,0.0
12000.0, 36 months,9.76,B,7 years,MORTGAGE,60000.0,Fully Paid,credit_card,25.68,0.0,710.0,714.0,0.0,0.0
35000.0, 36 months,7.26,A,2 years,MORTGAGE,102640.0,Fully Paid,credit_card,20.58,0.0,730.0,734.0,0.0,0.0
5000.0, 36 months,10.64,B,4 years,RENT,62000.0,Fully Paid,debt_consolidation,24.14,0.0,730.0,734.0,1.0,1.0
10000.0, 36 months,6.89,A,7 years,OWN,45000.0,Fully Paid,credit_card,8.37,0.0,700.0,704.0,0.0,0.0
15275.0, 36 months,11.99,C,10+ years,MORTGAGE,36400.0,Fully Paid,debt_consolidation,20.34,0.0,675.0,679.0,1.0,0.0
20000.0, 36 months,8.38,B,1 year,MORTGAGE,176000.0,Fully Paid,credit_card,14.22,1.0,665.0,669.0,0.0,0.0
24000.0, 36 months,10.64,B,1 year,RENT,90000.0,Fully Paid,credit_card,23.13,0.0,680.0,684.0,1.0,0.0
4500.0, 36 months,15.41,D,2 years,RENT,35000.0,Fully Paid,debt_consolidation,22.98,0.0,700.0,704.0,1.0,1.0
20000.0, 36 months,5.32,A,4 years,MORTGAGE,117000.0,Fully Paid,home_improvement,17.63,0.0,750.0,754.0,0.0,0.0
12950.0, 36 months,18.99,E,< 1 year,RENT,36000.0,Fully Paid,debt_consolidation,27.93,0.0,685.0,689.0,4.0,0.0
22075.0, 60 months,17.57,D,< 1 year,RENT,60000.0,Fully Paid,credit_card,29.44,5.0,690.0,694.0,0.0,0.0
11000.0, 36 months,8.49,B,5 years,MORTGAGE,40000.0,Fully Paid,debt_consolidation,22.32,0.0,670.0,674.0,0.0,1.0
1500.0, 36 months,8.18,B,< 1 year,RENT,45000.0,Fully Paid,credit_card,29.59,0.0,720.0,724.0,0.0,0.0
13925.0, 60 months,15.41,D,4 years,MORTGAGE,52420.0,Fully Paid,credit_card,32.85,0.0,705.0,709.0,0.0,0.0
10000.0, 36 months,6.89,A,8 years,RENT,65000.0,Fully Paid,debt_consolidation,16.62,4.0,685.0,689.0,0.0,0.0
21600.0, 60 months,18.99,E,8 years,OWN,85000.0,Charged Off,debt_consolidation,4.81,0.0,660.0,664.0,1.0,1.0
8400.0, 36 months,16.99,D,2 years,RENT,35000.0,Fully Paid,house,33.26,1.0,670.0,674.0,1.0,0.0
4000.0, 36 months,9.76,B,10+ years,RENT,38000.0,Fully Paid,medical,27.83,0.0,780.0,784.0,0.0,0.0
9500.0, 36 months,13.67,C,1 year,RENT,58000.0,Fully Paid,debt_consolidation,20.01,0.0,680.0,684.0,2.0,0.0
9600.0, 36 months,7.26,A,< 1 year,MORTGAGE,95000.0,Fully Paid,credit_card,37.63,1.0,700.0,704.0,0.0,0.0
18000.0, 36 months,6.24,A,5 years,MORTGAGE,125000.0,Fully Paid,car,21.81,0.0,745.0,749.0,0.0,0.0
35000.0, 60 months,18.99,E,,MORTGAGE,98000.0,Fully Paid,debt_consolidation,20.5,0.0,700.0,704.0,2.0,0.0
21000.0, 36 months,14.85,C,5 years,MORTGAGE,104000.0,Fully Paid,house,4.64,1.0,675.0,679.0,0.0,0.0
7000.0, 36 months,7.49,A,,RENT,38000.0,Fully Paid,credit_card,15.7,0.0,680.0,684.0,1.0,1.0
15000.0, 36 months,10.64,B,8 years,MORTGAGE,100000.0,Fully Paid,debt_consolidation,15.38,1.0,660.0,664.0,1.0,0.0
9000.0, 36 months,10.64,B,3 years,MORTGAGE,105000.0,Fully Paid,credit_card,20.85,0.0,685.0,689.0,1.0,2.0
25000.0, 60 months,13.18,C,9 years,RENT,60000.0,Fully Paid,debt_consolidation,13.5,0.0,720.0,724.0,0.0,0.0
17975.0, 36 months,10.78,B,,MORTGAGE,40000.0,Fully Paid,credit_card,20.61,0.0,715.0,719.0,1.0,0.0
10000.0, 60 months,11.99,C,3 years,RENT,75000.0,Fully Paid,debt_consolidation,9.95,0.0,660.0,664.0,1.0,1.0
27850.0, 60 months,25.09,F,10+ years,RENT,150000.0,Fully Paid,debt_consolidation,24.91,0.0,680.0,684.0,2.0,0.0
22425.0, 36 months,13.99,C,3 years,RENT,51000.0,Charged Off,debt_consolidation,22.61,0.0,725.0,729.0,1.0,0.0
10000.0, 36 months,7.26,A,< 1 year,MORTGAGE,60000.0,Fully Paid,credit_card,21.02,0.0,705.0,709.0,0.0,0.0
14650.0, 60 months,14.48,C,2 years,RENT,36500.0,Fully Paid,credit_card,26.66,0.0,660.0,664.0,0.0,0.0
16800.0, 60 months,9.17,B,3 years,RENT,72000.0,Fully Paid,credit_card,8.94,0.0,725.0,729.0,0.0,0.0
15400.0, 36 months,9.17,B,8 years,MORTGAGE,35000.0,Fully Paid,home_improvement,12.28,0.0,755.0,759.0,0.0,0.0
14000.0, 36 months,8.49,B,5 years,MORTGAGE,101000.0,Fully Paid,debt_consolidation,17.45,1.0,675.0,679.0,0.0,0.0
10000.0, 36 months,10.99,B,10+ years,RENT,40000.0,Fully Paid,credit_card,16.23,0.0,665.0,669.0,0.0,0.0
30000.0, 36 months,9.8,B,10+ years,RENT,65000.0,Charged Off,debt_consolidation,29.58,0.0,765.0,769.0,0.0,0.0
4500.0, 36 months,9.76,B,10+ years,MORTGAGE,50000.0,Fully Paid,car,23.96,0.0,705.0,709.0,0.0,0.0
10000.0, 36 months,12.88,C,9 years,RENT,95000.0,Charged Off,credit_card,7.93,0.0,705.0,709.0,0.0,0.0
15000.0, 36 months,13.44,C,3 years,RENT,42000.0,Fully Paid,other,28.2,0.0,690.0,694.0,1.0,0.0
7000.0, 36 months,9.17,B,10+ years,MORTGAGE,40000.0,Fully Paid,credit_card,21.5,0.0,700.0,704.0,1.0,0.0
11200.0, 36 months,11.22,B,6 years,OWN,35000.0,Charged Off,debt_consolidation,8.54,0.0,700.0,704.0,1.0,0.0
12000.0, 36 months,12.59,C,4 years,RENT,46000.0,Fully Paid,debt_consolidation,10.59,0.0,665.0,669.0,0.0,2.0
11000.0, 36 months,11.48,B,5 years,RENT,36000.0,Fully Paid,debt_consolidation,11.2,0.0,670.0,674.0,3.0,3.0
10000.0, 36 months,8.18,B,10+ years,OWN,37000.0,Fully Paid,home_improvement,3.96,1.0,665.0,669.0,0.0,1.0
2500.0, 36 months,12.59,C,,MORTGAGE,44500.0,Fully Paid,home_improvement,23.54,0.0,680.0,684.0,0.0,0.0
10000.0, 36 months,9.17,B,4 years,MORTGAGE,70000.0,Fully Paid,credit_card,11.18,0.0,690.0,694.0,0.0,0.0
10000.0, 36 months,8.38,B,10+ years,RENT,37000.0,Fully Paid,credit_card,10.1,1.0,695.0,699.0,0.0,0.0
24000.0, 60 months,9.17,B,6 years,MORTGAGE,150000.0,Fully Paid,credit_card,16.37,0.0,700.0,704.0,1.0,0.0
18000.0, 60 months,9.76,B,2 years,RENT,50000.0,Fully Paid,credit_card,13.11,0.0,700.0,704.0,0.0,0.0
16000.0, 60 months,13.67,C,10+ years,RENT,56700.0,Fully Paid,debt_consolidation,21.34,0.0,685.0,689.0,2.0,1.0
4000.0, 36 months,14.48,C,,RENT,28000.0,Fully Paid,other,33.22,0.0,700.0,704.0,0.0,0.0
10675.0, 36 months,15.41,D,3 years,MORTGAGE,62000.0,Fully Paid,debt_consolidation,33.29,0.0,660.0,664.0,0.0,0.0
22050.0, 36 months,12.59,C,7 years,RENT,49000.0,Fully Paid,debt_consolidation,25.57,1.0,670.0,674.0,0.0,0.0
23000.0, 36 months,7.89,A,1 year,RENT,75000.0,Fully Paid,credit_card,28.32,2.0,715.0,719.0,1.0,0.0
20000.0, 36 months,10.99,B,6 years,MORTGAGE,250000.0,Fully Paid,debt_consolidation,9.75,0.0,680.0,684.0,2.0,0.0
11200.0, 60 months,13.67,C,1 year,MORTGAGE,28500.0,Charged Off,home_improvement,34.4,0.0,720.0,724.0,0.0,0.0
6000.0, 36 months,12.05,C,10+ years,OWN,56000.0,Fully Paid,credit_card,30.05,0.0,680.0,684.0,1.0,0.0
3450.0, 36 months,9.17,B,,RENT,55000.0,Fully Paid,credit_card,14.07,1.0,670.0,674.0,1.0,1.0
35000.0, 60 months,11.99,C,10+ years,MORTGAGE,91000.0,Fully Paid,debt_consolidation,10.48,0.0,695.0,699.0,0.0,0.0
13200.0, 36 months,13.18,C,5 years,RENT,30000.0,Fully Paid,debt_consolidation,12.44,0.0,680.0,684.0,1.0,0.0
10000.0, 60 months,21.99,F,< 1 year,OWN,48000.0,Fully Paid,car,10.73,0.0,665.0,669.0,0.0,0.0
2000.0, 36 months,13.18,C,10+ years,MORTGAGE,44000.0,Fully Paid,vacation,27.44,0.0,730.0,734.0,0.0,0.0
20000.0, 60 months,9.76,B,6 years,MORTGAGE,80000.0,Fully Paid,debt_consolidation,16.05,0.0,740.0,744.0,0.0,0.0
20000.0, 36 months,10.64,B,7 years,MORTGAGE,120000.0,Fully Paid,debt_consolidation,17.37,2.0,660.0,664.0,0.0,0.0
35000.0, 60 months,17.57,D,10+ years,MORTGAGE,300000.0,Fully Paid,credit_card,10.06,0.0,670.0,674.0,1.0,0.0
5175.0, 36 months,13.99,C,< 1 year,RENT,46000.0,Fully Paid,other,21.16,0.0,700.0,704.0,1.0,0.0
8550.0, 36 months,13.18,C,8 years,MORTGAGE,63000.0,Fully Paid,debt_consolidation,31.66,0.0,690.0,694.0,0.0,1.0
5575.0, 36 months,12.59,C,2 years,RENT,55000.0,Fully Paid,credit_card,13.0,3.0,660.0,664.0,0.0,0.0
10225.0, 36 months,9.17,B,1 year,RENT,47200.0,Fully Paid,debt_consolidation,20.9,0.0,670.0,674.0,1.0,1.0
5000.0, 36 months,11.22,B,2 years,OWN,20000.0,Fully Paid,debt_consolidation,6.84,0.0,670.0,674.0,0.0,0.0
32975.0, 60 months,17.86,D,7 years,MORTGAGE,70000.0,Fully Paid,debt_consolidation,32.28,0.0,700.0,704.0,1.0,0.0
11200.0, 36 months,12.59,C,10+ years,MORTGAGE,54250.0,Fully Paid,debt_consolidation,29.38,0.0,665.0,669.0,0.0,2.0
5000.0, 36 months,11.99,C,8 years,RENT,60000.0,Fully Paid,home_improvement,6.93,0.0,675.0,679.0,2.0,0.0
13925.0, 60 months,21.99,F,4 years,RENT,42000.0,Charged Off,house,22.0,0.0,695.0,699.0,0.0,0.0
25450.0, 60 months,18.49,E,1 year,MORTGAGE,65000.0,Fully Paid,credit_card,34.98,0.0,715.0,719.0,1.0,0.0
8000.0, 36 months,5.32,A,7 years,MORTGAGE,84000.0,Fully Paid,debt_consolidation,11.37,0.0,725.0,729.0,0.0,0.0
5000.0, 36 months,9.17,B,5 years,RENT,40000.0,Fully Paid,debt_consolidation,22.56,2.0,680.0,684.0,2.0,1.0
35000.0, 36 months,12.59,C,5 years,OWN,133000.0,Fully Paid,debt_consolidation,16.57,1.0,690.0,694.0,0.0,0.0
18000.0, 36 months,5.32,A,10+ years,MORTGAGE,150000.0,Fully Paid,credit_card,16.7,0.0,715.0,719.0,0.0,0.0
20000.0, 36 months,7.26,A,6 years,MORTGAGE,93000.0,Fully Paid,debt_consolidation,18.63,0.0,740.0,744.0,0.0,0.0
6500.0, 36 months,10.99,B,5 years,MORTGAGE,33700.0,Fully Paid,credit_card,15.81,0.0,665.0,669.0,2.0,1.0
3000.0, 36 months,11.22,B,3 years,OWN,95000.0,Fully Paid,other,8.54,0.0,680.0,684.0,0.0,0.0
25000.0, 36 months,7.89,A,9 years,MORTGAGE,350000.0,Fully Paid,debt_consolidation,10.72,0.0,685.0,689.0,0.0,1.0
12000.0, 60 months,11.22,B,5 years,MORTGAGE,63336.0,Fully Paid,credit_card,17.49,0.0,670.0,674.0,0.0,2.0
8000.0, 36 months,5.32,A,10+ years,OWN,102000.0,Fully Paid,credit_card,2.76,1.0,800.0,804.0,0.0,0.0
35000.0, 36 months,7.26,A,10+ years,RENT,90000.0,Fully Paid,credit_card,12.99,0.0,765.0,769.0,0.0,0.0
24000.0, 60 months,13.67,C,10+ years,MORTGAGE,66400.0,Fully Paid,debt_consolidation,33.0,0.0,705.0,709.0,0.0,0.0
6000.0, 36 months,7.89,A,< 1 year,MORTGAGE,35360.0,Fully Paid,other,27.12,1.0,690.0,694.0,1.0,0.0
4000.0, 36 months,7.26,A,3 years,OWN,38000.0,Fully Paid,car,9.57,0.0,680.0,684.0,0.0,0.0
12000.0, 36 months,7.89,A,10+ years,RENT,35000.0,Fully Paid,debt_consolidation,28.77,0.0,745.0,749.0,0.0,0.0
3500.0, 36 months,11.22,B,,OWN,23000.0,Fully Paid,house,12.32,0.0,660.0,664.0,2.0,0.0
13000.0, 36 months,9.17,B,8 years,MORTGAGE,62000.0,Fully Paid,debt_consolidation,23.96,0.0,770.0,774.0,1.0,0.0
22400.0, 60 months,19.99,E,10+ years,OWN,108762.0,Charged Off,debt_consolidation,11.39,0.0,675.0,679.0,4.0,0.0
18000.0, 60 months,8.38,B,10+ years,MORTGAGE,85000.0,Fully Paid,home_improvement,18.2,0.0,695.0,699.0,1.0,0.0
15000.0, 36 months,6.24,A,< 1 year,MORTGAGE,225000.0,Fully Paid,debt_consolidation,3.53,0.0,725.0,729.0,0.0,0.0
12000.0, 36 months,12.59,C,10+ years,OWN,150000.0,Fully Paid,debt_consolidation,15.87,1.0,670.0,674.0,0.0,0.0
33000.0, 60 months,13.67,C,< 1 year,MORTGAGE,85000.0,Charged Off,debt_consolidation,14.63,0.0,700.0,704.0,0.0,0.0
8000.0, 36 months,9.17,B,8 years,MORTGAGE,225000.0,Fully Paid,home_improvement,6.9,0.0,670.0,674.0,1.0,1.0
12000.0, 60 months,16.99,D,10+ years,OWN,99000.0,Fully Paid,credit_card,25.76,0.0,670.0,674.0,1.0,0.0
9000.0, 36 months,13.67,C,2 years,RENT,50000.0,Fully Paid,credit_card,5.02,0.0,660.0,664.0,0.0,0.0
15000.0, 36 months,9.17,B,10+ years,RENT,55000.0,Fully Paid,home_improvement,3.95,0.0,670.0,674.0,1.0,1.0
16000.0, 36 months,7.89,A,7 years,RENT,62500.0,Fully Paid,credit_card,14.67,0.0,720.0,724.0,1.0,0.0
10000.0, 36 months,8.38,B,8 years,RENT,35000.0,Fully Paid,debt_consolidation,8.68,0.0,695.0,699.0,0.0,1.0
10000.0, 60 months,12.59,C,10+ years,MORTGAGE,42800.0,Fully Paid,debt_consolidation,4.23,1.0,675.0,679.0,2.0,1.0
16000.0, 36 months,10.99,B,1 year,RENT,135000.0,Fully Paid,home_improvement,0.67,0.0,680.0,684.0,1.0,0.0
12000.0, 36 months,11.22,B,,RENT,68000.0,Fully Paid,debt_consolidation,14.4,0.0,675.0,679.0,0.0,1.0
8000.0, 36 months,9.8,B,10+ years,MORTGAGE,59000.0,Fully Paid,debt_consolidation,11.9,0.0,660.0,664.0,0.0,1.0
26400.0, 60 months,11.48,B,10+ years,OWN,127700.0,Charged Off,debt_consolidation,38.14,0.0,710.0,714.0,0.0,0.0
14875.0, 36 months,13.67,C,5 years,RENT,40000.0,Fully Paid,credit_card,32.88,0.0,670.0,674.0,1.0,1.0
9600.0, 36 months,9.17,B,9 years,RENT,50000.0,Fully Paid,debt_consolidation,9.65,0.0,675.0,679.0,0.0,0.0
8000.0, 36 months,13.67,C,< 1 year,MORTGAGE,17000.0,Charged Off,major_purchase,19.63,0.0,660.0,664.0,0.0,0.0
9600.0, 36 months,7.26,A,10+ years,MORTGAGE,96000.0,Fully Paid,medical,7.93,0.0,780.0,784.0,0.0,0.0
12000.0, 60 months,13.18,C,< 1 year,MORTGAGE,90000.0,Charged Off,home_improvement,31.33,0.0,720.0,724.0,1.0,0.0
5000.0, 36 months,6.0,B,< 1 year,MORTGAGE,78000.0,Fully Paid,debt_consolidation,15.69,0.0,670.0,674.0,0.0,0.0
12000.0, 36 months,12.59,C,,MORTGAGE,26304.0,Fully Paid,debt_consolidation,11.89,0.0,665.0,669.0,0.0,0.0
25000.0, 60 months,18.99,E,6 years,MORTGAGE,62000.0,Charged Off,debt_consolidation,29.48,0.0,665.0,669.0,0.0,0.0
20000.0, 60 months,14.48,C,4 years,OWN,105000.0,Fully Paid,credit_card,29.11,0.0,700.0,704.0,2.0,0.0
6300.0, 36 months,11.22,B,2 years,RENT,36000.0,Fully Paid,debt_consolidation,23.93,1.0,685.0,689.0,0.0,0.0
8000.0, 36 months,11.99,C,10+ years,RENT,92000.0,Fully Paid,debt_consolidation,21.29,0.0,680.0,684.0,0.0,0.0
10800.0, 36 months,6.24,A,< 1 year,RENT,75000.0,Fully Paid,debt_consolidation,8.11,0.0,715.0,719.0,1.0,0.0
25000.0, 60 months,10.78,B,7 years,OWN,60000.0,Fully Paid,debt_consolidation,21.96,0.0,715.0,719.0,0.0,0.0
24000.0, 36 months,11.22,B,< 1 year,MORTGAGE,75000.0,Charged Off,debt_consolidation,24.56,1.0,660.0,664.0,0.0,0.0
30000.0, 36 months,16.55,D,3 years,OWN,150000.0,Fully Paid,debt_consolidation,14.7,2.0,660.0,664.0,1.0,1.0
21000.0, 60 months,13.44,C,2 years,MORTGAGE,75000.0,Charged Off,debt_consolidation,21.56,0.0,675.0,679.0,0.0,1.0
7000.0, 36 months,15.41,D,5 years,MORTGAGE,24000.0,Fully Paid,other,21.5,0.0,690.0,694.0,1.0,0.0
20000.0, 60 months,21.99,F,7 years,OWN,136367.0,Charged Off,small_business,22.51,0.0,660.0,664.0,3.0,0.0
18250.0, 60 months,17.57,D,2 years,MORTGAGE,70000.0,Charged Off,debt_consolidation,19.22,0.0,695.0,699.0,0.0,0.0
6025.0, 36 months,11.22,B,10+ years,OWN,35000.0,Fully Paid,home_improvement,14.03,0.0,660.0,664.0,1.0,1.0
18000.0, 36 months,13.67,C,5 years,MORTGAGE,50000.0,Charged Off,credit_card,33.17,2.0,660.0,664.0,0.0,0.0
10000.0, 36 months,9.8,B,1 year,RENT,60000.0,Fully Paid,debt_consolidation,3.4,0.0,715.0,719.0,0.0,0.0
15000.0, 36 months,7.26,A,2 years,RENT,65000.0,Charged Off,debt_consolidation,18.22,1.0,720.0,724.0,0.0,0.0
2000.0, 36 months,12.59,C,10+ years,MORTGAGE,94000.0,Fully Paid,other,6.19,0.0,720.0,724.0,0.0,0.0
35000.0, 36 months,13.18,C,< 1 year,MORTGAGE,80000.0,Fully Paid,credit_card,19.59,0.0,695.0,699.0,3.0,0.0
7000.0, 36 months,9.76,B,10+ years,OWN,34000.0,Fully Paid,debt_consolidation,29.69,0.0,680.0,684.0,1.0,1.0
10000.0, 36 months,17.57,D,10+ years,MORTGAGE,110000.0,Fully Paid,debt_consolidation,4.77,1.0,665.0,669.0,5.0,1.0
4500.0, 36 months,15.41,D,< 1 year,RENT,15500.0,Fully Paid,debt_consolidation,38.34,0.0,710.0,714.0,1.0,0.0
14075.0, 36 months,17.97,D,10+ years,MORTGAGE,120000.0,Fully Paid,debt_consolidation,14.4,0.0,695.0,699.0,2.0,0.0
18000.0, 60 months,12.59,C,4 years,RENT,60000.0,Charged Off,debt_consolidation,16.0,0.0,715.0,719.0,2.0,0.0
10000.0, 36 months,7.89,A,< 1 year,RENT,30000.0,Fully Paid,debt_consolidation,21.16,0.0,695.0,699.0,1.0,0.0
5000.0, 36 months,11.48,B,10+ years,MORTGAGE,42500.0,Fully Paid,debt_consolidation,14.85,1.0,680.0,684.0,3.0,1.0
20000.0, 60 months,10.64,B,9 years,MORTGAGE,100000.0,Fully Paid,credit_card,4.78,0.0,695.0,699.0,0.0,1.0
2650.0, 36 months,11.22,B,< 1 year,MORTGAGE,20000.0,Fully Paid,home_improvement,20.77,0.0,725.0,729.0,0.0,0.0
4000.0, 36 months,14.48,C,,RENT,22000.0,Fully Paid,moving,28.81,0.0,665.0,669.0,1.0,1.0
24000.0, 60 months,17.57,D,1 year,MORTGAGE,65000.0,Fully Paid,credit_card,19.92,1.0,670.0,674.0,3.0,3.0
8400.0, 36 months,9.76,B,5 years,OWN,20000.0,Fully Paid,debt_consolidation,16.81,0.0,740.0,744.0,0.0,0.0
6000.0, 36 months,16.55,D,,OWN,29433.0,Charged Off,credit_card,26.43,1.0,695.0,699.0,4.0,0.0
9000.0, 36 months,9.76,B,6 years,MORTGAGE,60000.0,Fully Paid,major_purchase,14.82,2.0,680.0,684.0,0.0,1.0
7500.0, 36 months,6.24,A,10+ years,OWN,105000.0,Fully Paid,debt_consolidation,29.86,0.0,685.0,689.0,2.0,1.0
21000.0, 36 months,13.18,C,1 year,RENT,80000.0,Fully Paid,major_purchase,35.72,0.0,690.0,694.0,1.0,0.0
20000.0, 36 months,7.26,A,10+ years,MORTGAGE,100000.0,Fully Paid,debt_consolidation,9.91,0.0,695.0,699.0,1.0,0.0
12675.0, 36 months,18.99,E,10+ years,MORTGAGE,48000.0,Fully Paid,debt_consolidation,19.68,0.0,665.0,669.0,1.0,0.0
35000.0, 60 months,13.67,C,< 1 year,MORTGAGE,82000.0,Fully Paid,debt_consolidation,12.26,0.0,785.0,789.0,0.0,0.0
10500.0, 60 months,17.86,D,10+ years,RENT,68000.0,Fully Paid,other,5.54,2.0,660.0,664.0,0.0,0.0
33975.0, 36 months,18.2,E,8 years,MORTGAGE,85000.0,Fully Paid,debt_consolidation,15.39,0.0,695.0,699.0,1.0,0.0
11325.0, 60 months,16.55,D,5 years,RENT,49000.0,Fully Paid,home_improvement,1.4,0.0,705.0,709.0,0.0,1.0
5600.0, 36 months,15.77,D,2 years,RENT,60000.0,Fully Paid,debt_consolidation,38.26,0.0,695.0,699.0,1.0,1.0
21000.0, 36 months,5.32,A,9 years,MORTGAGE,123000.0,Fully Paid,credit_card,8.32,0.0,800.0,804.0,0.0,0.0
18000.0, 60 months,8.38,B,8 years,MORTGAGE,110000.0,Charged Off,credit_card,32.83,0.0,750.0,754.0,0.0,1.0
12500.0, 36 months,13.18,C,2 years,RENT,51000.0,Fully Paid,debt_consolidation,23.48,0.0,680.0,684.0,1.0,0.0
14000.0, 60 months,15.41,D,5 years,RENT,32000.0,Fully Paid,credit_card,29.27,0.0,710.0,714.0,2.0,0.0
6000.0, 36 months,8.38,B,< 1 year,RENT,45000.0,Fully Paid,debt_consolidation,24.13,8.0,690.0,694.0,2.0,0.0
25600.0, 36 months,9.99,B,6 years,OWN,168700.0,Fully Paid,debt_consolidation,9.21,2.0,665.0,669.0,1.0,0.0
5000.0, 36 months,13.18,C,10+ years,RENT,35000.0,Fully Paid,other,15.88,0.0,750.0,754.0,0.0,0.0
10000.0, 60 months,11.99,C,10+ years,MORTGAGE,46000.0,Fully Paid,debt_consolidation,5.71,0.0,685.0,689.0,0.0,0.0
5500.0, 36 months,11.22,B,3 years,OWN,44000.0,Fully Paid,debt_consolidation,19.83,1.0,680.0,684.0,1.0,0.0
6000.0, 36 months,9.17,B,8 years,OWN,137500.0,Fully Paid,home_improvement,15.56,0.0,715.0,719.0,0.0,0.0
4000.0, 36 months,10.78,B,< 1 year,RENT,68000.0,Fully Paid,home_improvement,12.35,0.0,680.0,684.0,2.0,0.0
10000.0, 36 months,9.17,B,7 years,MORTGAGE,60000.0,Charged Off,debt_consolidation,30.92,1.0,685.0,689.0,0.0,0.0
10000.0, 36 months,9.17,B,6 years,MORTGAGE,67000.0,Fully Paid,debt_consolidation,4.91,0.0,700.0,704.0,2.0,0.0
20000.0, 36 months,9.17,B,8 years,MORTGAGE,48000.0,Charged Off,debt_consolidation,20.78,0.0,675.0,679.0,0.0,0.0
16000.0, 36 months,13.18,C,2 years,RENT,32000.0,Fully Paid,debt_consolidation,19.67,1.0,690.0,694.0,0.0,0.0
3600.0, 36 months,14.33,C,10+ years,MORTGAGE,53778.0,Fully Paid,other,29.68,0.0,690.0,694.0,2.0,0.0
4750.0, 36 months,14.33,C,10+ years,OWN,51000.0,Fully Paid,debt_consolidation,30.24,1.0,690.0,694.0,0.0,1.0
27300.0, 60 months,24.99,F,10+ years,MORTGAGE,65000.0,Charged Off,debt_consolidation,6.28,0.0,685.0,689.0,4.0,1.0
25000.0, 36 months,7.89,A,< 1 year,MORTGAGE,113000.0,Fully Paid,credit_card,19.71,0.0,735.0,739.0,1.0,0.0
10000.0, 36 months,7.89,A,10+ years,RENT,92000.0,Fully Paid,debt_consolidation,31.17,2.0,680.0,684.0,0.0,0.0
15000.0, 36 months,5.32,A,3 years,MORTGAGE,120000.0,Fully Paid,debt_consolidation,15.69,0.0,720.0,724.0,0.0,0.0
3000.0, 36 months,13.67,C,2 years,OWN,54000.0,Charged Off,debt_consolidation,23.15,0.0,675.0,679.0,2.0,0.0
15000.0, 36 months,6.99,A,10+ years,MORTGAGE,42000.0,Fully Paid,credit_card,20.54,0.0,695.0,699.0,1.0,0.0
8000.0, 36 months,10.99,B,7 years,RENT,71000.0,Fully Paid,credit_card,17.07,1.0,660.0,664.0,3.0,0.0
7200.0, 36 months,6.24,A,10+ years,MORTGAGE,65000.0,Fully Paid,credit_card,23.56,0.0,750.0,754.0,1.0,0.0
15000.0, 36 months,8.38,B,4 years,RENT,37500.0,Fully Paid,debt_consolidation,21.73,0.0,735.0,739.0,0.0,0.0
35000.0, 60 months,18.99,E,7 years,MORTGAGE,115000.0,Charged Off,debt_consolidation,21.77,0.0,680.0,684.0,0.0,0.0
12000.0, 36 months,6.89,A,3 years,MORTGAGE,40000.0,Fully Paid,debt_consolidation,12.75,1.0,690.0,694.0,0.0,0.0
15000.0, 36 months,7.91,A,< 1 year,MORTGAGE,136000.0,Fully Paid,credit_card,13.59,4.0,715.0,719.0,0.0,0.0
12000.0, 36 months,9.76,B,2 years,MORTGAGE,120000.0,Fully Paid,credit_card,30.37,0.0,680.0,684.0,3.0,0.0
11000.0, 36 months,11.48,B,8 years,RENT,54000.0,Fully Paid,debt_consolidation,10.64,0.0,670.0,674.0,0.0,0.0
5000.0, 36 months,9.17,B,1 year,MORTGAGE,31000.0,Fully Paid,credit_card,20.09,0.0,690.0,694.0,0.0,0.0
27000.0, 36 months,12.88,C,5 years,MORTGAGE,66000.0,Fully Paid,major_purchase,16.89,0.0,670.0,674.0,2.0,2.0
20000.0, 36 months,9.8,B,3 years,MORTGAGE,60000.0,Charged Off,debt_consolidation,25.44,0.0,710.0,714.0,0.0,0.0
22000.0, 60 months,11.49,B,1 year,MORTGAGE,72000.0,Fully Paid,credit_card,9.57,0.0,690.0,694.0,0.0,0.0
8000.0, 36 months,8.38,B,10+ years,MORTGAGE,43000.0,Fully Paid,debt_consolidation,8.32,0.0,675.0,679.0,0.0,0.0
8000.0, 36 months,12.59,C,3 years,MORTGAGE,39000.0,Fully Paid,credit_card,10.09,0.0,725.0,729.0,1.0,0.0
23975.0, 36 months,8.18,B,10+ years,MORTGAGE,80000.0,Fully Paid,home_improvement,24.03,0.0,725.0,729.0,0.0,0.0
20000.0, 36 months,7.89,A,4 years,RENT,130000.0,Fully Paid,debt_consolidation,12.2,4.0,695.0,699.0,0.0,2.0
12500.0, 36 months,10.78,B,10+ years,MORTGAGE,34000.0,Fully Paid,debt_consolidation,27.11,0.0,685.0,689.0,0.0,0.0
6000.0, 36 months,5.32,A,10+ years,MORTGAGE,41175.0,Fully Paid,debt_consolidation,4.14,0.0,750.0,754.0,0.0,0.0
35000.0, 36 months,12.59,C,10+ years,MORTGAGE,87000.0,Charged Off,credit_card,34.8,0.0,715.0,719.0,1.0,0.0
7800.0, 36 months,11.99,C,9 years,MORTGAGE,42000.0,Fully Paid,debt_consolidation,32.23,0.0,740.0,744.0,0.0,0.0
5000.0, 36 months,11.99,C,2 years,MORTGAGE,44200.0,Fully Paid,home_improvement,19.22,0.0,675.0,679.0,2.0,0.0
10000.0, 36 months,9.17,B,5 years,MORTGAGE,85000.0,Fully Paid,debt_consolidation,4.72,0.0,660.0,664.0,0.0,1.0
10000.0, 36 months,11.48,B,10+ years,MORTGAGE,49000.0,Fully Paid,debt_consolidation,21.7,0.0,675.0,679.0,0.0,0.0
4800.0, 36 months,15.41,D,4 years,OWN,69000.0,Fully Paid,debt_consolidation,4.82,0.0,690.0,694.0,0.0,0.0
15000.0, 36 months,13.44,C,3 years,RENT,81000.0,Fully Paid,credit_card,8.4,4.0,660.0,664.0,1.0,0.0
12175.0, 36 months,16.55,D,10+ years,MORTGAGE,75000.0,Charged Off,debt_consolidation,24.02,0.0,660.0,664.0,1.0,3.0
8000.0, 36 months,10.64,B,6 years,MORTGAGE,50000.0,Fully Paid,other,25.16,0.0,715.0,719.0,0.0,0.0
4750.0, 36 months,16.99,D,3 years,RENT,52000.0,Fully Paid,debt_consolidation,7.41,0.0,670.0,674.0,3.0,2.0
22075.0, 36 months,15.41,D,6 years,RENT,48000.0,Fully Paid,debt_consolidation,15.03,0.0,710.0,714.0,1.0,0.0
12000.0, 36 months,9.17,B,10+ years,MORTGAGE,8500021.0,Fully Paid,credit_card,0.22,0.0,660.0,664.0,0.0,0.0
10000.0, 36 months,7.89,A,10+ years,RENT,85270.0,Fully Paid,debt_consolidation,13.34,0.0,710.0,714.0,1.0,0.0
18000.0, 60 months,18.2,E,9 years,RENT,60000.0,Fully Paid,debt_consolidation,18.3,0.0,665.0,669.0,0.0,0.0
16000.0, 60 months,12.59,C,10+ years,MORTGAGE,55000.0,Fully Paid,debt_consolidation,34.06,0.0,665.0,669.0,0.0,0.0
16500.0, 36 months,5.32,A,10+ years,OWN,99000.0,Fully Paid,debt_consolidation,5.38,0.0,755.0,759.0,0.0,0.0
11500.0, 36 months,7.26,A,4 years,MORTGAGE,113000.0,Fully Paid,debt_consolidation,1.06,0.0,690.0,694.0,1.0,1.0
2800.0, 36 months,13.67,C,5 years,RENT,72000.0,Fully Paid,debt_consolidation,25.53,0.0,690.0,694.0,1.0,0.0
7600.0, 36 months,9.17,B,2 years,RENT,38000.0,Fully Paid,debt_consolidation,28.58,0.0,680.0,684.0,1.0,1.0
33000.0, 36 months,10.64,B,10+ years,MORTGAGE,91956.0,Fully Paid,credit_card,13.64,0.0,670.0,674.0,0.0,0.0
6000.0, 36 months,11.22,B,2 years,RENT,39500.0,Fully Paid,debt_consolidation,11.36,1.0,680.0,684.0,1.0,0.0
10000.0, 36 months,9.76,B,,MORTGAGE,36000.0,Fully Paid,debt_consolidation,23.07,0.0,675.0,679.0,1.0,0.0
16000.0, 36 months,9.17,B,1 year,MORTGAGE,74000.0,Fully Paid,debt_consolidation,19.34,0.0,665.0,669.0,0.0,0.0
25000.0, 36 months,11.49,B,5 years,RENT,82000.0,Fully Paid,debt_consolidation,20.8,0.0,705.0,709.0,0.0,0.0
11400.0, 36 months,8.38,B,1 year,MORTGAGE,57200.0,Fully Paid,debt_consolidation,23.81,0.0,710.0,714.0,1.0,0.0
20000.0, 36 months,10.64,B,10+ years,MORTGAGE,120000.0,Fully Paid,debt_consolidation,14.93,1.0,675.0,679.0,0.0,1.0
10000.0, 60 months,17.86,D,1 year,RENT,30000.0,Charged Off,debt_consolidation,35.26,1.0,665.0,669.0,0.0,1.0
2800.0, 36 months,13.44,C,5 years,RENT,80000.0,Fully Paid,medical,18.51,1.0,680.0,684.0,2.0,0.0
9800.0, 36 months,9.17,B,< 1 year,RENT,74000.0,Fully Paid,debt_consolidation,29.9,0.0,665.0,669.0,1.0,1.0
9000.0, 36 months,8.38,B,6 years,RENT,57000.0,Fully Paid,credit_card,3.79,0.0,675.0,679.0,1.0,1.0
4000.0, 36 months,10.64,B,< 1 year,RENT,47500.0,Fully Paid,car,13.87,0.0,660.0,664.0,0.0,1.0
10000.0, 36 months,13.67,C,2 years,OWN,65000.0,Fully Paid,debt_consolidation,7.55,0.0,660.0,664.0,3.0,0.0
6000.0, 36 months,16.55,D,1 year,OWN,28000.0,Fully Paid,debt_consolidation,12.73,0.0,665.0,669.0,1.0,2.0
2500.0, 36 months,12.59,C,1 year,MORTGAGE,41000.0,Charged Off,other,28.38,0.0,660.0,664.0,0.0,0.0
9000.0, 36 months,13.44,C,3 years,RENT,48000.0,Fully Paid,debt_consolidation,16.63,0.0,695.0,699.0,1.0,0.0
14000.0, 60 months,7.89,A,10+ years,MORTGAGE,55000.0,Fully Paid,debt_consolidation,23.83,0.0,775.0,779.0,0.0,0.0
5000.0, 36 months,7.91,A,2 years,MORTGAGE,300000.0,Fully Paid,home_improvement,8.69,0.0,685.0,689.0,1.0,1.0
16800.0, 36 months,11.22,B,1 year,OWN,72000.0,Fully Paid,credit_card,14.37,0.0,665.0,669.0,1.0,0.0
29025.0, 36 months,17.57,D,10+ years,MORTGAGE,120000.0,Fully Paid,debt_consolidation,17.14,0.0,680.0,684.0,1.0,0.0
10000.0, 36 months,13.18,C,3 years,RENT,32000.0,Charged Off,debt_consolidation,31.4,0.0,680.0,684.0,1.0,1.0
10000.0, 36 months,10.64,B,10+ years,RENT,64008.0,Fully Paid,credit_card,20.3,0.0,660.0,664.0,2.0,0.0
11325.0, 36 months,17.57,D,1 year,RENT,27000.0,Fully Paid,debt_consolidation,9.6,0.0,725.0,729.0,0.0,0.0
16000.0, 36 months,5.32,A,7 years,MORTGAGE,100000.0,Fully Paid,home_improvement,6.05,0.0,770.0,774.0,0.0,0.0
28000.0, 36 months,5.32,A,3 years,MORTGAGE,385000.0,Fully Paid,credit_card,8.68,0.0,725.0,729.0,0.0,0.0
9000.0, 36 months,16.55,D,< 1 year,RENT,30000.0,Fully Paid,debt_consolidation,25.12,0.0,685.0,689.0,0.0,0.0
5500.0, 36 months,10.64,B,10+ years,MORTGAGE,34000.0,Charged Off,debt_consolidation,13.45,2.0,660.0,664.0,1.0,3.0
7800.0, 36 months,14.48,C,4 years,OWN,33000.0,Fully Paid,major_purchase,19.27,0.0,680.0,684.0,1.0,0.0
22000.0, 36 months,26.77,G,6 years,OWN,55000.0,Fully Paid,credit_card,29.45,0.0,660.0,664.0,3.0,0.0
30000.0, 60 months,23.13,F,,MORTGAGE,100000.0,Charged Off,debt_consolidation,26.66,0.0,665.0,669.0,0.0,0.0
20000.0, 36 months,14.85,C,3 years,RENT,110000.0,Fully Paid,debt_consolidation,18.72,1.0,695.0,699.0,1.0,0.0
12000.0, 60 months,19.89,E,< 1 year,MORTGAGE,74000.0,Fully Paid,debt_consolidation,18.59,0.0,660.0,664.0,0.0,0.0
12800.0, 36 months,11.22,B,6 years,OWN,42000.0,Fully Paid,debt_consolidation,17.54,0.0,660.0,664.0,1.0,1.0
3000.0, 36 months,14.48,C,4 years,RENT,40000.0,Fully Paid,other,8.68,0.0,660.0,664.0,2.0,0.0
9600.0, 36 months,6.24,A,,MORTGAGE,63283.8,Fully Paid,home_improvement,6.66,0.0,745.0,749.0,0.0,0.0
8075.0, 36 months,7.26,A,10+ years,MORTGAGE,151000.0,Fully Paid,credit_card,15.14,0.0,760.0,764.0,0.0,0.0
7500.0, 36 months,7.49,A,10+ years,OWN,26000.0,Charged Off,other,20.96,0.0,695.0,699.0,0.0,1.0
18000.0, 60 months,17.57,D,10+ years,RENT,20000.0,Fully Paid,debt_consolidation,44.09,0.0,690.0,694.0,1.0,0.0
15000.0, 36 months,15.77,D,3 years,RENT,70600.0,Charged Off,debt_consolidation,13.87,0.0,670.0,674.0,2.0,2.0
5500.0, 36 months,9.76,B,10+ years,RENT,50120.0,Fully Paid,other,25.69,0.0,685.0,689.0,0.0,0.0
18400.0, 36 months,12.59,C,5 years,OWN,40000.0,Fully Paid,debt_consolidation,20.4,0.0,715.0,719.0,1.0,0.0
1500.0, 36 months,8.38,B,< 1 year,MORTGAGE,85000.0,Fully Paid,major_purchase,26.71,0.0,670.0,674.0,0.0,0.0
4625.0, 36 months,11.22,B,9 years,MORTGAGE,48000.0,Fully Paid,other,12.95,1.0,665.0,669.0,0.0,1.0
16300.0, 36 months,14.48,C,< 1 year,MORTGAGE,72000.0,Fully Paid,debt_consolidation,24.08,0.0,680.0,684.0,1.0,1.0
8000.0, 36 months,9.17,B,10+ years,OWN,50000.0,Fully Paid,home_improvement,18.92,0.0,685.0,689.0,0.0,0.0
18000.0, 36 months,7.26,A,10+ years,OWN,57353.0,Fully Paid,credit_card,26.22,0.0,720.0,724.0,0.0,0.0
10000.0, 36 months,7.89,A,,RENT,26000.0,Fully Paid,debt_consolidation,34.86,0.0,720.0,724.0,0.0,0.0
18000.0, 36 months,6.24,A,10+ years,MORTGAGE,78000.0,Fully Paid,debt_consolidation,12.91,0.0,720.0,724.0,0.0,0.0
20000.0, 36 months,9.17,B,8 years,OWN,65000.0,Fully Paid,credit_card,20.55,0.0,710.0,714.0,0.0,0.0
1300.0, 36 months,11.49,B,10+ years,MORTGAGE,70000.0,Fully Paid,other,20.57,0.0,700.0,704.0,2.0,0.0
15000.0, 36 months,9.76,B,2 years,RENT,95000.0,Fully Paid,debt_consolidation,33.91,0.0,670.0,674.0,3.0,0.0
4000.0, 36 months,13.67,C,10+ years,MORTGAGE,82000.0,Fully Paid,home_improvement,31.25,0.0,685.0,689.0,2.0,0.0
8500.0, 36 months,11.22,B,5 years,RENT,35000.0,Fully Paid,debt_consolidation,29.15,0.0,665.0,669.0,1.0,0.0
4800.0, 36 months,12.05,C,10+ years,RENT,70000.0,Fully Paid,debt_consolidation,23.8,0.0,665.0,669.0,1.0,10.0
16000.0, 60 months,13.67,C,4 years,RENT,45000.0,Charged Off,debt_consolidation,28.45,0.0,675.0,679.0,0.0,0.0
12000.0, 36 months,5.32,A,8 years,MORTGAGE,77000.0,Fully Paid,debt_consolidation,15.87,0.0,750.0,754.0,0.0,1.0
3000.0, 36 months,14.48,C,8 years,MORTGAGE,94000.0,Fully Paid,other,17.9,3.0,675.0,679.0,4.0,3.0
2975.0, 36 months,16.99,D,10+ years,MORTGAGE,64000.0,Fully Paid,home_improvement,21.43,0.0,695.0,699.0,0.0,0.0
12000.0, 36 months,7.26,A,10+ years,MORTGAGE,100000.0,Fully Paid,debt_consolidation,9.52,1.0,740.0,744.0,1.0,0.0
25000.0, 36 months,6.49,A,2 years,OWN,80000.0,Fully Paid,credit_card,11.99,0.0,705.0,709.0,0.0,0.0
4000.0, 36 months,8.38,B,10+ years,OWN,35000.0,Charged Off,car,15.02,0.0,690.0,694.0,0.0,0.0
5000.0, 36 months,13.18,C,10+ years,RENT,64000.0,Charged Off,credit_card,6.79,0.0,700.0,704.0,2.0,1.0
24000.0, 36 months,5.32,A,,OWN,125000.0,Fully Paid,major_purchase,5.39,1.0,725.0,729.0,1.0,0.0
25000.0, 36 months,5.32,A,10+ years,MORTGAGE,50000.0,Fully Paid,debt_consolidation,19.28,0.0,770.0,774.0,0.0,0.0
30000.0, 60 months,12.59,C,4 years,MORTGAGE,137000.0,Fully Paid,credit_card,23.55,0.0,715.0,719.0,2.0,0.0
24000.0, 60 months,16.99,D,7 years,MORTGAGE,101000.0,Charged Off,debt_consolidation,22.66,0.0,665.0,669.0,1.0,0.0
8000.0, 36 months,10.78,B,3 years,MORTGAGE,35000.0,Fully Paid,debt_consolidation,11.83,0.0,680.0,684.0,0.0,0.0
10000.0, 36 months,9.76,B,10+ years,MORTGAGE,72000.0,Fully Paid,home_improvement,21.18,0.0,715.0,719.0,1.0,0.0
25000.0, 36 months,11.22,B,< 1 year,MORTGAGE,130000.0,Fully Paid,debt_consolidation,13.4,0.0,705.0,709.0,0.0,0.0
10000.0, 36 months,5.32,A,6 years,MORTGAGE,90000.0,Fully Paid,car,18.55,0.0,800.0,804.0,1.0,0.0
6000.0, 36 months,12.59,C,8 years,MORTGAGE,38000.0,Fully Paid,credit_card,11.94,0.0,715.0,719.0,1.0,1.0
5000.0, 36 months,11.22,B,4 years,OWN,20000.0,Fully Paid,home_improvement,30.9,1.0,680.0,684.0,0.0,0.0
8400.0, 36 months,13.67,C,2 years,MORTGAGE,65500.0,Fully Paid,debt_consolidation,4.34,0.0,670.0,674.0,4.0,1.0
18000.0, 36 months,6.99,A,10+ years,OWN,120000.0,Fully Paid,credit_card,14.88,1.0,710.0,714.0,0.0,0.0
35000.0, 60 months,11.49,B,< 1 year,MORTGAGE,115000.0,Charged Off,credit_card,10.13,1.0,700.0,704.0,1.0,0.0
2550.0, 36 months,16.55,D,3 years,RENT,72500.0,Fully Paid,car,1.24,0.0,660.0,664.0,1.0,1.0
2750.0, 36 months,15.41,D,5 years,MORTGAGE,110000.0,Fully Paid,major_purchase,17.04,1.0,660.0,664.0,0.0,0.0
5000.0, 36 months,9.17,B,10+ years,MORTGAGE,45000.0,Fully Paid,debt_consolidation,18.23,0.0,680.0,684.0,0.0,0.0
12000.0, 36 months,9.76,B,10+ years,MORTGAGE,65000.0,Fully Paid,credit_card,38.85,0.0,735.0,739.0,0.0,0.0
4200.0, 36 months,8.38,B,2 years,RENT,40000.0,Fully Paid,credit_card,18.81,0.0,695.0,699.0,0.0,0.0
11200.0, 60 months,17.57,D,10+ years,RENT,66400.0,Charged Off,debt_consolidation,35.28,0.0,685.0,689.0,0.0,0.0
4625.0, 36 months,26.77,G,4 years,RENT,50000.0,Charged Off,debt_consolidation,24.65,0.0,690.0,694.0,0.0,1.0
10000.0, 60 months,17.57,D,7 years,MORTGAGE,40000.0,Charged Off,home_improvement,33.97,0.0,660.0,664.0,1.0,0.0
15000.0, 36 months,9.76,B,3 years,RENT,50000.0,Fully Paid,debt_consolidation,22.23,0.0,665.0,669.0,2.0,0.0
10000.0, 36 months,9.8,B,10+ years,MORTGAGE,63000.0,Fully Paid,debt_consolidation,12.11,0.0,665.0,669.0,2.0,1.0
25000.0, 60 months,19.99,E,1 year,MORTGAGE,100000.0,Fully Paid,debt_consolidation,18.68,0.0,660.0,664.0,1.0,1.0
15000.0, 60 months,13.67,C,10+ years,MORTGAGE,52000.0,Fully Paid,home_improvement,23.4,1.0,680.0,684.0,0.0,1.0
16000.0, 36 months,14.48,C,2 years,RENT,118300.0,Fully Paid,debt_consolidation,20.18,0.0,700.0,704.0,2.0,0.0
19800.0, 60 months,18.49,E,9 years,MORTGAGE,55000.0,Charged Off,debt_consolidation,19.28,0.0,670.0,674.0,0.0,0.0
10000.0, 36 months,7.89,A,,OWN,37000.0,Fully Paid,credit_card,26.33,0.0,690.0,694.0,0.0,0.0
14400.0, 36 months,9.17,B,,MORTGAGE,66924.0,Fully Paid,credit_card,15.22,3.0,680.0,684.0,0.0,0.0
12000.0, 60 months,16.99,D,3 years,RENT,37900.0,Charged Off,house,10.77,0.0,665.0,669.0,1.0,2.0
15000.0, 36 months,8.38,B,10+ years,RENT,104000.0,Fully Paid,debt_consolidation,15.43,3.0,665.0,669.0,0.0,0.0
8400.0, 36 months,9.17,B,1 year,RENT,42000.0,Fully Paid,credit_card,18.36,0.0,665.0,669.0,0.0,0.0
25000.0, 36 months,11.22,B,10+ years,OWN,75000.0,Charged Off,credit_card,16.77,0.0,675.0,679.0,0.0,1.0
6000.0, 36 months,11.99,C,6 years,MORTGAGE,80000.0,Charged Off,debt_consolidation,22.5,2.0,670.0,674.0,1.0,0.0
3825.0, 36 months,26.77,G,< 1 year,OWN,12000.0,Fully Paid,major_purchase,21.0,0.0,765.0,769.0,2.0,0.0
9350.0, 36 months,9.76,B,3 years,RENT,49961.6,Fully Paid,credit_card,24.46,0.0,680.0,684.0,0.0,0.0
15600.0, 60 months,15.41,D,8 years,RENT,75000.0,Fully Paid,debt_consolidation,15.54,5.0,660.0,664.0,2.0,0.0
15000.0, 60 months,14.48,C,10+ years,MORTGAGE,75000.0,Fully Paid,debt_consolidation,14.02,6.0,695.0,699.0,1.0,0.0
32000.0, 36 months,11.99,C,10+ years,OWN,85000.0,Fully Paid,medical,21.73,1.0,680.0,684.0,1.0,0.0
14400.0, 36 months,10.99,B,7 years,MORTGAGE,40000.0,Fully Paid,debt_consolidation,30.81,1.0,665.0,669.0,2.0,0.0
28000.0, 36 months,5.32,A,10+ years,MORTGAGE,120000.0,Fully Paid,debt_consolidation,23.6,0.0,735.0,739.0,0.0,0.0
15000.0, 36 months,5.32,A,8 years,MORTGAGE,62000.0,Fully Paid,debt_consolidation,9.24,0.0,770.0,774.0,0.0,0.0
5000.0, 36 months,12.88,C,1 year,OWN,42000.0,Fully Paid,debt_consolidation,23.09,1.0,675.0,679.0,0.0,0.0
27275.0, 60 months,23.99,F,8 years,RENT,62000.0,Fully Paid,debt_consolidation,18.97,0.0,670.0,674.0,1.0,0.0
10000.0, 36 months,10.64,B,,OWN,30000.0,Fully Paid,debt_consolidation,16.78,0.0,665.0,669.0,1.0,1.0
3000.0, 36 months,11.22,B,1 year,RENT,53000.0,Fully Paid,debt_consolidation,4.62,0.0,680.0,684.0,2.0,1.0
5000.0, 36 months,12.59,C,,MORTGAGE,25475.0,Fully Paid,debt_consolidation,6.17,0.0,660.0,664.0,2.0,1.0
15000.0, 36 months,10.99,B,10+ years,MORTGAGE,65000.0,Fully Paid,debt_consolidation,30.5,0.0,695.0,699.0,0.0,0.0
10000.0, 36 months,13.18,C,10+ years,MORTGAGE,65000.0,Charged Off,debt_consolidation,20.29,2.0,670.0,674.0,0.0,0.0
22800.0, 60 months,14.48,C,10+ years,RENT,76500.0,Charged Off,debt_consolidation,13.57,0.0,660.0,664.0,2.0,0.0
18000.0, 36 months,11.22,B,< 1 year,OWN,61000.0,Fully Paid,home_improvement,18.62,1.0,715.0,719.0,0.0,0.0
17075.0, 60 months,16.99,D,10+ years,MORTGAGE,134662.0,Fully Paid,debt_consolidation,24.74,1.0,670.0,674.0,0.0,1.0
15400.0, 36 months,9.17,B,3 years,RENT,40000.0,Fully Paid,debt_consolidation,22.32,0.0,730.0,734.0,2.0,0.0
1450.0, 36 months,9.17,B,2 years,MORTGAGE,35000.0,Fully Paid,home_improvement,18.59,0.0,675.0,679.0,1.0,0.0
30000.0, 36 months,16.99,D,5 years,MORTGAGE,80000.0,Charged Off,debt_consolidation,20.54,0.0,670.0,674.0,1.0,1.0
17200.0, 36 months,16.55,D,6 years,RENT,70000.0,Fully Paid,debt_consolidation,7.25,3.0,660.0,664.0,0.0,0.0
20000.0, 36 months,11.49,B,3 years,RENT,60000.0,Charged Off,debt_consolidation,20.78,0.0,675.0,679.0,0.0,0.0
6000.0, 36 months,11.48,B,< 1 year,OWN,48000.0,Fully Paid,debt_consolidation,2.83,0.0,660.0,664.0,0.0,1.0
12000.0, 60 months,14.48,C,,RENT,100000.0,Fully Paid,home_improvement,15.52,0.0,715.0,719.0,2.0,0.0
3000.0, 36 months,9.17,B,5 years,MORTGAGE,50000.0,Charged Off,other,9.86,0.0,700.0,704.0,0.0,0.0
10000.0, 36 months,12.59,C,7 years,RENT,31500.0,Fully Paid,credit_card,20.19,0.0,680.0,684.0,0.0,0.0
5200.0, 36 months,6.24,A,< 1 year,RENT,50000.0,Fully Paid,debt_consolidation,13.32,1.0,695.0,699.0,0.0,0.0
15000.0, 36 months,7.89,A,10+ years,MORTGAGE,63500.0,Fully Paid,debt_consolidation,26.23,0.0,735.0,739.0,1.0,0.0
16750.0, 60 months,13.67,C,8 years,MORTGAGE,42300.0,Fully Paid,debt_consolidation,24.11,0.0,695.0,699.0,1.0,0.0
19800.0, 36 months,16.99,D,3 years,OWN,55000.0,Charged Off,debt_consolidation,14.31,5.0,670.0,674.0,0.0,0.0
24000.0, 36 months,5.32,A,10+ years,OWN,150000.0,Fully Paid,credit_card,9.58,0.0,690.0,694.0,1.0,0.0
14000.0, 60 months,14.48,C,10+ years,MORTGAGE,75000.0,Charged Off,debt_consolidation,33.01,0.0,690.0,694.0,0.0,0.0
1600.0, 36 months,10.99,B,10+ years,MORTGAGE,57000.0,Fully Paid,other,21.52,0.0,695.0,699.0,0.0,0.0
4000.0, 36 months,16.55,D,10+ years,MORTGAGE,101366.0,Fully Paid,other,13.85,1.0,670.0,674.0,2.0,0.0
6000.0, 36 months,8.38,B,5 years,RENT,45000.0,Fully Paid,other,2.58,0.0,700.0,704.0,0.0,0.0
28000.0, 60 months,9.17,B,3 years,MORTGAGE,87410.0,Charged Off,credit_card,18.0,0.0,710.0,714.0,2.0,0.0
12500.0, 36 months,8.49,B,4 years,RENT,85000.0,Fully Paid,debt_consolidation,10.02,0.0,665.0,669.0,1.0,0.0
32000.0, 36 months,13.18,C,10+ years,MORTGAGE,150000.0,Fully Paid,credit_card,29.12,2.0,660.0,664.0,0.0,0.0
5000.0, 36 months,13.18,C,2 years,MORTGAGE,19000.0,Charged Off,other,29.94,0.0,730.0,734.0,0.0,0.0
3100.0, 36 months,8.18,B,2 years,MORTGAGE,50000.0,Fully Paid,debt_consolidation,5.18,1.0,685.0,689.0,0.0,0.0
10000.0, 36 months,7.49,A,10+ years,MORTGAGE,63000.0,Fully Paid,home_improvement,13.28,0.0,700.0,704.0,0.0,0.0
15000.0, 36 months,11.99,C,10+ years,MORTGAGE,65350.0,Fully Paid,debt_consolidation,21.63,0.0,680.0,684.0,1.0,1.0
10000.0, 36 months,7.91,A,,MORTGAGE,55500.0,Fully Paid,home_improvement,18.37,0.0,730.0,734.0,0.0,0.0
15000.0, 36 months,15.41,D,4 years,RENT,58000.0,Fully Paid,other,22.99,0.0,660.0,664.0,0.0,0.0
9000.0, 36 months,9.17,B,10+ years,MORTGAGE,40000.0,Fully Paid,debt_consolidation,18.87,0.0,700.0,704.0,0.0,1.0
12600.0, 36 months,13.18,C,10+ years,MORTGAGE,86000.0,Fully Paid,home_improvement,16.33,1.0,660.0,664.0,0.0,0.0
20775.0, 36 months,8.38,B,10+ years,OWN,93000.0,Fully Paid,debt_consolidation,7.24,0.0,705.0,709.0,0.0,0.0
5000.0, 36 months,12.59,C,10+ years,MORTGAGE,60000.0,Charged Off,home_improvement,22.92,0.0,675.0,679.0,1.0,0.0
16000.0, 60 months,12.59,C,10+ years,MORTGAGE,80000.0,Fully Paid,home_improvement,34.01,1.0,660.0,664.0,0.0,0.0
12000.0, 36 months,11.22,B,10+ years,OWN,85000.0,Fully Paid,debt_consolidation,27.85,0.0,755.0,759.0,0.0,0.0
2600.0, 36 months,16.99,D,< 1 year,MORTGAGE,85000.0,Fully Paid,other,11.03,0.0,660.0,664.0,2.0,0.0
3000.0, 36 months,13.18,C,2 years,OWN,40000.0,Fully Paid,car,16.23,0.0,690.0,694.0,1.0,0.0
10000.0, 60 months,22.99,F,10+ years,MORTGAGE,34959.0,Fully Paid,small_business,27.81,1.0,670.0,674.0,1.0,0.0
8700.0, 36 months,7.89,A,< 1 year,OWN,50000.0,Fully Paid,debt_consolidation,24.76,2.0,670.0,674.0,0.0,0.0
16000.0, 36 months,6.89,A,2 years,MORTGAGE,105000.0,Fully Paid,credit_card,5.3,0.0,680.0,684.0,0.0,0.0
6000.0, 36 months,19.99,E,< 1 year,RENT,20000.0,Fully Paid,debt_consolidation,30.55,0.0,660.0,664.0,0.0,0.0
33500.0, 36 months,11.22,B,10+ years,OWN,120000.0,Charged Off,debt_consolidation,21.56,0.0,690.0,694.0,0.0,0.0
9000.0, 36 months,9.17,B,10+ years,MORTGAGE,140000.0,Fully Paid,debt_consolidation,25.84,0.0,705.0,709.0,0.0,0.0
27600.0, 60 months,17.86,D,4 years,RENT,60000.0,Fully Paid,debt_consolidation,33.58,0.0,710.0,714.0,0.0,0.0
10000.0, 36 months,8.49,B,3 years,MORTGAGE,51000.0,Fully Paid,debt_consolidation,13.06,0.0,680.0,684.0,1.0,0.0
10000.0, 36 months,9.76,B,5 years,MORTGAGE,177000.0,Charged Off,debt_consolidation,17.93,0.0,670.0,674.0,1.0,0.0
3600.0, 36 months,6.89,A,10+ years,MORTGAGE,45000.0,Fully Paid,home_improvement,19.76,0.0,715.0,719.0,1.0,0.0
25000.0, 60 months,9.17,B,10+ years,OWN,110000.0,Fully Paid,credit_card,32.84,0.0,695.0,699.0,0.0,0.0
1600.0, 36 months,13.67,C,10+ years,MORTGAGE,98000.0,Fully Paid,vacation,7.34,1.0,665.0,669.0,0.0,1.0
6200.0, 36 months,15.41,D,5 years,RENT,57500.0,Fully Paid,medical,4.25,0.0,680.0,684.0,1.0,1.0
12000.0, 36 months,13.67,C,10+ years,MORTGAGE,150000.0,Fully Paid,debt_consolidation,10.81,1.0,660.0,664.0,1.0,0.0
14425.0, 36 months,14.33,C,10+ years,MORTGAGE,99800.0,Fully Paid,debt_consolidation,22.28,3.0,660.0,664.0,2.0,0.0
12000.0, 36 months,7.89,A,3 years,RENT,70000.0,Fully Paid,debt_consolidation,14.47,0.0,705.0,709.0,1.0,0.0
13325.0, 60 months,15.41,D,10+ years,RENT,29000.0,Fully Paid,credit_card,21.27,0.0,695.0,699.0,1.0,0.0
7350.0, 36 months,15.41,D,9 years,MORTGAGE,75000.0,Charged Off,debt_consolidation,9.79,1.0,670.0,674.0,1.0,1.0
10000.0, 36 months,12.59,C,7 years,MORTGAGE,50000.0,Charged Off,small_business,9.06,0.0,660.0,664.0,0.0,0.0
7000.0, 36 months,9.8,B,10+ years,RENT,36000.0,Charged Off,debt_consolidation,21.4,0.0,710.0,714.0,1.0,1.0
15000.0, 36 months,11.99,C,10+ years,MORTGAGE,60000.0,Fully Paid,debt_consolidation,36.18,0.0,680.0,684.0,0.0,0.0
4200.0, 36 months,17.86,D,10+ years,RENT,45500.0,Fully Paid,small_business,14.17,1.0,665.0,669.0,2.0,0.0
13975.0, 36 months,9.76,B,3 years,MORTGAGE,114000.0,Fully Paid,debt_consolidation,11.23,0.0,685.0,689.0,1.0,1.0
35000.0, 60 months,13.18,C,9 years,MORTGAGE,126500.0,Fully Paid,debt_consolidation,12.93,1.0,700.0,704.0,1.0,0.0
15000.0, 60 months,13.67,C,8 years,RENT,54000.0,Fully Paid,debt_consolidation,26.98,1.0,665.0,669.0,0.0,0.0
12800.0, 60 months,13.18,C,10+ years,MORTGAGE,59600.0,Fully Paid,credit_card,31.49,0.0,670.0,674.0,0.0,0.0
35000.0, 60 months,12.05,C,8 years,MORTGAGE,105000.0,Fully Paid,debt_consolidation,14.8,0.0,730.0,734.0,2.0,0.0
32200.0, 60 months,24.24,F,< 1 year,MORTGAGE,70000.0,Charged Off,debt_consolidation,28.44,0.0,695.0,699.0,0.0,0.0
15000.0, 36 months,7.91,A,2 years,RENT,90000.0,Fully Paid,debt_consolidation,11.17,4.0,700.0,704.0,1.0,1.0
11525.0, 36 months,16.99,D,4 years,MORTGAGE,140000.0,Fully Paid,home_improvement,5.3,0.0,665.0,669.0,1.0,1.0
10000.0, 36 months,8.38,B,2 years,MORTGAGE,48000.0,Charged Off,debt_consolidation,15.8,0.0,685.0,689.0,0.0,0.0
15000.0, 60 months,16.99,D,< 1 year,MORTGAGE,120000.0,Charged Off,debt_consolidation,10.47,3.0,660.0,664.0,2.0,0.0
26500.0, 60 months,13.44,C,< 1 year,RENT,53000.0,Fully Paid,debt_consolidation,25.84,0.0,705.0,709.0,0.0,0.0
2500.0, 36 months,6.89,A,,MORTGAGE,58000.0,Fully Paid,home_improvement,4.55,0.0,710.0,714.0,0.0,0.0
8000.0, 36 months,11.22,B,10+ years,MORTGAGE,105000.0,Fully Paid,debt_consolidation,28.64,1.0,670.0,674.0,0.0,0.0
35000.0, 60 months,18.2,E,5 years,MORTGAGE,138000.0,Charged Off,debt_consolidation,24.42,0.0,680.0,684.0,0.0,0.0
26525.0, 60 months,18.49,E,< 1 year,RENT,73200.0,Fully Paid,debt_consolidation,29.67,0.0,670.0,674.0,0.0,0.0
16000.0, 36 months,5.32,A,10+ years,MORTGAGE,150000.0,Fully Paid,debt_consolidation,10.58,0.0,680.0,684.0,1.0,1.0
15000.0, 36 months,6.49,A,2 years,RENT,90000.0,Fully Paid,vacation,14.24,0.0,810.0,814.0,0.0,0.0
13500.0, 36 months,7.89,A,10+ years,RENT,83100.0,Fully Paid,debt_consolidation,5.47,0.0,695.0,699.0,0.0,1.0
13950.0, 60 months,15.41,D,6 years,MORTGAGE,71000.0,Fully Paid,credit_card,36.11,0.0,675.0,679.0,0.0,1.0
9000.0, 36 months,6.89,A,10+ years,OWN,100000.0,Fully Paid,credit_card,5.95,0.0,680.0,684.0,0.0,0.0
25000.0, 36 months,6.99,A,3 years,RENT,245000.0,Fully Paid,credit_card,12.38,0.0,725.0,729.0,1.0,0.0
7425.0, 36 months,12.59,C,< 1 year,MORTGAGE,43000.0,Fully Paid,debt_consolidation,14.51,2.0,675.0,679.0,0.0,0.0
15000.0, 36 months,9.17,B,2 years,MORTGAGE,60000.0,Fully Paid,credit_card,22.42,0.0,665.0,669.0,0.0,0.0
5000.0, 36 months,11.48,B,3 years,MORTGAGE,55000.0,Fully Paid,credit_card,11.61,0.0,675.0,679.0,0.0,0.0
8000.0, 36 months,12.05,C,10+ years,RENT,91000.0,Fully Paid,credit_card,37.07,0.0,665.0,669.0,0.0,0.0
30000.0, 36 months,7.89,A,8 years,RENT,210000.0,Fully Paid,debt_consolidation,15.59,1.0,735.0,739.0,0.0,0.0
9275.0, 36 months,16.55,D,10+ years,MORTGAGE,39000.0,Fully Paid,debt_consolidation,30.86,0.0,695.0,699.0,0.0,0.0
35000.0, 36 months,15.41,D,10+ years,MORTGAGE,98000.0,Fully Paid,credit_card,23.56,0.0,665.0,669.0,0.0,0.0
5000.0, 36 months,12.05,C,4 years,RENT,50000.0,Charged Off,debt_consolidation,6.82,0.0,675.0,679.0,2.0,1.0
15000.0, 60 months,13.18,C,3 years,OWN,60000.0,Fully Paid,debt_consolidation,23.38,0.0,700.0,704.0,0.0,1.0
15000.0, 60 months,16.55,D,10+ years,MORTGAGE,60000.0,Charged Off,medical,33.22,0.0,660.0,664.0,0.0,4.0
1000.0, 36 months,9.17,B,7 years,OWN,50400.0,Fully Paid,vacation,14.62,10.0,675.0,679.0,1.0,0.0
24000.0, 60 months,12.59,C,4 years,MORTGAGE,150000.0,Fully Paid,other,10.2,0.0,670.0,674.0,0.0,0.0
20000.0, 36 months,11.99,C,< 1 year,OWN,51875.0,Fully Paid,debt_consolidation,29.54,0.0,685.0,689.0,0.0,0.0
28000.0, 36 months,6.89,A,7 years,MORTGAGE,145000.0,Fully Paid,credit_card,21.16,0.0,680.0,684.0,1.0,0.0
30000.0, 36 months,7.26,A,10+ years,MORTGAGE,185000.0,Fully Paid,credit_card,13.27,2.0,690.0,694.0,0.0,0.0
20800.0, 36 months,12.59,C,10+ years,OWN,80000.0,Charged Off,debt_consolidation,19.2,0.0,660.0,664.0,1.0,0.0
15450.0, 36 months,12.59,C,2 years,MORTGAGE,50000.0,Fully Paid,debt_consolidation,24.41,0.0,700.0,704.0,0.0,0.0
15000.0, 36 months,12.05,C,7 years,RENT,80000.0,Fully Paid,other,14.75,0.0,690.0,694.0,0.0,1.0
10000.0, 36 months,11.22,B,9 years,RENT,45000.0,Fully Paid,debt_consolidation,2.32,0.0,710.0,714.0,1.0,1.0
16000.0, 36 months,5.32,A,10+ years,MORTGAGE,130000.0,Fully Paid,credit_card,19.87,0.0,745.0,749.0,0.0,0.0
18400.0, 60 months,24.24,F,2 years,RENT,40000.0,Charged Off,major_purchase,31.32,1.0,670.0,674.0,0.0,0.0
25000.0, 36 months,11.22,B,10+ years,MORTGAGE,69000.0,Fully Paid,debt_consolidation,17.22,0.0,705.0,709.0,0.0,0.0
9875.0, 36 months,12.59,C,4 years,RENT,26000.0,Fully Paid,credit_card,34.27,0.0,735.0,739.0,0.0,0.0
1900.0, 36 months,18.49,E,< 1 year,RENT,25000.0,Charged Off,credit_card,24.27,0.0,690.0,694.0,0.0,0.0
13575.0, 60 months,13.67,C,7 years,RENT,60000.0,Fully Paid,debt_consolidation,16.18,0.0,700.0,704.0,1.0,0.0
35000.0, 36 months,13.67,C,3 years,MORTGAGE,96000.0,Fully Paid,debt_consolidation,18.63,1.0,695.0,699.0,0.0,0.0
12000.0, 36 months,12.88,C,2 years,RENT,50000.0,Fully Paid,debt_consolidation,26.84,2.0,660.0,664.0,2.0,0.0
9600.0, 36 months,9.17,B,10+ years,RENT,42000.0,Fully Paid,credit_card,10.63,2.0,670.0,674.0,2.0,0.0
20000.0, 60 months,14.48,C,10+ years,MORTGAGE,70000.0,Fully Paid,home_improvement,16.42,0.0,690.0,694.0,0.0,1.0
35000.0, 60 months,15.41,D,3 years,MORTGAGE,70720.0,Charged Off,debt_consolidation,17.81,0.0,695.0,699.0,0.0,0.0
16000.0, 60 months,14.33,C,10+ years,MORTGAGE,120000.0,Charged Off,home_improvement,17.45,0.0,665.0,669.0,5.0,3.0
25950.0, 60 months,17.27,D,10+ years,MORTGAGE,68000.0,Fully Paid,debt_consolidation,28.79,0.0,705.0,709.0,0.0,0.0
35000.0, 60 months,13.67,C,10+ years,MORTGAGE,130000.0,Fully Paid,debt_consolidation,13.96,1.0,680.0,684.0,1.0,0.0
7000.0, 36 months,8.18,B,< 1 year,RENT,60000.0,Fully Paid,credit_card,10.44,0.0,670.0,674.0,1.0,1.0
10500.0, 36 months,11.22,B,3 years,MORTGAGE,40000.0,Fully Paid,home_improvement,17.07,0.0,710.0,714.0,0.0,0.0
8400.0, 36 months,13.67,C,< 1 year,OWN,45000.0,Fully Paid,debt_consolidation,38.93,0.0,670.0,674.0,0.0,0.0
25000.0, 36 months,12.59,C,5 years,RENT,74000.0,Charged Off,debt_consolidation,5.5,0.0,670.0,674.0,1.0,0.0
13425.0, 36 months,17.86,D,2 years,RENT,32000.0,Charged Off,debt_consolidation,15.87,0.0,660.0,664.0,2.0,0.0
19200.0, 60 months,18.49,D,10+ years,RENT,56000.0,Fully Paid,debt_consolidation,28.0,0.0,695.0,699.0,0.0,0.0
24000.0, 36 months,6.89,A,3 years,MORTGAGE,145416.0,Fully Paid,home_improvement,12.04,0.0,725.0,729.0,1.0,0.0
10000.0, 36 months,12.05,C,10+ years,MORTGAGE,135000.0,Fully Paid,home_improvement,9.66,0.0,675.0,679.0,4.0,1.0
35000.0, 36 months,15.41,D,< 1 year,MORTGAGE,128000.0,Fully Paid,debt_consolidation,35.61,0.0,740.0,744.0,0.0,1.0
12000.0, 36 months,7.89,A,10+ years,MORTGAGE,35000.0,Fully Paid,debt_consolidation,21.91,0.0,735.0,739.0,0.0,0.0
35000.0, 36 months,11.99,C,8 years,MORTGAGE,155000.0,Charged Off,credit_card,29.78,1.0,690.0,694.0,0.0,0.0
8000.0, 36 months,11.22,B,10+ years,RENT,50000.0,Charged Off,vacation,33.32,0.0,675.0,679.0,0.0,0.0
13625.0, 36 months,11.22,B,10+ years,MORTGAGE,95000.0,Fully Paid,debt_consolidation,13.27,0.0,680.0,684.0,1.0,1.0
4200.0, 36 months,16.55,D,10+ years,RENT,42000.0,Charged Off,debt_consolidation,19.0,0.0,680.0,684.0,3.0,0.0
25000.0, 36 months,6.24,A,6 years,MORTGAGE,160000.0,Fully Paid,debt_consolidation,9.51,0.0,790.0,794.0,3.0,0.0
20400.0, 36 months,5.32,A,< 1 year,RENT,87000.0,Fully Paid,debt_consolidation,14.92,0.0,725.0,729.0,0.0,0.0
10000.0, 36 months,14.48,C,7 years,RENT,75000.0,Charged Off,debt_consolidation,24.22,0.0,660.0,664.0,0.0,0.0
1800.0, 36 months,9.17,B,1 year,MORTGAGE,72000.0,Fully Paid,debt_consolidation,13.42,0.0,755.0,759.0,1.0,0.0
5325.0, 36 months,11.99,C,1 year,RENT,30000.0,Fully Paid,debt_consolidation,11.48,0.0,705.0,709.0,0.0,0.0
17000.0, 36 months,7.89,A,3 years,RENT,65000.0,Fully Paid,debt_consolidation,11.93,0.0,680.0,684.0,1.0,1.0
13200.0, 36 months,13.18,C,,MORTGAGE,30000.0,Fully Paid,credit_card,19.98,0.0,685.0,689.0,0.0,1.0
6000.0, 36 months,5.32,A,2 years,OWN,120000.0,Fully Paid,credit_card,3.98,0.0,780.0,784.0,0.0,0.0
11000.0, 36 months,8.38,B,10+ years,MORTGAGE,33000.0,Fully Paid,debt_consolidation,12.91,1.0,665.0,669.0,1.0,1.0
7000.0, 36 months,10.64,B,2 years,RENT,30000.0,Fully Paid,debt_consolidation,22.92,0.0,680.0,684.0,0.0,0.0
8000.0, 36 months,15.41,D,< 1 year,RENT,38000.0,Charged Off,debt_consolidation,15.73,0.0,720.0,724.0,0.0,0.0
26900.0, 60 months,27.31,G,,MORTGAGE,70800.0,Charged Off,debt_consolidation,28.59,1.0,665.0,669.0,0.0,0.0
6000.0, 36 months,9.17,B,2 years,RENT,55000.0,Fully Paid,debt_consolidation,25.27,0.0,695.0,699.0,0.0,0.0
12800.0, 36 months,11.99,C,1 year,RENT,42000.0,Fully Paid,debt_consolidation,9.28,0.0,670.0,674.0,0.0,0.0
5875.0, 36 months,9.17,B,3 years,OWN,42000.0,Fully Paid,credit_card,11.09,0.0,665.0,669.0,0.0,0.0
12000.0, 36 months,9.76,B,,RENT,53076.0,Fully Paid,debt_consolidation,23.45,2.0,670.0,674.0,0.0,0.0
5000.0, 36 months,10.78,B,< 1 year,RENT,38200.0,Fully Paid,debt_consolidation,4.69,0.0,710.0,714.0,0.0,0.0
3500.0, 36 months,11.22,B,10+ years,OWN,56000.0,Fully Paid,debt_consolidation,31.93,0.0,680.0,684.0,0.0,0.0
12000.0, 60 months,14.48,C,6 years,MORTGAGE,64000.0,Fully Paid,debt_consolidation,15.68,0.0,690.0,694.0,0.0,1.0
15000.0, 36 months,10.78,B,< 1 year,RENT,65000.0,Fully Paid,credit_card,16.31,1.0,665.0,669.0,1.0,0.0
4500.0, 36 months,8.38,B,4 years,MORTGAGE,85000.0,Fully Paid,home_improvement,12.68,0.0,715.0,719.0,0.0,0.0
17000.0, 36 months,7.89,A,2 years,OWN,250000.0,Fully Paid,credit_card,9.57,4.0,680.0,684.0,1.0,0.0
2400.0, 36 months,8.38,B,10+ years,RENT,40000.0,Charged Off,debt_consolidation,21.19,0.0,665.0,669.0,1.0,2.0
3200.0, 36 months,11.22,B,1 year,RENT,70000.0,Fully Paid,medical,12.41,2.0,685.0,689.0,0.0,0.0
16000.0, 60 months,11.22,B,3 years,MORTGAGE,80000.0,Fully Paid,debt_consolidation,17.58,0.0,735.0,739.0,2.0,1.0
4800.0, 36 months,11.22,B,10+ years,MORTGAGE,48000.0,Fully Paid,home_improvement,7.8,0.0,665.0,669.0,0.0,0.0
12000.0, 36 months,9.76,B,10+ years,OWN,50000.0,Charged Off,debt_consolidation,5.11,0.0,670.0,674.0,0.0,0.0
15000.0, 60 months,18.2,E,10+ years,RENT,54320.0,Charged Off,debt_consolidation,30.0,0.0,665.0,669.0,1.0,0.0
9375.0, 36 months,15.41,D,10+ years,MORTGAGE,50000.0,Charged Off,debt_consolidation,36.77,3.0,690.0,694.0,0.0,0.0
4000.0, 36 months,9.17,B,10+ years,RENT,62000.0,Charged Off,debt_consolidation,15.02,0.0,675.0,679.0,1.0,2.0
15250.0, 36 months,13.18,C,7 years,OWN,57000.0,Fully Paid,credit_card,26.58,0.0,695.0,699.0,1.0,0.0
3850.0, 36 months,16.55,D,,RENT,8796.0,Charged Off,debt_consolidation,30.7,0.0,715.0,719.0,1.0,0.0
9975.0, 36 months,18.99,E,10+ years,RENT,80000.0,Charged Off,debt_consolidation,8.79,0.0,660.0,664.0,0.0,1.0
30000.0, 36 months,11.99,C,10+ years,RENT,100000.0,Fully Paid,debt_consolidation,29.12,1.0,675.0,679.0,0.0,0.0
8000.0, 36 months,5.32,A,10+ years,RENT,82000.0,Fully Paid,credit_card,13.99,0.0,680.0,684.0,1.0,1.0
10000.0, 36 months,5.32,A,10+ years,RENT,56000.0,Fully Paid,debt_consolidation,15.0,0.0,770.0,774.0,0.0,0.0
16000.0, 60 months,15.41,D,8 years,MORTGAGE,135000.0,Charged Off,debt_consolidation,37.38,0.0,670.0,674.0,1.0,0.0
4000.0, 36 months,11.99,C,10+ years,MORTGAGE,56000.0,Fully Paid,other,14.77,1.0,665.0,669.0,0.0,0.0
7775.0, 36 months,16.55,D,10+ years,RENT,36000.0,Charged Off,debt_consolidation,37.1,0.0,670.0,674.0,0.0,0.0
25000.0, 60 months,17.57,D,4 years,MORTGAGE,56000.0,Fully Paid,debt_consolidation,24.37,0.0,710.0,714.0,1.0,0.0
7000.0, 36 months,8.38,B,6 years,RENT,30000.0,Fully Paid,credit_card,27.64,0.0,725.0,729.0,0.0,0.0
3000.0, 36 months,6.24,A,1 year,RENT,41000.0,Fully Paid,debt_consolidation,15.87,0.0,725.0,729.0,0.0,0.0
12000.0, 36 months,5.32,A,10+ years,RENT,58000.0,Charged Off,credit_card,23.86,0.0,685.0,689.0,0.0,0.0
12000.0, 36 months,11.99,C,< 1 year,MORTGAGE,34000.0,Fully Paid,debt_consolidation,22.77,0.0,660.0,664.0,1.0,0.0
35000.0, 36 months,14.48,C,10+ years,OWN,90000.0,Fully Paid,debt_consolidation,30.41,0.0,675.0,679.0,2.0,0.0
12625.0, 36 months,9.76,B,10+ years,MORTGAGE,68000.0,Fully Paid,home_improvement,21.9,0.0,765.0,769.0,0.0,0.0
4675.0, 36 months,17.57,D,10+ years,RENT,28000.0,Charged Off,credit_card,19.8,0.0,680.0,684.0,0.0,1.0
10000.0, 36 months,6.24,A,9 years,RENT,83000.0,Fully Paid,debt_consolidation,19.45,0.0,695.0,699.0,0.0,0.0
4500.0, 36 months,9.76,B,10+ years,MORTGAGE,53215.0,Fully Paid,car,21.15,0.0,690.0,694.0,0.0,1.0
15000.0, 36 months,10.78,B,6 years,RENT,145000.0,Fully Paid,home_improvement,8.18,0.0,705.0,709.0,0.0,0.0
1400.0, 36 months,24.99,F,3 years,OWN,13000.0,Fully Paid,debt_consolidation,33.54,0.0,660.0,664.0,0.0,0.0
16000.0, 36 months,13.18,C,1 year,RENT,120000.0,Fully Paid,credit_card,26.37,0.0,675.0,679.0,1.0,1.0
7275.0, 36 months,8.38,B,10+ years,RENT,90000.0,Fully Paid,major_purchase,19.68,0.0,695.0,699.0,0.0,0.0
8000.0, 36 months,11.49,B,7 years,RENT,75000.0,Fully Paid,credit_card,10.56,0.0,680.0,684.0,0.0,0.0
11000.0, 36 months,10.99,B,2 years,RENT,105000.0,Fully Paid,credit_card,14.93,0.0,685.0,689.0,1.0,1.0
30000.0, 36 months,6.89,A,10+ years,MORTGAGE,234772.0,Fully Paid,credit_card,9.85,0.0,690.0,694.0,0.0,0.0
1000.0, 36 months,16.55,D,10+ years,OWN,34000.0,Charged Off,other,9.6,0.0,665.0,669.0,0.0,2.0
21000.0, 60 months,18.2,E,10+ years,MORTGAGE,55000.0,Charged Off,major_purchase,27.23,0.0,700.0,704.0,0.0,0.0
6000.0, 36 months,8.38,B,2 years,MORTGAGE,28000.0,Fully Paid,credit_card,13.97,0.0,660.0,664.0,0.0,0.0
28000.0, 60 months,9.17,B,8 years,MORTGAGE,125000.0,Charged Off,debt_consolidation,16.95,0.0,755.0,759.0,0.0,0.0
7675.0, 36 months,9.17,B,,OWN,42000.0,Fully Paid,credit_card,26.89,0.0,800.0,804.0,0.0,0.0
9600.0, 36 months,6.89,A,10+ years,MORTGAGE,104000.0,Fully Paid,credit_card,2.69,0.0,695.0,699.0,0.0,0.0
7000.0, 36 months,9.8,B,2 years,RENT,60000.0,Fully Paid,credit_card,18.0,2.0,680.0,684.0,0.0,0.0
15000.0, 60 months,18.99,E,10+ years,MORTGAGE,55000.0,Fully Paid,debt_consolidation,5.63,0.0,765.0,769.0,2.0,0.0
34075.0, 36 months,18.2,E,10+ years,MORTGAGE,135163.0,Fully Paid,debt_consolidation,16.92,1.0,665.0,669.0,1.0,1.0
10000.0, 36 months,8.38,B,3 years,RENT,63000.0,Fully Paid,credit_card,29.39,0.0,705.0,709.0,1.0,0.0
18625.0, 36 months,13.44,C,10+ years,MORTGAGE,44400.0,Charged Off,debt_consolidation,7.78,1.0,680.0,684.0,0.0,0.0
7475.0, 36 months,18.99,E,9 years,MORTGAGE,58711.0,Charged Off,debt_consolidation,23.75,0.0,675.0,679.0,2.0,0.0
20000.0, 36 months,5.32,A,9 years,OWN,145000.0,Fully Paid,credit_card,8.37,0.0,770.0,774.0,0.0,0.0
10000.0, 36 months,8.38,B,7 years,MORTGAGE,70000.0,Fully Paid,debt_consolidation,11.76,0.0,660.0,664.0,0.0,0.0
19300.0, 36 months,13.44,C,,MORTGAGE,48261.96,Charged Off,debt_consolidation,17.11,0.0,660.0,664.0,0.0,1.0
18000.0, 36 months,10.64,B,< 1 year,OWN,50000.0,Fully Paid,credit_card,14.5,0.0,700.0,704.0,0.0,0.0
15000.0, 60 months,9.99,B,10+ years,MORTGAGE,60000.0,Charged Off,debt_consolidation,9.86,0.0,760.0,764.0,0.0,0.0
12000.0, 60 months,14.48,C,10+ years,RENT,40000.0,Charged Off,debt_consolidation,22.95,0.0,675.0,679.0,1.0,0.0
2500.0, 36 months,12.59,C,10+ years,OWN,67000.0,Fully Paid,debt_consolidation,29.82,0.0,670.0,674.0,1.0,0.0
10000.0, 36 months,14.85,C,2 years,RENT,56200.0,Fully Paid,debt_consolidation,8.2,8.0,660.0,664.0,0.0,0.0
15000.0, 36 months,7.89,A,10+ years,MORTGAGE,75000.0,Fully Paid,debt_consolidation,12.37,0.0,680.0,684.0,1.0,1.0
12175.0, 36 months,13.67,C,< 1 year,RENT,80000.0,Fully Paid,debt_consolidation,24.65,1.0,690.0,694.0,1.0,0.0
6400.0, 36 months,10.64,B,< 1 year,RENT,33000.0,Fully Paid,credit_card,12.12,1.0,690.0,694.0,0.0,0.0
6000.0, 36 months,5.32,A,10+ years,RENT,43000.0,Fully Paid,debt_consolidation,20.37,0.0,680.0,684.0,0.0,0.0
10500.0, 60 months,7.89,A,10+ years,MORTGAGE,45000.0,Fully Paid,credit_card,16.45,0.0,730.0,734.0,0.0,0.0
24000.0, 36 months,10.64,B,3 years,RENT,118000.0,Fully Paid,debt_consolidation,27.37,0.0,675.0,679.0,2.0,0.0
15000.0, 36 months,8.18,B,< 1 year,RENT,60000.0,Charged Off,credit_card,14.26,0.0,725.0,729.0,0.0,0.0
3000.0, 36 months,9.76,B,10+ years,MORTGAGE,97350.0,Fully Paid,debt_consolidation,16.83,0.0,695.0,699.0,2.0,1.0
8400.0, 36 months,5.32,A,8 years,MORTGAGE,68000.0,Fully Paid,debt_consolidation,9.73,0.0,810.0,814.0,0.0,0.0
7400.0, 36 months,11.22,B,< 1 year,OWN,38480.0,Fully Paid,credit_card,24.86,1.0,660.0,664.0,0.0,0.0
10000.0, 36 months,7.89,A,10+ years,RENT,85000.0,Fully Paid,debt_consolidation,19.38,0.0,750.0,754.0,0.0,0.0
10000.0, 36 months,6.24,A,1 year,MORTGAGE,110000.0,Fully Paid,credit_card,28.44,0.0,730.0,734.0,0.0,0.0
5000.0, 36 months,13.18,C,9 years,RENT,25000.0,Fully Paid,debt_consolidation,36.42,0.0,675.0,679.0,0.0,1.0
28000.0, 36 months,7.89,A,10+ years,MORTGAGE,102000.0,Fully Paid,debt_consolidation,20.68,1.0,705.0,709.0,2.0,0.0
35000.0, 60 months,11.99,C,< 1 year,MORTGAGE,135000.0,Fully Paid,debt_consolidation,18.8,0.0,685.0,689.0,0.0,0.0
5000.0, 36 months,10.64,B,2 years,RENT,42000.0,Fully Paid,credit_card,31.31,0.0,680.0,684.0,0.0,0.0
4000.0, 36 months,13.18,C,2 years,RENT,54000.0,Fully Paid,debt_consolidation,7.64,0.0,685.0,689.0,0.0,0.0
24000.0, 60 months,17.57,D,9 years,MORTGAGE,60000.0,Fully Paid,debt_consolidation,33.11,0.0,700.0,704.0,0.0,0.0
16000.0, 60 months,13.67,C,10+ years,MORTGAGE,52000.0,Fully Paid,debt_consolidation,12.05,0.0,680.0,684.0,0.0,0.0
20000.0, 36 months,9.76,B,3 years,RENT,96000.0,Fully Paid,debt_consolidation,8.25,0.0,740.0,744.0,2.0,0.0
30000.0, 36 months,9.76,B,5 years,MORTGAGE,230000.0,Fully Paid,credit_card,12.26,0.0,670.0,674.0,0.0,0.0
4000.0, 36 months,12.59,C,7 years,MORTGAGE,54000.0,Fully Paid,debt_consolidation,10.2,0.0,680.0,684.0,1.0,0.0
12000.0, 36 months,11.99,C,8 years,RENT,84000.0,Fully Paid,debt_consolidation,4.59,0.0,705.0,709.0,2.0,0.0
17975.0, 36 months,13.44,C,3 years,RENT,110000.0,Fully Paid,debt_consolidation,9.57,0.0,660.0,664.0,3.0,1.0
5000.0, 36 months,6.24,A,4 years,RENT,95000.0,Charged Off,major_purchase,17.29,7.0,680.0,684.0,1.0,0.0
5400.0, 36 months,6.49,A,4 years,RENT,90000.0,Fully Paid,debt_consolidation,29.69,0.0,690.0,694.0,2.0,0.0
28000.0, 36 months,6.89,A,4 years,MORTGAGE,175000.0,Fully Paid,debt_consolidation,15.39,0.0,715.0,719.0,1.0,3.0
28000.0, 36 months,7.89,A,10+ years,OWN,112000.0,Fully Paid,credit_card,26.69,0.0,705.0,709.0,2.0,0.0
2500.0, 36 months,8.49,B,2 years,MORTGAGE,51500.0,Fully Paid,credit_card,15.08,0.0,700.0,704.0,1.0,0.0
20000.0, 36 months,6.89,A,10+ years,OWN,60000.0,Fully Paid,credit_card,22.0,0.0,680.0,684.0,0.0,0.0
24000.0, 36 months,6.24,A,10+ years,MORTGAGE,165000.0,Fully Paid,debt_consolidation,6.71,1.0,745.0,749.0,0.0,0.0
20000.0, 36 months,12.59,C,10+ years,MORTGAGE,74000.0,Fully Paid,credit_card,26.82,2.0,695.0,699.0,2.0,0.0
1000.0, 36 months,14.48,C,10+ years,RENT,41000.0,Fully Paid,moving,19.53,0.0,670.0,674.0,0.0,0.0
13375.0, 36 months,11.99,C,4 years,MORTGAGE,91000.0,Charged Off,debt_consolidation,11.38,2.0,665.0,669.0,0.0,0.0
12350.0, 36 months,11.99,C,10+ years,MORTGAGE,34000.0,Fully Paid,credit_card,34.16,0.0,740.0,744.0,0.0,0.0
18000.0, 60 months,11.99,C,10+ years,MORTGAGE,90000.0,Fully Paid,credit_card,31.47,0.0,690.0,694.0,0.0,0.0
19250.0, 60 months,14.48,C,3 years,MORTGAGE,116700.0,Charged Off,credit_card,30.41,0.0,665.0,669.0,3.0,0.0
17000.0, 36 months,6.49,A,10+ years,RENT,73000.0,Fully Paid,credit_card,34.36,0.0,745.0,749.0,0.0,0.0
11000.0, 36 months,13.18,C,3 years,MORTGAGE,50000.0,Fully Paid,credit_card,9.48,0.0,740.0,744.0,1.0,0.0
8500.0, 36 months,9.76,B,5 years,RENT,45000.0,Fully Paid,debt_consolidation,39.47,0.0,690.0,694.0,1.0,0.0
24000.0, 36 months,9.76,B,,MORTGAGE,79740.0,Fully Paid,debt_consolidation,12.57,0.0,715.0,719.0,1.0,0.0
5750.0, 36 months,17.57,D,10+ years,OWN,16000.0,Charged Off,credit_card,35.41,0.0,735.0,739.0,1.0,1.0
30000.0, 60 months,9.76,B,10+ years,MORTGAGE,84000.0,Charged Off,credit_card,16.94,0.0,690.0,694.0,0.0,0.0
20000.0, 60 months,13.67,C,3 years,RENT,45000.0,Fully Paid,credit_card,23.92,0.0,700.0,704.0,0.0,0.0
5000.0, 36 months,7.89,A,2 years,RENT,45800.0,Fully Paid,home_improvement,18.68,0.0,675.0,679.0,0.0,1.0
14000.0, 60 months,19.89,E,10+ years,RENT,52000.0,Charged Off,credit_card,10.44,0.0,660.0,664.0,2.0,2.0
12000.0, 36 months,10.64,B,5 years,RENT,88787.0,Fully Paid,debt_consolidation,23.07,0.0,670.0,674.0,0.0,4.0
20000.0, 36 months,8.49,B,10+ years,OWN,85000.0,Charged Off,debt_consolidation,24.89,0.0,665.0,669.0,0.0,1.0
4450.0, 36 months,12.59,C,8 years,RENT,29350.0,Fully Paid,credit_card,29.16,0.0,685.0,689.0,0.0,0.0
19125.0, 60 months,19.99,E,1 year,MORTGAGE,48000.0,Fully Paid,debt_consolidation,5.78,0.0,755.0,759.0,0.0,0.0
20000.0, 36 months,8.49,B,< 1 year,MORTGAGE,80000.0,Fully Paid,credit_card,19.26,0.0,680.0,684.0,3.0,0.0
14000.0, 36 months,12.59,C,10+ years,RENT,110000.0,Fully Paid,credit_card,27.73,0.0,665.0,669.0,0.0,2.0
16250.0, 60 months,15.41,D,10+ years,RENT,55342.0,Fully Paid,debt_consolidation,29.64,0.0,720.0,724.0,0.0,0.0
5000.0, 36 months,9.17,B,10+ years,OWN,30000.0,Charged Off,debt_consolidation,25.8,0.0,700.0,704.0,0.0,0.0
4000.0, 36 months,11.99,C,10+ years,MORTGAGE,50000.0,Fully Paid,debt_consolidation,28.54,0.0,660.0,664.0,3.0,2.0
12000.0, 36 months,9.76,B,10+ years,MORTGAGE,76000.0,Fully Paid,credit_card,8.73,0.0,680.0,684.0,0.0,0.0
5175.0, 36 months,18.2,E,1 year,RENT,35000.0,Charged Off,debt_consolidation,25.55,0.0,670.0,674.0,3.0,0.0
9000.0, 36 months,7.89,A,8 years,RENT,40000.0,Fully Paid,debt_consolidation,33.68,0.0,780.0,784.0,0.0,0.0
12000.0, 36 months,11.99,C,5 years,RENT,85280.0,Fully Paid,debt_consolidation,9.15,0.0,660.0,664.0,1.0,2.0
5000.0, 36 months,11.22,B,5 years,OWN,75000.0,Charged Off,home_improvement,12.62,0.0,675.0,679.0,0.0,0.0
14250.0, 36 months,15.77,D,5 years,MORTGAGE,31000.0,Fully Paid,credit_card,22.45,0.0,690.0,694.0,0.0,0.0
20525.0, 36 months,9.76,B,2 years,RENT,150000.0,Fully Paid,credit_card,22.02,0.0,720.0,724.0,1.0,0.0
18000.0, 60 months,13.44,C,1 year,RENT,57000.0,Fully Paid,debt_consolidation,18.4,1.0,660.0,664.0,1.0,0.0
20000.0, 36 months,11.99,C,10+ years,OWN,218000.0,Fully Paid,house,16.95,1.0,675.0,679.0,1.0,0.0
10000.0, 36 months,6.24,A,10+ years,OWN,42000.0,Fully Paid,credit_card,6.94,0.0,685.0,689.0,0.0,0.0
5000.0, 36 months,9.76,B,9 years,RENT,32000.0,Charged Off,debt_consolidation,23.77,0.0,690.0,694.0,1.0,0.0
3100.0, 36 months,16.55,D,2 years,MORTGAGE,35000.0,Fully Paid,credit_card,24.07,0.0,690.0,694.0,0.0,0.0
1000.0, 36 months,13.44,C,10+ years,RENT,50000.0,Fully Paid,debt_consolidation,3.07,1.0,660.0,664.0,0.0,0.0
6300.0, 36 months,10.64,B,10+ years,RENT,55000.0,Fully Paid,debt_consolidation,13.99,0.0,675.0,679.0,1.0,2.0
2800.0, 36 months,6.24,A,2 years,RENT,48000.0,Fully Paid,debt_consolidation,24.4,0.0,740.0,744.0,0.0,1.0
30475.0, 36 months,9.17,B,10+ years,MORTGAGE,156000.0,Fully Paid,home_improvement,21.67,0.0,715.0,719.0,0.0,0.0
3950.0, 36 months,15.41,D,4 years,RENT,66000.0,Fully Paid,debt_consolidation,12.93,0.0,660.0,664.0,0.0,2.0
24000.0, 36 months,7.26,A,10+ years,MORTGAGE,115000.0,Fully Paid,debt_consolidation,24.14,0.0,710.0,714.0,0.0,0.0
2725.0, 36 months,27.88,G,5 years,MORTGAGE,45600.0,Charged Off,debt_consolidation,8.82,0.0,665.0,669.0,1.0,0.0
16000.0, 36 months,5.32,A,4 years,MORTGAGE,150000.0,Fully Paid,debt_consolidation,13.78,0.0,760.0,764.0,0.0,0.0
30000.0, 60 months,12.88,C,10+ years,MORTGAGE,136000.0,Fully Paid,debt_consolidation,26.75,0.0,715.0,719.0,0.0,0.0
5000.0, 36 months,9.17,B,1 year,MORTGAGE,45000.0,Fully Paid,medical,6.56,0.0,710.0,714.0,0.0,0.0
10000.0, 36 months,9.17,B,3 years,RENT,27000.0,Fully Paid,credit_card,12.49,0.0,710.0,714.0,0.0,0.0
8000.0, 36 months,8.49,B,,MORTGAGE,58000.0,Fully Paid,credit_card,5.9,0.0,730.0,734.0,0.0,0.0
6000.0, 36 months,9.76,B,3 years,RENT,29000.0,Charged Off,debt_consolidation,25.17,0.0,670.0,674.0,0.0,1.0
10000.0, 36 months,13.18,C,5 years,OWN,50000.0,Fully Paid,debt_consolidation,12.82,0.0,700.0,704.0,2.0,0.0
3900.0, 36 months,15.41,D,10+ years,MORTGAGE,40000.0,Fully Paid,debt_consolidation,27.72,0.0,730.0,734.0,0.0,0.0
21000.0, 36 months,11.22,B,8 years,MORTGAGE,62000.0,Fully Paid,credit_card,26.31,1.0,665.0,669.0,0.0,0.0
20000.0, 36 months,9.17,B,< 1 year,RENT,86000.0,Fully Paid,debt_consolidation,21.69,0.0,670.0,674.0,0.0,1.0
12000.0, 36 months,6.24,A,2 years,RENT,104000.0,Fully Paid,credit_card,5.0,0.0,720.0,724.0,0.0,0.0
21000.0, 36 months,11.22,B,7 years,MORTGAGE,92000.0,Fully Paid,moving,17.87,0.0,705.0,709.0,0.0,0.0
30000.0, 60 months,16.55,D,9 years,MORTGAGE,108000.0,Charged Off,debt_consolidation,15.03,0.0,710.0,714.0,1.0,0.0
30000.0, 60 months,13.18,C,3 years,MORTGAGE,120000.0,Charged Off,debt_consolidation,23.12,5.0,680.0,684.0,0.0,0.0
7000.0, 36 months,9.17,B,8 years,RENT,150000.0,Fully Paid,debt_consolidation,10.81,1.0,670.0,674.0,1.0,0.0
10000.0, 36 months,10.64,B,< 1 year,RENT,60000.0,Fully Paid,debt_consolidation,22.56,0.0,690.0,694.0,0.0,0.0
27500.0, 36 months,17.86,D,4 years,RENT,55000.0,Charged Off,debt_consolidation,28.98,0.0,665.0,669.0,0.0,0.0
6000.0, 36 months,14.48,C,6 years,RENT,53000.0,Charged Off,credit_card,26.65,0.0,725.0,729.0,2.0,0.0
10000.0, 36 months,9.76,B,,OWN,27800.0,Fully Paid,credit_card,11.53,0.0,710.0,714.0,0.0,0.0
6000.0, 36 months,11.99,C,1 year,RENT,25980.0,Fully Paid,credit_card,37.78,0.0,665.0,669.0,0.0,1.0
28000.0, 36 months,6.24,A,< 1 year,MORTGAGE,150000.0,Fully Paid,home_improvement,1.28,0.0,715.0,719.0,0.0,0.0
14000.0, 36 months,6.89,A,< 1 year,RENT,55000.0,Fully Paid,debt_consolidation,20.69,0.0,700.0,704.0,0.0,0.0
30000.0, 36 months,9.17,B,10+ years,MORTGAGE,144000.0,Fully Paid,debt_consolidation,16.24,0.0,685.0,689.0,0.0,0.0
10500.0, 36 months,14.85,C,,OWN,40917.0,Charged Off,home_improvement,25.34,2.0,715.0,719.0,4.0,0.0
11000.0, 60 months,11.22,B,8 years,MORTGAGE,65000.0,Fully Paid,debt_consolidation,22.21,0.0,750.0,754.0,1.0,0.0
12000.0, 36 months,18.49,E,2 years,MORTGAGE,46000.0,Charged Off,other,16.26,0.0,665.0,669.0,1.0,4.0
25000.0, 60 months,15.41,D,10+ years,MORTGAGE,93000.0,Fully Paid,debt_consolidation,18.28,0.0,660.0,664.0,1.0,0.0
15000.0, 60 months,15.41,D,10+ years,OWN,45000.0,Charged Off,credit_card,32.03,0.0,690.0,694.0,1.0,0.0
29850.0, 60 months,13.67,C,10+ years,OWN,73000.0,Fully Paid,debt_consolidation,33.78,0.0,800.0,804.0,0.0,0.0
5500.0, 36 months,17.57,D,,RENT,11000.0,Charged Off,debt_consolidation,37.28,1.0,665.0,669.0,1.0,0.0
6000.0, 36 months,17.57,D,3 years,RENT,20000.0,Fully Paid,debt_consolidation,11.52,1.0,665.0,669.0,1.0,0.0
15000.0, 36 months,7.26,A,9 years,OWN,55000.0,Fully Paid,credit_card,21.85,0.0,705.0,709.0,0.0,0.0
24000.0, 36 months,6.89,A,2 years,RENT,100000.0,Fully Paid,debt_consolidation,19.26,0.0,725.0,729.0,0.0,0.0
17625.0, 60 months,19.99,E,4 years,MORTGAGE,130000.0,Charged Off,debt_consolidation,6.19,0.0,660.0,664.0,0.0,1.0
15000.0, 36 months,12.59,C,< 1 year,RENT,45000.0,Fully Paid,debt_consolidation,16.77,0.0,695.0,699.0,0.0,0.0
15000.0, 60 months,11.99,C,3 years,OWN,152000.0,Fully Paid,debt_consolidation,15.09,0.0,745.0,749.0,2.0,0.0
24150.0, 60 months,16.55,D,2 years,MORTGAGE,52500.0,Fully Paid,debt_consolidation,24.21,0.0,700.0,704.0,0.0,0.0
14000.0, 60 months,9.8,B,10+ years,MORTGAGE,120000.0,Fully Paid,credit_card,29.2,0.0,680.0,684.0,0.0,0.0
7200.0, 36 months,14.85,C,2 years,RENT,25958.0,Fully Paid,debt_consolidation,18.4,0.0,660.0,664.0,1.0,0.0
2500.0, 36 months,11.99,C,2 years,RENT,32928.0,Fully Paid,vacation,26.72,1.0,670.0,674.0,2.0,0.0
8000.0, 36 months,7.49,A,3 years,RENT,46000.0,Fully Paid,credit_card,19.7,0.0,695.0,699.0,0.0,0.0
5000.0, 36 months,12.59,C,10+ years,MORTGAGE,56000.0,Fully Paid,credit_card,25.66,1.0,685.0,689.0,1.0,0.0
3000.0, 36 months,10.99,B,10+ years,OWN,52000.0,Charged Off,debt_consolidation,25.69,1.0,680.0,684.0,0.0,0.0
1200.0, 36 months,11.99,C,9 years,MORTGAGE,49500.0,Fully Paid,home_improvement,37.68,0.0,705.0,709.0,1.0,0.0
8500.0, 36 months,10.64,B,4 years,RENT,44000.0,Fully Paid,debt_consolidation,28.89,1.0,665.0,669.0,0.0,0.0
16800.0, 60 months,13.18,C,< 1 year,RENT,50000.0,Fully Paid,debt_consolidation,9.87,0.0,675.0,679.0,1.0,0.0
17000.0, 36 months,9.17,B,10+ years,MORTGAGE,54000.0,Fully Paid,debt_consolidation,4.74,0.0,740.0,744.0,0.0,0.0
11200.0, 36 months,8.18,B,2 years,RENT,49000.0,Fully Paid,credit_card,21.85,0.0,690.0,694.0,0.0,0.0
2000.0, 36 months,14.48,C,8 years,OWN,35000.0,Charged Off,other,7.58,0.0,670.0,674.0,0.0,0.0
12950.0, 36 months,19.99,E,10+ years,MORTGAGE,36000.0,Fully Paid,debt_consolidation,36.5,0.0,670.0,674.0,1.0,1.0
15000.0, 36 months,7.26,A,10+ years,RENT,98000.0,Fully Paid,debt_consolidation,13.62,0.0,735.0,739.0,0.0,0.0
18000.0, 60 months,14.48,C,3 years,RENT,78000.0,Fully Paid,debt_consolidation,15.08,0.0,660.0,664.0,2.0,1.0
6000.0, 36 months,9.76,B,1 year,MORTGAGE,50000.0,Fully Paid,other,18.87,0.0,755.0,759.0,0.0,0.0
7800.0, 36 months,12.59,C,3 years,MORTGAGE,45000.0,Fully Paid,debt_consolidation,7.55,0.0,665.0,669.0,1.0,0.0
15000.0, 36 months,9.76,B,5 years,MORTGAGE,60000.0,Fully Paid,credit_card,6.28,0.0,695.0,699.0,0.0,0.0
13000.0, 36 months,5.32,A,2 years,MORTGAGE,80000.0,Fully Paid,debt_consolidation,11.09,0.0,805.0,809.0,0.0,0.0
10000.0, 36 months,12.59,C,8 years,MORTGAGE,56500.0,Fully Paid,home_improvement,18.2,0.0,660.0,664.0,0.0,0.0
10000.0, 36 months,6.24,A,10+ years,MORTGAGE,180000.0,Fully Paid,major_purchase,5.92,0.0,760.0,764.0,1.0,0.0
8750.0, 36 months,9.17,B,2 years,RENT,38000.0,Fully Paid,debt_consolidation,6.41,0.0,670.0,674.0,0.0,0.0
4200.0, 36 months,12.59,C,2 years,OWN,40000.0,Fully Paid,debt_consolidation,5.14,0.0,740.0,744.0,0.0,0.0
14400.0, 36 months,14.48,C,10+ years,OWN,40000.0,Fully Paid,other,1.14,0.0,670.0,674.0,2.0,0.0
7000.0, 36 months,12.59,C,5 years,RENT,38000.0,Fully Paid,credit_card,25.81,0.0,710.0,714.0,1.0,1.0
14400.0, 36 months,13.18,C,10+ years,RENT,53000.0,Fully Paid,debt_consolidation,22.67,0.0,670.0,674.0,3.0,1.0
18000.0, 60 months,18.2,E,4 years,MORTGAGE,45000.0,Fully Paid,debt_consolidation,18.05,1.0,700.0,704.0,1.0,0.0
23850.0, 36 months,20.99,E,< 1 year,MORTGAGE,74563.0,Charged Off,other,26.83,0.0,680.0,684.0,0.0,0.0
4400.0, 36 months,7.49,A,4 years,MORTGAGE,49000.0,Fully Paid,credit_card,18.79,0.0,705.0,709.0,0.0,0.0
24000.0, 60 months,12.59,C,3 years,OWN,58000.0,Fully Paid,debt_consolidation,39.52,0.0,740.0,744.0,1.0,0.0
7000.0, 36 months,9.76,B,10+ years,OWN,56000.0,Fully Paid,debt_consolidation,12.86,0.0,660.0,664.0,1.0,2.0
5000.0, 36 months,9.76,B,,RENT,36000.0,Fully Paid,other,10.63,0.0,695.0,699.0,0.0,0.0
10100.0, 36 months,14.48,C,10+ years,OWN,23000.0,Fully Paid,debt_consolidation,25.26,2.0,680.0,684.0,1.0,0.0
5000.0, 36 months,6.24,A,10+ years,RENT,41000.0,Fully Paid,credit_card,8.42,0.0,750.0,754.0,0.0,0.0
14400.0, 36 months,18.49,E,1 year,RENT,40000.0,Charged Off,debt_consolidation,20.16,0.0,665.0,669.0,1.0,0.0
20000.0, 36 months,6.89,A,,MORTGAGE,80000.0,Fully Paid,debt_consolidation,27.72,0.0,745.0,749.0,0.0,0.0
9000.0, 36 months,9.99,B,1 year,RENT,65000.0,Fully Paid,debt_consolidation,6.76,0.0,670.0,674.0,0.0,0.0
9100.0, 36 months,16.99,D,< 1 year,MORTGAGE,160000.0,Charged Off,debt_consolidation,8.67,2.0,665.0,669.0,2.0,10.0
4000.0, 36 months,13.18,C,,MORTGAGE,45000.0,Fully Paid,debt_consolidation,24.4,0.0,685.0,689.0,0.0,0.0
6000.0, 36 months,11.99,C,5 years,RENT,53979.0,Charged Off,small_business,12.23,1.0,680.0,684.0,0.0,0.0
5000.0, 36 months,6.89,A,,RENT,81000.0,Fully Paid,debt_consolidation,15.03,0.0,685.0,689.0,0.0,0.0
8000.0, 36 months,7.89,A,7 years,MORTGAGE,35000.0,Fully Paid,debt_consolidation,14.06,0.0,765.0,769.0,0.0,0.0
12100.0, 60 months,11.99,C,10+ years,MORTGAGE,85000.0,Fully Paid,debt_consolidation,34.84,0.0,790.0,794.0,0.0,0.0
9500.0, 36 months,7.26,A,9 years,OWN,41000.0,Fully Paid,debt_consolidation,16.74,3.0,685.0,689.0,0.0,0.0
24000.0, 60 months,13.18,C,3 years,RENT,115000.0,Charged Off,debt_consolidation,29.61,2.0,660.0,664.0,4.0,1.0
25000.0, 36 months,11.22,B,1 year,MORTGAGE,67000.0,Fully Paid,debt_consolidation,19.69,0.0,720.0,724.0,0.0,0.0
12000.0, 36 months,14.48,C,2 years,OWN,33000.0,Charged Off,credit_card,16.97,0.0,690.0,694.0,2.0,0.0
15000.0, 36 months,9.17,B,4 years,RENT,65000.0,Fully Paid,credit_card,13.7,1.0,660.0,664.0,0.0,1.0
22400.0, 36 months,7.89,A,3 years,RENT,65000.0,Fully Paid,debt_consolidation,7.48,0.0,685.0,689.0,0.0,0.0
35000.0, 36 months,8.18,B,7 years,RENT,115000.0,Fully Paid,credit_card,26.62,0.0,680.0,684.0,0.0,0.0
17000.0, 36 months,6.89,A,2 years,RENT,145496.0,Charged Off,debt_consolidation,24.72,0.0,785.0,789.0,1.0,0.0
7000.0, 36 months,8.49,B,3 years,MORTGAGE,100000.0,Fully Paid,home_improvement,29.75,2.0,675.0,679.0,1.0,0.0
18000.0, 60 months,9.76,B,5 years,MORTGAGE,118057.0,Fully Paid,credit_card,10.52,0.0,680.0,684.0,2.0,1.0
8100.0, 36 months,8.38,B,< 1 year,RENT,42000.0,Fully Paid,debt_consolidation,26.06,0.0,685.0,689.0,1.0,0.0
7000.0, 36 months,9.17,B,9 years,MORTGAGE,45000.0,Fully Paid,debt_consolidation,9.26,2.0,685.0,689.0,0.0,1.0
3000.0, 36 months,6.24,A,1 year,RENT,60000.0,Fully Paid,major_purchase,12.1,0.0,745.0,749.0,0.0,0.0
12000.0, 36 months,8.38,B,1 year,RENT,47000.0,Fully Paid,car,16.32,1.0,705.0,709.0,1.0,1.0
18650.0, 36 months,10.64,B,3 years,MORTGAGE,110000.0,Fully Paid,debt_consolidation,28.39,0.0,675.0,679.0,1.0,0.0
5000.0, 36 months,12.59,C,10+ years,RENT,79000.0,Fully Paid,debt_consolidation,13.05,0.0,670.0,674.0,0.0,0.0
5000.0, 36 months,12.59,C,10+ years,MORTGAGE,75000.0,Fully Paid,other,22.3,0.0,730.0,734.0,0.0,0.0
8400.0, 36 months,13.67,C,2 years,RENT,67000.0,Fully Paid,medical,1.98,0.0,705.0,709.0,0.0,0.0
15000.0, 36 months,10.64,B,10+ years,MORTGAGE,77546.57,Fully Paid,debt_consolidation,25.21,3.0,660.0,664.0,0.0,0.0
12000.0, 60 months,11.99,C,1 year,MORTGAGE,70000.0,Fully Paid,debt_consolidation,8.88,1.0,700.0,704.0,0.0,0.0
21000.0, 60 months,16.99,D,10+ years,MORTGAGE,60000.0,Charged Off,debt_consolidation,34.52,0.0,685.0,689.0,2.0,0.0
9000.0, 36 months,20.99,E,6 years,OWN,30000.0,Charged Off,debt_consolidation,29.32,0.0,675.0,679.0,1.0,0.0
19000.0, 60 months,9.17,B,10+ years,RENT,92000.0,Fully Paid,credit_card,32.74,1.0,685.0,689.0,3.0,0.0
30000.0, 36 months,17.57,D,10+ years,MORTGAGE,116000.0,Charged Off,debt_consolidation,29.03,1.0,695.0,699.0,3.0,0.0
13600.0, 36 months,9.76,B,10+ years,MORTGAGE,70000.0,Fully Paid,credit_card,14.75,1.0,680.0,684.0,0.0,0.0
24825.0, 36 months,9.76,B,< 1 year,MORTGAGE,60000.0,Fully Paid,debt_consolidation,24.16,0.0,755.0,759.0,0.0,0.0
12000.0, 36 months,11.99,C,3 years,MORTGAGE,48000.0,Fully Paid,credit_card,23.2,0.0,660.0,664.0,0.0,1.0
8400.0, 36 months,7.89,A,< 1 year,RENT,132000.0,Charged Off,debt_consolidation,4.77,0.0,730.0,734.0,2.0,0.0
5000.0, 36 months,14.85,C,10+ years,MORTGAGE,72000.0,Fully Paid,home_improvement,9.72,2.0,660.0,664.0,3.0,0.0
12000.0, 36 months,8.38,B,10+ years,MORTGAGE,243000.0,Fully Paid,debt_consolidation,18.36,1.0,665.0,669.0,1.0,6.0
25000.0, 36 months,5.32,A,10+ years,MORTGAGE,84000.0,Fully Paid,debt_consolidation,13.37,0.0,800.0,804.0,0.0,0.0
8400.0, 36 months,12.88,C,9 years,MORTGAGE,95000.0,Fully Paid,home_improvement,26.33,0.0,705.0,709.0,0.0,0.0
8000.0, 36 months,9.17,B,10+ years,MORTGAGE,65000.0,Fully Paid,credit_card,36.64,0.0,690.0,694.0,0.0,0.0
18000.0, 60 months,18.99,E,7 years,RENT,57000.0,Charged Off,debt_consolidation,13.66,0.0,660.0,664.0,0.0,0.0
2525.0, 36 months,13.18,C,3 years,MORTGAGE,82000.0,Fully Paid,debt_consolidation,15.09,1.0,680.0,684.0,1.0,0.0
5000.0, 36 months,13.67,C,3 years,MORTGAGE,56500.0,Charged Off,debt_consolidation,29.35,0.0,680.0,684.0,0.0,1.0
23250.0, 60 months,17.27,D,1 year,RENT,58058.0,Charged Off,debt_consolidation,35.61,0.0,675.0,679.0,0.0,0.0
25000.0, 36 months,6.24,A,1 year,MORTGAGE,100000.0,Fully Paid,credit_card,9.42,0.0,720.0,724.0,0.0,0.0
3000.0, 36 months,16.55,D,,OWN,10874.0,Charged Off,debt_consolidation,30.68,0.0,665.0,669.0,0.0,0.0
20000.0, 36 months,9.76,B,2 years,RENT,125000.0,Fully Paid,credit_card,12.44,0.0,675.0,679.0,0.0,0.0
10000.0, 36 months,7.26,A,10+ years,RENT,32000.0,Fully Paid,debt_consolidation,24.61,0.0,710.0,714.0,1.0,1.0
9000.0, 36 months,11.22,B,,RENT,31000.0,Fully Paid,debt_consolidation,22.73,0.0,680.0,684.0,2.0,6.0
21125.0, 36 months,13.67,C,5 years,OWN,60000.0,Fully Paid,credit_card,21.0,0.0,685.0,689.0,0.0,0.0
12000.0, 36 months,9.17,B,6 years,MORTGAGE,40000.0,Charged Off,credit_card,25.62,0.0,670.0,674.0,0.0,0.0
1000.0, 36 months,13.18,C,10+ years,MORTGAGE,58600.0,Fully Paid,home_improvement,21.34,0.0,680.0,684.0,1.0,1.0
15600.0, 60 months,7.89,A,3 years,MORTGAGE,79000.0,Fully Paid,home_improvement,16.0,0.0,725.0,729.0,1.0,0.0
22000.0, 60 months,13.18,C,10+ years,MORTGAGE,90000.0,Charged Off,debt_consolidation,26.66,0.0,705.0,709.0,1.0,0.0
12800.0, 36 months,11.99,C,10+ years,MORTGAGE,128000.0,Fully Paid,debt_consolidation,25.83,0.0,680.0,684.0,1.0,0.0
12000.0, 36 months,10.64,B,10+ years,MORTGAGE,150000.0,Fully Paid,small_business,20.43,0.0,690.0,694.0,0.0,0.0
25000.0, 36 months,5.32,A,3 years,RENT,70000.0,Fully Paid,credit_card,17.85,0.0,745.0,749.0,0.0,0.0
10000.0, 36 months,11.22,B,6 years,RENT,60000.0,Fully Paid,debt_consolidation,13.9,1.0,660.0,664.0,1.0,1.0
11875.0, 60 months,15.41,D,10+ years,RENT,75000.0,Fully Paid,other,10.67,0.0,705.0,709.0,0.0,1.0
16000.0, 36 months,7.89,A,10+ years,MORTGAGE,143095.0,Fully Paid,debt_consolidation,27.29,0.0,730.0,734.0,0.0,0.0
7875.0, 36 months,14.48,C,8 years,RENT,75000.0,Fully Paid,debt_consolidation,12.97,0.0,685.0,689.0,1.0,0.0
14000.0, 36 months,8.18,B,10+ years,MORTGAGE,95000.0,Fully Paid,credit_card,18.71,0.0,690.0,694.0,0.0,0.0
15000.0, 60 months,9.99,B,5 years,MORTGAGE,100000.0,Fully Paid,debt_consolidation,5.53,1.0,735.0,739.0,0.0,0.0
26175.0, 60 months,22.99,F,9 years,MORTGAGE,165000.0,Charged Off,debt_consolidation,7.09,1.0,665.0,669.0,3.0,2.0
19000.0, 36 months,7.49,A,9 years,MORTGAGE,58000.0,Fully Paid,debt_consolidation,14.01,0.0,700.0,704.0,1.0,0.0
35000.0, 60 months,18.99,E,3 years,MORTGAGE,95000.0,Charged Off,debt_consolidation,17.59,1.0,720.0,724.0,1.0,0.0
24000.0, 60 months,9.17,B,9 years,MORTGAGE,213000.0,Fully Paid,debt_consolidation,29.22,0.0,695.0,699.0,0.0,0.0
12000.0, 60 months,13.18,C,10+ years,RENT,30000.0,Fully Paid,debt_consolidation,9.04,0.0,705.0,709.0,0.0,0.0
14750.0, 36 months,15.41,D,10+ years,MORTGAGE,66000.0,Charged Off,vacation,39.61,0.0,730.0,734.0,1.0,0.0
19800.0, 36 months,8.38,B,1 year,RENT,154000.0,Fully Paid,other,0.23,0.0,745.0,749.0,1.0,0.0
21425.0, 36 months,16.99,D,7 years,RENT,60000.0,Charged Off,credit_card,20.89,0.0,665.0,669.0,0.0,0.0
10000.0, 60 months,9.17,B,,OWN,28000.0,Fully Paid,debt_consolidation,25.68,0.0,735.0,739.0,0.0,0.0
1000.0, 36 months,16.99,D,2 years,OWN,40000.0,Fully Paid,major_purchase,35.49,0.0,665.0,669.0,0.0,0.0
5000.0, 36 months,11.99,C,,MORTGAGE,27000.0,Fully Paid,home_improvement,25.07,0.0,670.0,674.0,3.0,0.0
3000.0, 36 months,11.22,B,10+ years,MORTGAGE,60000.0,Fully Paid,home_improvement,14.66,0.0,715.0,719.0,0.0,0.0
14000.0, 36 months,7.89,A,3 years,MORTGAGE,75000.0,Fully Paid,credit_card,17.28,0.0,665.0,669.0,0.0,4.0
35000.0, 60 months,12.05,C,10+ years,RENT,125000.0,Charged Off,debt_consolidation,19.96,0.0,685.0,689.0,1.0,0.0
15000.0, 36 months,12.59,C,1 year,RENT,60000.0,Fully Paid,debt_consolidation,18.42,0.0,685.0,689.0,1.0,0.0
9600.0, 36 months,6.24,A,9 years,RENT,60000.0,Fully Paid,major_purchase,18.2,0.0,740.0,744.0,0.0,0.0
5000.0, 36 months,13.18,C,10+ years,MORTGAGE,72000.0,Fully Paid,home_improvement,28.17,0.0,660.0,664.0,2.0,1.0
26400.0, 60 months,10.78,B,10+ years,MORTGAGE,146000.0,Fully Paid,debt_consolidation,9.45,1.0,695.0,699.0,1.0,0.0
18400.0, 60 months,15.41,D,10+ years,OWN,50000.0,Charged Off,credit_card,25.16,1.0,680.0,684.0,0.0,0.0
14000.0, 60 months,13.18,C,10+ years,RENT,76000.0,Fully Paid,debt_consolidation,10.91,0.0,675.0,679.0,0.0,1.0
13600.0, 60 months,13.18,C,5 years,MORTGAGE,43697.0,Charged Off,debt_consolidation,13.07,0.0,670.0,674.0,0.0,2.0
3500.0, 36 months,10.64,B,,RENT,11140.0,Fully Paid,debt_consolidation,15.52,0.0,665.0,669.0,3.0,1.0
16800.0, 60 months,15.41,D,4 years,MORTGAGE,42000.0,Fully Paid,debt_consolidation,26.54,0.0,660.0,664.0,1.0,0.0
12000.0, 36 months,9.76,B,5 years,RENT,45000.0,Fully Paid,credit_card,17.87,0.0,660.0,664.0,1.0,0.0
20000.0, 36 months,10.78,B,< 1 year,OWN,55000.0,Fully Paid,debt_consolidation,36.94,0.0,740.0,744.0,1.0,1.0
25000.0, 36 months,6.89,A,3 years,RENT,140000.0,Fully Paid,debt_consolidation,9.94,0.0,680.0,684.0,0.0,0.0
9200.0, 36 months,12.05,C,6 years,MORTGAGE,55000.0,Charged Off,debt_consolidation,7.53,0.0,670.0,674.0,2.0,0.0
3500.0, 36 months,6.89,A,5 years,OWN,43000.0,Fully Paid,home_improvement,9.43,0.0,680.0,684.0,0.0,1.0
8000.0, 36 months,12.59,C,2 years,RENT,51000.0,Fully Paid,debt_consolidation,2.02,0.0,700.0,704.0,0.0,0.0
35000.0, 36 months,18.49,E,2 years,OWN,100000.0,Charged Off,major_purchase,9.64,0.0,690.0,694.0,5.0,1.0
18000.0, 36 months,7.26,A,2 years,MORTGAGE,46500.0,Fully Paid,debt_consolidation,12.39,0.0,765.0,769.0,1.0,0.0
16000.0, 60 months,8.38,B,10+ years,MORTGAGE,80000.0,Charged Off,credit_card,22.73,0.0,690.0,694.0,0.0,0.0
10000.0, 36 months,11.49,B,,MORTGAGE,50460.0,Fully Paid,debt_consolidation,9.73,0.0,680.0,684.0,0.0,0.0
5000.0, 36 months,9.76,B,2 years,OWN,160000.0,Fully Paid,debt_consolidation,15.05,0.0,675.0,679.0,0.0,2.0
10000.0, 36 months,11.99,C,< 1 year,MORTGAGE,40000.0,Fully Paid,debt_consolidation,9.09,1.0,660.0,664.0,0.0,0.0
33425.0, 36 months,10.64,B,3 years,MORTGAGE,107000.0,Fully Paid,debt_consolidation,24.15,0.0,715.0,719.0,0.0,0.0
5600.0, 36 months,8.38,B,10+ years,RENT,24000.0,Fully Paid,debt_consolidation,27.4,0.0,710.0,714.0,0.0,0.0
14400.0, 60 months,8.38,B,,MORTGAGE,90000.0,Fully Paid,credit_card,21.77,0.0,810.0,814.0,2.0,0.0
23000.0, 60 months,13.18,C,5 years,MORTGAGE,74000.0,Charged Off,credit_card,19.51,0.0,700.0,704.0,0.0,0.0
17000.0, 36 months,15.41,D,10+ years,OWN,76900.0,Fully Paid,debt_consolidation,21.74,0.0,665.0,669.0,0.0,0.0
1200.0, 36 months,9.8,B,4 years,RENT,35000.0,Fully Paid,major_purchase,19.41,0.0,700.0,704.0,1.0,0.0
6125.0, 36 months,10.64,B,5 years,MORTGAGE,80000.0,Charged Off,debt_consolidation,7.52,0.0,695.0,699.0,0.0,1.0
25000.0, 60 months,13.67,C,6 years,MORTGAGE,105000.0,Fully Paid,debt_consolidation,23.9,0.0,695.0,699.0,0.0,0.0
6000.0, 36 months,16.55,D,10+ years,MORTGAGE,32000.0,Charged Off,debt_consolidation,34.21,0.0,670.0,674.0,1.0,0.0
18000.0, 60 months,15.41,D,10+ years,MORTGAGE,53000.0,Fully Paid,credit_card,37.61,0.0,675.0,679.0,2.0,3.0
10000.0, 36 months,18.2,E,1 year,RENT,145000.0,Charged Off,debt_consolidation,8.29,0.0,690.0,694.0,2.0,0.0
28975.0, 36 months,15.41,D,4 years,MORTGAGE,95000.0,Fully Paid,debt_consolidation,24.09,1.0,675.0,679.0,0.0,0.0
10000.0, 36 months,14.48,C,9 years,RENT,75000.0,Charged Off,credit_card,31.97,5.0,670.0,674.0,1.0,1.0
11650.0, 60 months,21.99,F,10+ years,RENT,80000.0,Fully Paid,debt_consolidation,13.92,0.0,660.0,664.0,0.0,1.0
12600.0, 36 months,16.55,D,4 years,RENT,35000.0,Fully Paid,debt_consolidation,39.2,0.0,675.0,679.0,0.0,0.0
7000.0, 36 months,10.99,B,10+ years,RENT,57000.0,Fully Paid,credit_card,21.73,0.0,700.0,704.0,0.0,2.0
18000.0, 36 months,12.59,C,10+ years,MORTGAGE,60000.0,Charged Off,debt_consolidation,28.72,0.0,690.0,694.0,0.0,0.0
20000.0, 36 months,20.99,E,2 years,MORTGAGE,80000.0,Fully Paid,debt_consolidation,14.06,0.0,660.0,664.0,1.0,0.0
9000.0, 36 months,7.89,A,10+ years,RENT,104000.0,Fully Paid,credit_card,8.33,1.0,675.0,679.0,0.0,0.0
29025.0, 60 months,18.49,E,10+ years,MORTGAGE,66000.0,Charged Off,debt_consolidation,16.31,0.0,705.0,709.0,0.0,0.0
3000.0, 36 months,8.38,B,< 1 year,RENT,45000.0,Charged Off,credit_card,14.98,0.0,715.0,719.0,1.0,1.0
3000.0, 36 months,12.59,C,,RENT,22000.0,Fully Paid,debt_consolidation,6.22,0.0,780.0,784.0,0.0,0.0
20000.0, 60 months,16.99,D,4 years,RENT,67000.0,Fully Paid,debt_consolidation,23.21,2.0,685.0,689.0,0.0,0.0
2500.0, 36 months,12.59,C,10+ years,OWN,45000.0,Fully Paid,other,25.34,0.0,680.0,684.0,0.0,0.0
2100.0, 36 months,12.59,C,9 years,MORTGAGE,52000.0,Fully Paid,other,24.79,0.0,705.0,709.0,2.0,0.0
20000.0, 60 months,19.99,E,2 years,RENT,85000.0,Charged Off,debt_consolidation,24.16,0.0,670.0,674.0,4.0,1.0
18000.0, 36 months,6.49,A,10+ years,MORTGAGE,100000.0,Fully Paid,debt_consolidation,10.49,0.0,720.0,724.0,0.0,0.0
6000.0, 36 months,11.99,C,8 years,RENT,35000.0,Fully Paid,credit_card,2.64,2.0,670.0,674.0,1.0,0.0
10000.0, 36 months,16.55,D,9 years,RENT,36800.0,Fully Paid,debt_consolidation,14.81,0.0,665.0,669.0,1.0,0.0
8000.0, 36 months,14.33,C,2 years,OWN,65000.0,Fully Paid,debt_consolidation,4.39,2.0,675.0,679.0,2.0,0.0
4800.0, 36 months,10.64,B,3 years,RENT,68500.0,Fully Paid,car,25.98,0.0,700.0,704.0,0.0,0.0
21000.0, 60 months,21.48,E,10+ years,MORTGAGE,150000.0,Charged Off,debt_consolidation,18.02,0.0,690.0,694.0,1.0,0.0
13000.0, 36 months,7.89,A,1 year,RENT,60000.0,Fully Paid,debt_consolidation,8.7,0.0,775.0,779.0,0.0,0.0
13825.0, 36 months,13.67,C,5 years,MORTGAGE,38000.0,Fully Paid,debt_consolidation,21.76,0.0,685.0,689.0,1.0,0.0
9800.0, 36 months,11.99,C,4 years,OWN,41000.0,Charged Off,debt_consolidation,31.85,0.0,660.0,664.0,0.0,1.0
10000.0, 36 months,8.38,B,9 years,RENT,85000.0,Fully Paid,debt_consolidation,11.14,0.0,675.0,679.0,0.0,0.0
15000.0, 60 months,10.99,B,10+ years,RENT,53700.0,Fully Paid,credit_card,34.64,0.0,710.0,714.0,0.0,0.0
11600.0, 36 months,14.48,C,7 years,RENT,77000.0,Fully Paid,debt_consolidation,16.88,0.0,660.0,664.0,1.0,0.0
9000.0, 36 months,9.17,B,< 1 year,MORTGAGE,51150.0,Charged Off,debt_consolidation,5.96,0.0,710.0,714.0,1.0,0.0
1500.0, 36 months,11.99,C,7 years,RENT,31000.0,Fully Paid,other,22.92,1.0,665.0,669.0,0.0,0.0
20000.0, 36 months,5.32,A,10+ years,MORTGAGE,52000.0,Fully Paid,credit_card,20.59,0.0,800.0,804.0,0.0,0.0
14000.0, 60 months,17.86,D,1 year,RENT,52000.0,Charged Off,debt_consolidation,6.88,0.0,670.0,674.0,1.0,0.0
15800.0, 60 months,10.78,B,1 year,MORTGAGE,55000.0,Fully Paid,credit_card,8.43,0.0,760.0,764.0,2.0,0.0
30000.0, 60 months,27.88,G,< 1 year,MORTGAGE,120000.0,Charged Off,debt_consolidation,12.34,0.0,660.0,664.0,2.0,0.0
18000.0, 36 months,15.77,D,10+ years,RENT,65000.0,Charged Off,debt_consolidation,38.04,0.0,675.0,679.0,0.0,0.0
16000.0, 60 months,17.57,D,5 years,MORTGAGE,65000.0,Fully Paid,debt_consolidation,11.47,1.0,690.0,694.0,1.0,0.0
4725.0, 36 months,18.49,D,< 1 year,RENT,109000.0,Charged Off,credit_card,16.84,1.0,665.0,669.0,1.0,0.0
12000.0, 60 months,13.67,C,10+ years,OWN,90000.0,Fully Paid,credit_card,19.97,0.0,690.0,694.0,0.0,1.0
5000.0, 36 months,9.17,B,10+ years,MORTGAGE,55000.0,Fully Paid,debt_consolidation,12.39,0.0,815.0,819.0,0.0,0.0
30000.0, 36 months,18.49,E,6 years,MORTGAGE,175000.0,Fully Paid,debt_consolidation,7.12,0.0,685.0,689.0,2.0,0.0
10000.0, 36 months,10.64,B,< 1 year,OWN,29500.0,Fully Paid,debt_consolidation,12.0,0.0,695.0,699.0,0.0,0.0
20000.0, 36 months,8.18,B,10+ years,MORTGAGE,130000.0,Fully Paid,debt_consolidation,19.88,0.0,665.0,669.0,0.0,3.0
21000.0, 60 months,19.99,E,5 years,RENT,80000.0,Charged Off,debt_consolidation,17.16,0.0,680.0,684.0,0.0,1.0
10000.0, 36 months,8.38,B,2 years,RENT,74500.0,Fully Paid,debt_consolidation,10.97,0.0,745.0,749.0,0.0,0.0
23000.0, 36 months,5.32,A,8 years,OWN,86312.81,Fully Paid,credit_card,19.62,0.0,700.0,704.0,0.0,0.0
5000.0, 36 months,11.22,B,7 years,RENT,60000.0,Fully Paid,credit_card,26.87,1.0,700.0,704.0,0.0,0.0
35000.0, 36 months,8.49,B,10+ years,MORTGAGE,175000.0,Fully Paid,credit_card,16.33,0.0,725.0,729.0,2.0,0.0
6000.0, 36 months,6.89,A,5 years,MORTGAGE,130000.0,Fully Paid,credit_card,29.11,0.0,680.0,684.0,0.0,2.0
17200.0, 36 months,14.48,C,3 years,RENT,43000.0,Fully Paid,debt_consolidation,28.36,0.0,665.0,669.0,0.0,1.0
6125.0, 36 months,16.55,D,2 years,RENT,38000.0,Charged Off,major_purchase,4.89,0.0,690.0,694.0,1.0,0.0
17850.0, 36 months,12.59,C,10+ years,MORTGAGE,68500.0,Fully Paid,credit_card,21.37,3.0,680.0,684.0,0.0,0.0
12000.0, 36 months,11.22,B,5 years,RENT,200000.0,Charged Off,debt_consolidation,3.76,0.0,665.0,669.0,0.0,2.0
5000.0, 36 months,12.59,C,1 year,RENT,35000.0,Fully Paid,debt_consolidation,30.9,0.0,670.0,674.0,0.0,2.0
3000.0, 36 months,11.22,B,6 years,MORTGAGE,90000.0,Fully Paid,debt_consolidation,6.53,1.0,660.0,664.0,0.0,2.0
24000.0, 60 months,8.18,B,10+ years,MORTGAGE,90000.0,Fully Paid,debt_consolidation,21.47,0.0,715.0,719.0,0.0,0.0
10000.0, 60 months,16.99,D,2 years,RENT,60000.0,Fully Paid,credit_card,12.18,0.0,695.0,699.0,1.0,1.0
6500.0, 36 months,11.22,B,3 years,RENT,22000.0,Fully Paid,credit_card,14.57,0.0,705.0,709.0,1.0,0.0
10000.0, 36 months,6.99,A,10+ years,MORTGAGE,60000.0,Fully Paid,other,29.15,0.0,710.0,714.0,1.0,0.0
10000.0, 36 months,9.76,B,10+ years,RENT,73000.0,Fully Paid,debt_consolidation,21.7,0.0,670.0,674.0,0.0,1.0
19350.0, 60 months,11.99,C,10+ years,OWN,120000.0,Fully Paid,credit_card,5.6,0.0,665.0,669.0,0.0,1.0
20000.0, 36 months,8.18,B,10+ years,MORTGAGE,130000.0,Charged Off,credit_card,8.58,1.0,670.0,674.0,0.0,0.0
12000.0, 60 months,9.17,B,2 years,RENT,44000.0,Fully Paid,debt_consolidation,15.22,0.0,810.0,814.0,0.0,0.0
26400.0, 60 months,7.89,A,,MORTGAGE,89629.56,Fully Paid,credit_card,13.6,0.0,745.0,749.0,0.0,0.0
30000.0, 60 months,13.67,C,5 years,RENT,82000.0,Charged Off,credit_card,8.57,1.0,685.0,689.0,0.0,0.0
16000.0, 36 months,10.64,B,3 years,MORTGAGE,80000.0,Fully Paid,credit_card,11.18,0.0,670.0,674.0,0.0,0.0
35000.0, 36 months,11.99,C,10+ years,MORTGAGE,85000.0,Fully Paid,debt_consolidation,21.77,0.0,755.0,759.0,0.0,0.0
2000.0, 36 months,12.59,C,2 years,RENT,50000.0,Fully Paid,debt_consolidation,14.6,3.0,675.0,679.0,2.0,0.0
12000.0, 36 months,5.32,A,3 years,OWN,37000.0,Fully Paid,debt_consolidation,22.12,0.0,755.0,759.0,0.0,0.0
35000.0, 60 months,14.48,C,10+ years,MORTGAGE,130000.0,Charged Off,debt_consolidation,33.35,0.0,675.0,679.0,1.0,0.0
1500.0, 36 months,10.64,B,10+ years,MORTGAGE,68000.0,Fully Paid,other,31.49,0.0,680.0,684.0,0.0,0.0
5000.0, 36 months,9.17,B,3 years,MORTGAGE,75000.0,Charged Off,debt_consolidation,16.06,0.0,720.0,724.0,2.0,0.0
5600.0, 36 months,8.18,B,< 1 year,RENT,40000.0,Fully Paid,credit_card,13.92,0.0,675.0,679.0,1.0,1.0
4700.0, 36 months,16.55,D,,OWN,13000.0,Fully Paid,debt_consolidation,29.46,0.0,705.0,709.0,0.0,0.0
4000.0, 36 months,13.18,C,2 years,MORTGAGE,40000.0,Fully Paid,debt_consolidation,9.87,0.0,670.0,674.0,3.0,0.0
25000.0, 36 months,5.32,A,< 1 year,MORTGAGE,125000.0,Fully Paid,debt_consolidation,16.5,0.0,705.0,709.0,0.0,0.0
15000.0, 60 months,11.22,B,10+ years,MORTGAGE,83000.0,Fully Paid,home_improvement,17.2,0.0,675.0,679.0,0.0,0.0
11000.0, 36 months,17.27,D,1 year,RENT,54000.0,Fully Paid,debt_consolidation,27.47,0.0,670.0,674.0,5.0,0.0
20000.0, 60 months,19.99,E,8 years,MORTGAGE,50000.0,Charged Off,debt_consolidation,25.92,0.0,685.0,689.0,2.0,0.0
16275.0, 60 months,18.2,E,10+ years,MORTGAGE,57000.0,Charged Off,debt_consolidation,28.23,0.0,715.0,719.0,1.0,1.0
14400.0, 60 months,13.67,C,6 years,RENT,58500.0,Fully Paid,debt_consolidation,13.02,0.0,680.0,684.0,0.0,0.0
5000.0, 36 months,7.89,A,,OWN,21372.0,Fully Paid,home_improvement,8.65,0.0,690.0,694.0,0.0,0.0
30000.0, 36 months,11.22,B,< 1 year,RENT,130000.0,Fully Paid,other,19.49,0.0,750.0,754.0,1.0,0.0
30000.0, 36 months,11.22,B,2 years,RENT,76000.0,Fully Paid,debt_consolidation,17.57,0.0,685.0,689.0,0.0,0.0
6000.0, 36 months,11.22,B,,OWN,26000.0,Charged Off,medical,17.92,1.0,680.0,684.0,0.0,0.0
15000.0, 60 months,14.48,C,4 years,RENT,45000.0,Charged Off,debt_consolidation,16.96,1.0,690.0,694.0,1.0,0.0
2100.0, 36 months,12.05,C,1 year,MORTGAGE,45000.0,Fully Paid,debt_consolidation,10.67,0.0,670.0,674.0,1.0,0.0
20000.0, 36 months,6.24,A,10+ years,MORTGAGE,110000.0,Fully Paid,debt_consolidation,16.3,0.0,710.0,714.0,0.0,0.0
24375.0, 60 months,12.59,C,10+ years,RENT,53000.0,Fully Paid,debt_consolidation,28.57,0.0,795.0,799.0,0.0,0.0
24000.0, 36 months,7.89,A,8 years,MORTGAGE,200000.0,Fully Paid,debt_consolidation,11.71,0.0,710.0,714.0,4.0,1.0
10000.0, 36 months,9.99,B,6 years,MORTGAGE,120000.0,Fully Paid,debt_consolidation,27.4,1.0,715.0,719.0,0.0,0.0
35000.0, 36 months,12.59,C,8 years,MORTGAGE,120000.0,Fully Paid,debt_consolidation,7.81,0.0,690.0,694.0,0.0,0.0
6150.0, 36 months,6.89,A,5 years,MORTGAGE,98000.0,Fully Paid,debt_consolidation,15.54,0.0,720.0,724.0,0.0,0.0
3000.0, 36 months,10.64,B,3 years,OWN,60000.0,Charged Off,debt_consolidation,30.8,2.0,660.0,664.0,3.0,0.0
16000.0, 36 months,7.89,A,2 years,MORTGAGE,90000.0,Fully Paid,debt_consolidation,8.71,0.0,710.0,714.0,0.0,0.0
21600.0, 60 months,18.99,E,10+ years,RENT,71000.0,Fully Paid,debt_consolidation,17.87,0.0,675.0,679.0,0.0,0.0
4175.0, 36 months,24.24,F,,OWN,20000.0,Charged Off,debt_consolidation,15.19,0.0,665.0,669.0,0.0,0.0
21000.0, 36 months,11.99,C,10+ years,OWN,130000.0,Fully Paid,debt_consolidation,24.3,0.0,700.0,704.0,0.0,0.0
30000.0, 36 months,9.76,B,8 years,MORTGAGE,120000.0,Charged Off,debt_consolidation,19.35,1.0,675.0,679.0,0.0,0.0
27700.0, 36 months,15.41,D,< 1 year,MORTGAGE,125000.0,Charged Off,debt_consolidation,7.77,1.0,715.0,719.0,0.0,0.0
20000.0, 36 months,9.99,B,2 years,MORTGAGE,135000.0,Fully Paid,debt_consolidation,15.73,1.0,705.0,709.0,0.0,0.0
7200.0, 36 months,15.41,D,5 years,OWN,20000.0,Fully Paid,home_improvement,21.37,0.0,660.0,664.0,0.0,0.0
33150.0, 60 months,23.99,F,2 years,RENT,72114.0,Charged Off,credit_card,24.05,0.0,710.0,714.0,0.0,0.0
17500.0, 60 months,18.99,E,5 years,RENT,35000.0,Fully Paid,debt_consolidation,38.61,0.0,690.0,694.0,0.0,0.0
18000.0, 36 months,12.59,C,2 years,OWN,70000.0,Fully Paid,debt_consolidation,37.11,1.0,705.0,709.0,0.0,0.0
12000.0, 36 months,11.99,C,1 year,OWN,50000.0,Fully Paid,credit_card,31.23,1.0,665.0,669.0,3.0,0.0
14000.0, 36 months,12.59,C,10+ years,MORTGAGE,62000.0,Fully Paid,home_improvement,26.96,0.0,695.0,699.0,1.0,0.0
31500.0, 36 months,8.38,B,10+ years,OWN,107000.0,Fully Paid,credit_card,19.92,0.0,780.0,784.0,1.0,0.0
10000.0, 36 months,12.59,C,5 years,RENT,70000.0,Charged Off,credit_card,15.28,1.0,665.0,669.0,0.0,0.0
4225.0, 36 months,18.2,E,,RENT,24000.0,Charged Off,debt_consolidation,36.75,0.0,660.0,664.0,1.0,0.0
25000.0, 36 months,18.2,E,8 years,MORTGAGE,60000.0,Charged Off,debt_consolidation,39.0,0.0,685.0,689.0,1.0,0.0
10000.0, 36 months,13.44,C,3 years,RENT,80000.0,Fully Paid,credit_card,15.56,1.0,670.0,674.0,1.0,1.0
13500.0, 36 months,5.32,A,9 years,OWN,65000.0,Fully Paid,debt_consolidation,8.88,0.0,805.0,809.0,0.0,0.0
35000.0, 36 months,9.76,B,1 year,RENT,100000.0,Fully Paid,car,32.46,0.0,685.0,689.0,0.0,0.0
11475.0, 36 months,9.17,B,6 years,RENT,43000.0,Fully Paid,debt_consolidation,18.62,4.0,675.0,679.0,1.0,0.0
10600.0, 36 months,9.17,B,3 years,RENT,35000.0,Fully Paid,credit_card,19.51,0.0,720.0,724.0,0.0,0.0
7000.0, 36 months,11.99,C,9 years,MORTGAGE,47000.0,Charged Off,debt_consolidation,32.66,1.0,710.0,714.0,0.0,1.0
24300.0, 60 months,21.48,E,7 years,OWN,70000.0,Charged Off,debt_consolidation,34.47,2.0,660.0,664.0,2.0,0.0
20000.0, 36 months,5.32,A,10+ years,MORTGAGE,77865.0,Fully Paid,credit_card,7.0,0.0,690.0,694.0,1.0,1.0
6400.0, 36 months,11.22,B,10+ years,MORTGAGE,80000.0,Fully Paid,debt_consolidation,28.22,0.0,680.0,684.0,0.0,0.0
1200.0, 36 months,9.76,B,10+ years,MORTGAGE,70000.0,Fully Paid,home_improvement,19.05,0.0,715.0,719.0,0.0,0.0
24000.0, 36 months,5.32,A,10+ years,MORTGAGE,220000.0,Fully Paid,debt_consolidation,8.95,0.0,805.0,809.0,0.0,0.0
18000.0, 36 months,11.22,B,10+ years,RENT,66800.0,Fully Paid,debt_consolidation,24.38,0.0,665.0,669.0,1.0,1.0
2400.0, 36 months,12.59,C,10+ years,MORTGAGE,62000.0,Fully Paid,other,9.19,0.0,660.0,664.0,0.0,1.0
12000.0, 60 months,13.18,C,8 years,RENT,53000.0,Fully Paid,debt_consolidation,19.38,1.0,660.0,664.0,0.0,0.0
5000.0, 36 months,11.22,B,1 year,MORTGAGE,50000.0,Fully Paid,credit_card,29.21,0.0,670.0,674.0,1.0,1.0
30000.0, 36 months,11.99,C,10+ years,MORTGAGE,235000.0,Charged Off,home_improvement,17.85,0.0,725.0,729.0,3.0,0.0
14000.0, 36 months,6.99,A,5 years,OWN,65000.0,Fully Paid,debt_consolidation,15.22,1.0,735.0,739.0,0.0,0.0
12000.0, 60 months,9.76,B,8 years,MORTGAGE,41000.0,Fully Paid,medical,4.86,0.0,705.0,709.0,0.0,0.0
16500.0, 36 months,19.48,E,10+ years,MORTGAGE,57000.0,Fully Paid,debt_consolidation,34.36,2.0,690.0,694.0,1.0,0.0
10000.0, 60 months,13.18,C,6 years,MORTGAGE,45000.0,Fully Paid,debt_consolidation,10.77,0.0,705.0,709.0,0.0,0.0
25000.0, 36 months,13.67,C,2 years,RENT,155000.0,Fully Paid,debt_consolidation,12.93,0.0,675.0,679.0,0.0,0.0
27000.0, 36 months,13.67,C,10+ years,OWN,117000.0,Charged Off,debt_consolidation,21.7,0.0,675.0,679.0,0.0,0.0
30000.0, 36 months,11.22,B,10+ years,MORTGAGE,70000.0,Fully Paid,debt_consolidation,12.77,0.0,675.0,679.0,0.0,2.0
14825.0, 36 months,14.48,C,10+ years,MORTGAGE,40000.0,Charged Off,debt_consolidation,22.44,0.0,665.0,669.0,2.0,1.0
12000.0, 36 months,11.22,B,2 years,RENT,100000.0,Fully Paid,debt_consolidation,22.21,0.0,680.0,684.0,3.0,0.0
31225.0, 60 months,17.57,D,10+ years,RENT,83000.0,Charged Off,debt_consolidation,24.09,1.0,670.0,674.0,0.0,0.0
13825.0, 60 months,22.99,F,,OWN,52000.0,Charged Off,debt_consolidation,16.02,0.0,660.0,664.0,2.0,0.0
2950.0, 36 months,10.64,B,8 years,RENT,51987.0,Fully Paid,credit_card,5.38,0.0,660.0,664.0,1.0,1.0
14000.0, 36 months,7.89,A,2 years,MORTGAGE,60000.0,Fully Paid,debt_consolidation,24.16,0.0,680.0,684.0,2.0,0.0
35000.0, 36 months,13.18,C,5 years,MORTGAGE,147000.0,Fully Paid,debt_consolidation,20.17,0.0,685.0,689.0,0.0,0.0
4000.0, 36 months,13.18,C,2 years,MORTGAGE,35000.0,Fully Paid,debt_consolidation,5.97,0.0,700.0,704.0,0.0,0.0
20000.0, 60 months,9.17,B,10+ years,MORTGAGE,73000.0,Fully Paid,home_improvement,24.35,0.0,730.0,734.0,0.0,0.0
20000.0, 36 months,5.32,A,10+ years,RENT,65000.0,Fully Paid,major_purchase,2.13,0.0,805.0,809.0,0.0,0.0
7200.0, 36 months,10.64,B,2 years,RENT,31000.0,Fully Paid,debt_consolidation,32.38,0.0,700.0,704.0,0.0,0.0
5000.0, 36 months,9.17,B,10+ years,MORTGAGE,65000.0,Fully Paid,home_improvement,14.79,0.0,695.0,699.0,0.0,1.0
21000.0, 36 months,11.99,C,10+ years,MORTGAGE,110000.0,Charged Off,debt_consolidation,18.3,5.0,660.0,664.0,0.0,0.0
23250.0, 36 months,16.55,D,10+ years,OWN,85000.0,Charged Off,home_improvement,4.05,3.0,660.0,664.0,0.0,0.0
7000.0, 36 months,13.18,C,3 years,RENT,103000.0,Fully Paid,debt_consolidation,24.47,0.0,685.0,689.0,1.0,1.0
14400.0, 60 months,23.99,F,10+ years,RENT,36000.0,Fully Paid,debt_consolidation,36.5,0.0,685.0,689.0,2.0,0.0
18000.0, 36 months,6.49,A,5 years,RENT,55000.0,Fully Paid,debt_consolidation,19.46,0.0,720.0,724.0,0.0,0.0
16000.0, 36 months,9.76,B,2 years,RENT,85000.0,Fully Paid,credit_card,15.26,0.0,675.0,679.0,0.0,0.0
6000.0, 36 months,7.26,A,6 years,OWN,85000.0,Fully Paid,debt_consolidation,14.12,0.0,720.0,724.0,0.0,0.0
20000.0, 36 months,10.64,B,3 years,RENT,100000.0,Fully Paid,debt_consolidation,16.02,0.0,695.0,699.0,1.0,0.0
25000.0, 60 months,21.48,E,4 years,RENT,65000.0,Charged Off,debt_consolidation,16.84,1.0,700.0,704.0,0.0,1.0
14400.0, 60 months,23.99,F,10+ years,MORTGAGE,50000.0,Charged Off,debt_consolidation,24.75,0.0,675.0,679.0,1.0,0.0
5000.0, 36 months,11.99,C,,RENT,25500.0,Fully Paid,credit_card,20.99,0.0,675.0,679.0,0.0,1.0
13000.0, 36 months,8.38,B,10+ years,MORTGAGE,55000.0,Fully Paid,credit_card,21.14,1.0,695.0,699.0,0.0,0.0
9000.0, 36 months,5.32,A,10+ years,MORTGAGE,49000.0,Fully Paid,credit_card,21.63,0.0,755.0,759.0,0.0,0.0
10000.0, 36 months,11.22,B,1 year,MORTGAGE,107000.0,Fully Paid,debt_consolidation,6.97,1.0,675.0,679.0,0.0,0.0
1500.0, 36 months,17.86,D,,MORTGAGE,105000.0,Charged Off,other,18.53,0.0,685.0,689.0,1.0,0.0
15000.0, 36 months,9.76,B,< 1 year,RENT,80000.0,Fully Paid,debt_consolidation,13.43,1.0,690.0,694.0,1.0,0.0
24000.0, 60 months,9.76,B,< 1 year,MORTGAGE,60000.0,Fully Paid,debt_consolidation,28.21,0.0,740.0,744.0,0.0,0.0
24000.0, 60 months,18.49,E,10+ years,MORTGAGE,55000.0,Fully Paid,debt_consolidation,31.51,0.0,715.0,719.0,2.0,0.0
10325.0, 36 months,15.41,D,< 1 year,OWN,35000.0,Fully Paid,debt_consolidation,28.67,1.0,690.0,694.0,0.0,0.0
2500.0, 36 months,9.99,B,10+ years,MORTGAGE,70000.0,Charged Off,credit_card,11.43,0.0,720.0,724.0,2.0,0.0
15000.0, 36 months,5.32,A,,OWN,75000.0,Fully Paid,credit_card,18.26,0.0,730.0,734.0,0.0,1.0
6500.0, 36 months,9.17,B,,MORTGAGE,31000.0,Fully Paid,medical,29.93,0.0,665.0,669.0,0.0,1.0
7000.0, 36 months,13.18,C,7 years,RENT,50000.0,Fully Paid,major_purchase,6.79,1.0,690.0,694.0,2.0,3.0
24000.0, 60 months,13.18,C,5 years,OWN,290000.0,Fully Paid,debt_consolidation,9.04,0.0,675.0,679.0,1.0,0.0
14150.0, 60 months,21.99,F,8 years,MORTGAGE,44000.0,Fully Paid,debt_consolidation,37.04,0.0,705.0,709.0,1.0,0.0
3000.0, 36 months,9.76,B,8 years,MORTGAGE,455000.0,Fully Paid,debt_consolidation,1.32,0.0,660.0,664.0,2.0,2.0
4800.0, 36 months,16.99,D,< 1 year,RENT,40500.0,Fully Paid,moving,13.19,0.0,690.0,694.0,0.0,0.0
10000.0, 36 months,7.26,A,2 years,MORTGAGE,45000.0,Fully Paid,debt_consolidation,18.59,0.0,690.0,694.0,0.0,0.0
30000.0, 60 months,9.17,B,10+ years,MORTGAGE,132000.0,Fully Paid,credit_card,29.83,0.0,685.0,689.0,0.0,0.0
14000.0, 60 months,16.99,D,1 year,RENT,56000.0,Charged Off,moving,31.68,0.0,685.0,689.0,0.0,0.0
11175.0, 36 months,9.17,B,5 years,RENT,142654.66,Fully Paid,credit_card,9.3,4.0,660.0,664.0,0.0,0.0
5550.0, 36 months,15.41,D,10+ years,RENT,57000.0,Fully Paid,debt_consolidation,12.08,0.0,695.0,699.0,2.0,0.0
8950.0, 36 months,8.49,B,10+ years,MORTGAGE,48000.0,Fully Paid,credit_card,8.06,0.0,660.0,664.0,1.0,2.0
18000.0, 36 months,11.99,C,< 1 year,MORTGAGE,60000.0,Fully Paid,debt_consolidation,26.14,1.0,680.0,684.0,1.0,0.0
24000.0, 60 months,19.89,E,5 years,MORTGAGE,130000.0,Charged Off,debt_consolidation,16.22,3.0,660.0,664.0,1.0,3.0
20000.0, 60 months,14.48,C,3 years,MORTGAGE,90000.0,Charged Off,debt_consolidation,14.37,1.0,695.0,699.0,0.0,0.0
7500.0, 36 months,9.76,B,8 years,MORTGAGE,150000.0,Fully Paid,vacation,32.71,1.0,680.0,684.0,1.0,0.0
9400.0, 36 months,16.55,D,6 years,RENT,45000.0,Fully Paid,debt_consolidation,20.73,0.0,660.0,664.0,0.0,0.0
15000.0, 36 months,7.89,A,,OWN,47000.0,Fully Paid,credit_card,24.07,0.0,720.0,724.0,0.0,0.0
6500.0, 36 months,15.41,D,< 1 year,RENT,72000.0,Fully Paid,medical,8.32,0.0,715.0,719.0,1.0,0.0
25000.0, 60 months,16.55,D,4 years,MORTGAGE,50000.0,Charged Off,debt_consolidation,7.03,0.0,725.0,729.0,0.0,0.0
15000.0, 60 months,13.18,C,< 1 year,MORTGAGE,45000.0,Fully Paid,credit_card,26.06,0.0,700.0,704.0,1.0,0.0
28000.0, 36 months,12.59,C,10+ years,MORTGAGE,143000.0,Fully Paid,debt_consolidation,21.02,0.0,675.0,679.0,4.0,1.0
18000.0, 36 months,11.48,B,8 years,RENT,134000.0,Fully Paid,debt_consolidation,19.24,0.0,695.0,699.0,1.0,0.0
5000.0, 36 months,10.78,B,,OWN,14400.0,Charged Off,debt_consolidation,12.25,0.0,670.0,674.0,0.0,1.0
5000.0, 36 months,16.99,D,6 years,RENT,38000.0,Fully Paid,moving,15.21,11.0,680.0,684.0,1.0,0.0
6000.0, 36 months,16.99,D,3 years,OWN,62000.0,Fully Paid,home_improvement,19.22,0.0,675.0,679.0,2.0,0.0
16000.0, 36 months,13.18,C,1 year,RENT,50000.0,Fully Paid,debt_consolidation,26.98,0.0,675.0,679.0,1.0,1.0
15000.0, 60 months,26.06,F,10+ years,MORTGAGE,41000.0,Charged Off,debt_consolidation,13.57,1.0,665.0,669.0,0.0,0.0
19200.0, 36 months,5.32,A,10+ years,RENT,120000.0,Fully Paid,debt_consolidation,18.99,0.0,705.0,709.0,0.0,0.0
8975.0, 36 months,16.55,D,1 year,OWN,24960.0,Charged Off,debt_consolidation,36.3,0.0,685.0,689.0,0.0,0.0
35000.0, 60 months,17.86,D,2 years,RENT,119000.0,Charged Off,debt_consolidation,16.31,0.0,695.0,699.0,0.0,0.0
25000.0, 36 months,9.76,B,10+ years,MORTGAGE,112000.0,Charged Off,debt_consolidation,25.67,1.0,690.0,694.0,0.0,0.0
5100.0, 36 months,13.67,C,10+ years,OWN,33000.0,Fully Paid,other,38.31,0.0,665.0,669.0,1.0,1.0
16000.0, 36 months,9.76,B,6 years,MORTGAGE,50000.0,Fully Paid,debt_consolidation,5.89,0.0,670.0,674.0,0.0,0.0
2000.0, 36 months,17.57,D,< 1 year,RENT,21000.0,Fully Paid,moving,8.17,0.0,690.0,694.0,0.0,0.0
8000.0, 36 months,10.64,B,3 years,MORTGAGE,62000.0,Fully Paid,debt_consolidation,4.03,0.0,670.0,674.0,0.0,1.0
21000.0, 60 months,17.86,D,10+ years,MORTGAGE,42000.0,Charged Off,debt_consolidation,35.71,0.0,785.0,789.0,2.0,0.0
12000.0, 36 months,7.91,A,10+ years,RENT,172500.0,Fully Paid,debt_consolidation,4.97,0.0,690.0,694.0,0.0,1.0
2550.0, 36 months,18.2,E,,RENT,10680.0,Fully Paid,debt_consolidation,32.36,0.0,675.0,679.0,0.0,0.0
6000.0, 36 months,11.99,C,10+ years,RENT,100000.0,Fully Paid,vacation,13.82,1.0,660.0,664.0,0.0,0.0
9600.0, 36 months,14.48,C,10+ years,MORTGAGE,160000.0,Fully Paid,debt_consolidation,25.85,0.0,660.0,664.0,1.0,0.0
19200.0, 36 months,13.67,C,7 years,MORTGAGE,46100.0,Fully Paid,debt_consolidation,15.39,0.0,670.0,674.0,0.0,2.0
32100.0, 60 months,18.49,E,10+ years,OWN,73000.0,Charged Off,debt_consolidation,30.27,2.0,670.0,674.0,0.0,0.0
11200.0, 36 months,8.18,B,7 years,MORTGAGE,75000.0,Fully Paid,credit_card,7.28,1.0,685.0,689.0,0.0,0.0
20000.0, 36 months,11.22,B,6 years,RENT,67000.0,Charged Off,debt_consolidation,15.21,4.0,685.0,689.0,0.0,0.0
15000.0, 36 months,13.18,C,10+ years,MORTGAGE,130000.0,Fully Paid,house,8.34,4.0,680.0,684.0,1.0,1.0
35000.0, 36 months,13.44,C,8 years,MORTGAGE,180000.0,Fully Paid,debt_consolidation,23.33,0.0,675.0,679.0,1.0,0.0
1000.0, 36 months,23.99,F,,OWN,35000.0,Fully Paid,debt_consolidation,30.59,0.0,660.0,664.0,1.0,1.0
14400.0, 60 months,12.59,C,5 years,OWN,64000.0,Fully Paid,debt_consolidation,31.28,1.0,665.0,669.0,1.0,0.0
20000.0, 60 months,19.48,E,2 years,RENT,63000.0,Fully Paid,credit_card,27.31,0.0,660.0,664.0,2.0,0.0
5000.0, 36 months,5.32,A,10+ years,MORTGAGE,85000.0,Fully Paid,home_improvement,16.31,0.0,690.0,694.0,1.0,1.0
24000.0, 36 months,11.22,B,6 years,MORTGAGE,70000.0,Fully Paid,debt_consolidation,16.75,0.0,665.0,669.0,0.0,1.0
18000.0, 36 months,6.49,A,10+ years,MORTGAGE,76000.0,Fully Paid,debt_consolidation,14.4,1.0,755.0,759.0,0.0,0.0
18000.0, 60 months,16.99,D,2 years,RENT,50000.0,Fully Paid,debt_consolidation,10.38,0.0,670.0,674.0,0.0,0.0
25000.0, 36 months,5.32,A,1 year,MORTGAGE,150000.0,Fully Paid,credit_card,9.54,0.0,795.0,799.0,0.0,0.0
6025.0, 36 months,11.99,C,7 years,RENT,25000.0,Fully Paid,debt_consolidation,6.82,0.0,695.0,699.0,0.0,0.0
11025.0, 36 months,13.44,C,5 years,RENT,24000.0,Fully Paid,debt_consolidation,26.21,0.0,685.0,689.0,0.0,0.0
3000.0, 36 months,12.59,C,8 years,MORTGAGE,55000.0,Charged Off,vacation,4.93,1.0,660.0,664.0,0.0,0.0
20000.0, 36 months,7.89,A,10+ years,RENT,110000.0,Fully Paid,debt_consolidation,11.12,0.0,695.0,699.0,0.0,0.0
10000.0, 36 months,9.17,B,10+ years,OWN,300000.0,Fully Paid,home_improvement,11.94,0.0,700.0,704.0,1.0,0.0
12000.0, 60 months,13.67,C,4 years,RENT,32000.0,Charged Off,credit_card,13.95,0.0,675.0,679.0,2.0,0.0
12000.0, 36 months,10.64,B,4 years,MORTGAGE,45000.0,Fully Paid,debt_consolidation,21.68,0.0,660.0,664.0,0.0,0.0
10000.0, 36 months,7.89,A,< 1 year,MORTGAGE,57000.0,Fully Paid,debt_consolidation,17.66,0.0,715.0,719.0,0.0,0.0
25000.0, 36 months,5.32,A,4 years,OWN,85000.0,Fully Paid,credit_card,20.14,0.0,725.0,729.0,0.0,0.0
7200.0, 36 months,9.76,B,10+ years,RENT,42000.0,Charged Off,credit_card,10.43,0.0,660.0,664.0,1.0,1.0
21000.0, 60 months,18.49,E,10+ years,MORTGAGE,120000.0,Fully Paid,debt_consolidation,26.21,1.0,660.0,664.0,1.0,0.0
5000.0, 36 months,9.17,B,< 1 year,OWN,34000.0,Fully Paid,credit_card,10.17,0.0,660.0,664.0,0.0,1.0
5100.0, 36 months,12.59,C,,MORTGAGE,46500.0,Fully Paid,debt_consolidation,19.66,0.0,690.0,694.0,0.0,1.0
28000.0, 60 months,22.99,F,1 year,OWN,125000.0,Charged Off,debt_consolidation,14.24,0.0,680.0,684.0,2.0,0.0
24000.0, 36 months,11.99,C,9 years,MORTGAGE,70000.0,Fully Paid,credit_card,22.34,0.0,710.0,714.0,1.0,0.0
17275.0, 60 months,16.55,D,10+ years,RENT,60000.0,Charged Off,credit_card,27.88,0.0,730.0,734.0,0.0,0.0
15000.0, 60 months,14.33,C,10+ years,MORTGAGE,60000.0,Fully Paid,debt_consolidation,17.64,0.0,710.0,714.0,1.0,1.0
10000.0, 36 months,6.89,A,5 years,MORTGAGE,55000.0,Fully Paid,credit_card,21.97,0.0,690.0,694.0,0.0,0.0
28000.0, 36 months,11.99,C,10+ years,MORTGAGE,175000.0,Fully Paid,credit_card,25.93,1.0,670.0,674.0,2.0,2.0
21600.0, 60 months,13.67,C,< 1 year,RENT,50000.0,Fully Paid,debt_consolidation,25.13,0.0,735.0,739.0,1.0,0.0
2000.0, 36 months,12.59,C,10+ years,MORTGAGE,135000.0,Fully Paid,medical,14.8,1.0,715.0,719.0,0.0,0.0
6000.0, 36 months,9.8,B,3 years,RENT,41500.0,Fully Paid,credit_card,19.81,1.0,675.0,679.0,2.0,0.0
14000.0, 36 months,16.99,D,< 1 year,RENT,35000.0,Fully Paid,debt_consolidation,26.1,0.0,660.0,664.0,0.0,0.0
11000.0, 36 months,9.17,B,3 years,OWN,80500.0,Fully Paid,credit_card,28.9,0.0,665.0,669.0,0.0,0.0
15000.0, 36 months,6.24,A,6 years,MORTGAGE,85000.0,Fully Paid,debt_consolidation,17.11,0.0,715.0,719.0,0.0,0.0
20000.0, 36 months,12.05,C,8 years,MORTGAGE,180000.0,Fully Paid,moving,5.57,0.0,700.0,704.0,1.0,0.0
10000.0, 36 months,9.76,B,8 years,MORTGAGE,26000.0,Fully Paid,debt_consolidation,12.33,0.0,705.0,709.0,1.0,0.0
5000.0, 36 months,9.76,B,10+ years,RENT,28000.0,Fully Paid,debt_consolidation,37.12,0.0,745.0,749.0,0.0,0.0
15000.0, 36 months,10.99,B,3 years,RENT,45000.0,Fully Paid,credit_card,20.21,0.0,690.0,694.0,1.0,0.0
7200.0, 36 months,13.18,C,9 years,RENT,74000.0,Charged Off,debt_consolidation,8.25,13.0,690.0,694.0,2.0,0.0
35000.0, 60 months,12.59,C,2 years,MORTGAGE,180000.0,Fully Paid,debt_consolidation,9.28,0.0,720.0,724.0,1.0,1.0
24000.0, 36 months,9.17,B,3 years,RENT,107000.0,Fully Paid,credit_card,18.02,0.0,700.0,704.0,1.0,0.0
30000.0, 60 months,15.41,D,3 years,MORTGAGE,69500.0,Fully Paid,debt_consolidation,30.52,0.0,685.0,689.0,1.0,0.0
20000.0, 36 months,10.64,B,6 years,MORTGAGE,95000.0,Fully Paid,credit_card,16.11,0.0,710.0,714.0,1.0,0.0
21000.0, 36 months,5.32,A,< 1 year,RENT,95000.0,Fully Paid,credit_card,7.64,0.0,760.0,764.0,1.0,0.0
15000.0, 36 months,10.78,B,7 years,OWN,80000.0,Fully Paid,debt_consolidation,13.64,0.0,660.0,664.0,1.0,3.0
13000.0, 36 months,12.59,C,2 years,RENT,36000.0,Fully Paid,debt_consolidation,21.83,0.0,680.0,684.0,0.0,0.0
12000.0, 36 months,11.99,C,10+ years,OWN,120000.0,Charged Off,vacation,6.35,0.0,690.0,694.0,1.0,0.0
33600.0, 36 months,15.41,D,10+ years,MORTGAGE,70000.0,Fully Paid,debt_consolidation,29.26,1.0,705.0,709.0,0.0,0.0
10000.0, 36 months,7.26,A,,MORTGAGE,54000.0,Fully Paid,debt_consolidation,4.87,0.0,685.0,689.0,0.0,0.0
10000.0, 60 months,18.2,E,4 years,RENT,50000.0,Charged Off,debt_consolidation,25.35,0.0,665.0,669.0,0.0,0.0
5000.0, 36 months,6.89,A,5 years,MORTGAGE,30000.0,Fully Paid,debt_consolidation,17.56,0.0,705.0,709.0,0.0,0.0
9050.0, 36 months,9.17,B,10+ years,MORTGAGE,75000.0,Fully Paid,debt_consolidation,27.47,0.0,705.0,709.0,0.0,0.0
9500.0, 36 months,12.59,C,7 years,RENT,60000.0,Fully Paid,credit_card,16.2,1.0,670.0,674.0,0.0,0.0
14950.0, 36 months,15.41,D,8 years,MORTGAGE,50000.0,Fully Paid,credit_card,27.72,2.0,665.0,669.0,3.0,0.0
7500.0, 36 months,12.59,C,2 years,RENT,75000.0,Fully Paid,credit_card,15.44,0.0,665.0,669.0,0.0,0.0
35000.0, 36 months,7.89,A,10+ years,MORTGAGE,300000.0,Fully Paid,debt_consolidation,24.16,0.0,685.0,689.0,2.0,0.0
9600.0, 36 months,11.99,C,1 year,RENT,65000.0,Fully Paid,credit_card,15.62,0.0,680.0,684.0,0.0,0.0
6400.0, 36 months,9.17,B,3 years,RENT,30000.0,Fully Paid,debt_consolidation,21.68,0.0,700.0,704.0,1.0,0.0
9000.0, 36 months,7.26,A,< 1 year,OWN,45000.0,Fully Paid,debt_consolidation,24.69,0.0,705.0,709.0,0.0,0.0
10000.0, 36 months,9.99,B,4 years,RENT,75000.0,Fully Paid,debt_consolidation,19.01,0.0,700.0,704.0,2.0,0.0
11000.0, 60 months,13.67,C,,MORTGAGE,46000.0,Charged Off,credit_card,15.99,0.0,700.0,704.0,0.0,0.0
12000.0, 60 months,19.99,E,10+ years,MORTGAGE,60000.0,Fully Paid,debt_consolidation,26.68,0.0,695.0,699.0,2.0,0.0
10000.0, 36 months,13.67,C,10+ years,MORTGAGE,60000.0,Fully Paid,debt_consolidation,26.64,1.0,715.0,719.0,1.0,1.0
20900.0, 36 months,12.59,C,,RENT,49800.0,Fully Paid,debt_consolidation,33.63,0.0,660.0,664.0,0.0,0.0
10500.0, 36 months,9.76,B,< 1 year,MORTGAGE,67000.0,Charged Off,credit_card,25.13,0.0,720.0,724.0,0.0,0.0
10000.0, 36 months,9.17,B,10+ years,RENT,89300.0,Fully Paid,debt_consolidation,9.54,0.0,715.0,719.0,0.0,1.0
17000.0, 36 months,17.97,D,5 years,MORTGAGE,34000.0,Fully Paid,home_improvement,5.7,0.0,695.0,699.0,2.0,0.0
31675.0, 36 months,17.86,D,10+ years,OWN,72000.0,Fully Paid,debt_consolidation,8.6,2.0,670.0,674.0,0.0,0.0
35000.0, 36 months,13.44,C,10+ years,OWN,177000.0,Charged Off,debt_consolidation,21.43,3.0,665.0,669.0,1.0,0.0
5000.0, 36 months,7.89,A,2 years,RENT,54000.0,Fully Paid,debt_consolidation,8.62,0.0,690.0,694.0,0.0,0.0
8850.0, 36 months,14.48,C,< 1 year,RENT,35000.0,Charged Off,debt_consolidation,10.82,2.0,675.0,679.0,0.0,0.0
14000.0, 60 months,13.44,C,8 years,MORTGAGE,52000.0,Charged Off,debt_consolidation,15.6,0.0,725.0,729.0,0.0,1.0
14475.0, 60 months,16.99,D,10+ years,MORTGAGE,50000.0,Fully Paid,credit_card,16.37,0.0,675.0,679.0,1.0,0.0
10000.0, 36 months,9.76,B,10+ years,OWN,85000.0,Fully Paid,debt_consolidation,20.42,0.0,680.0,684.0,0.0,1.0
20000.0, 60 months,13.67,C,1 year,RENT,55000.0,Fully Paid,debt_consolidation,31.79,1.0,670.0,674.0,1.0,0.0
28000.0, 60 months,16.55,D,4 years,MORTGAGE,100000.0,Fully Paid,debt_consolidation,17.29,0.0,725.0,729.0,0.0,0.0
15000.0, 36 months,11.22,B,3 years,RENT,47000.0,Fully Paid,credit_card,15.65,0.0,690.0,694.0,0.0,0.0
12000.0, 36 months,15.41,D,,OWN,20239.0,Fully Paid,debt_consolidation,46.92,0.0,670.0,674.0,0.0,1.0
20000.0, 36 months,12.88,C,6 years,MORTGAGE,56000.0,Fully Paid,debt_consolidation,22.4,0.0,690.0,694.0,0.0,0.0
24000.0, 36 months,7.89,A,5 years,OWN,95692.0,Fully Paid,credit_card,24.88,0.0,715.0,719.0,0.0,0.0
8500.0, 36 months,11.49,B,10+ years,MORTGAGE,42000.0,Fully Paid,credit_card,32.6,0.0,660.0,664.0,2.0,1.0
12000.0, 36 months,14.48,C,5 years,RENT,60000.0,Fully Paid,credit_card,21.66,0.0,660.0,664.0,0.0,0.0
11925.0, 36 months,18.49,E,,RENT,61248.0,Charged Off,debt_consolidation,21.51,0.0,700.0,704.0,1.0,0.0
9000.0, 36 months,11.48,B,10+ years,OWN,128000.0,Charged Off,other,17.72,1.0,670.0,674.0,1.0,0.0
28000.0, 36 months,6.24,A,2 years,MORTGAGE,175000.0,Fully Paid,home_improvement,16.24,0.0,745.0,749.0,0.0,0.0
10000.0, 36 months,9.17,B,7 years,RENT,42000.0,Fully Paid,car,21.49,0.0,690.0,694.0,0.0,0.0
12000.0, 36 months,10.64,B,,MORTGAGE,78000.0,Charged Off,debt_consolidation,9.83,0.0,700.0,704.0,1.0,0.0
16000.0, 36 months,7.26,A,1 year,RENT,47840.0,Fully Paid,credit_card,24.66,0.0,695.0,699.0,0.0,0.0
5200.0, 36 months,6.0,C,1 year,RENT,24000.0,Fully Paid,car,20.9,0.0,710.0,714.0,0.0,0.0
10500.0, 36 months,7.26,A,10+ years,MORTGAGE,83500.0,Fully Paid,debt_consolidation,17.15,0.0,690.0,694.0,0.0,0.0
4000.0, 36 months,9.99,B,3 years,RENT,26000.0,Charged Off,debt_consolidation,19.94,0.0,665.0,669.0,0.0,1.0
5000.0, 36 months,9.17,B,1 year,MORTGAGE,50000.0,Fully Paid,debt_consolidation,23.21,0.0,735.0,739.0,1.0,0.0
24000.0, 60 months,17.57,D,1 year,RENT,190000.0,Fully Paid,credit_card,19.82,0.0,725.0,729.0,0.0,0.0
7000.0, 36 months,16.99,D,10+ years,RENT,75150.0,Charged Off,major_purchase,1.01,0.0,670.0,674.0,1.0,0.0
35000.0, 60 months,20.99,E,4 years,RENT,75000.0,Fully Paid,home_improvement,11.79,0.0,685.0,689.0,1.0,0.0
5000.0, 36 months,11.48,B,1 year,RENT,40000.0,Fully Paid,debt_consolidation,32.55,1.0,695.0,699.0,1.0,0.0
4000.0, 36 months,7.89,A,3 years,OWN,15000.0,Charged Off,home_improvement,24.6,0.0,720.0,724.0,0.0,0.0
17400.0, 60 months,17.86,D,10+ years,MORTGAGE,59000.0,Charged Off,debt_consolidation,37.03,0.0,715.0,719.0,2.0,0.0
6000.0, 36 months,9.76,B,6 years,MORTGAGE,85000.0,Fully Paid,debt_consolidation,18.83,2.0,720.0,724.0,0.0,0.0
15000.0, 36 months,6.24,A,,OWN,40000.0,Fully Paid,credit_card,19.29,1.0,740.0,744.0,0.0,0.0
12000.0, 36 months,9.17,B,< 1 year,OWN,105000.0,Fully Paid,debt_consolidation,10.37,0.0,660.0,664.0,0.0,2.0
9000.0, 36 months,6.49,A,7 years,MORTGAGE,60000.0,Fully Paid,debt_consolidation,17.52,0.0,695.0,699.0,0.0,1.0
8400.0, 36 months,7.89,A,1 year,MORTGAGE,72000.0,Fully Paid,debt_consolidation,21.71,1.0,685.0,689.0,0.0,0.0
4800.0, 36 months,9.76,B,2 years,OWN,35000.0,Fully Paid,debt_consolidation,10.23,5.0,660.0,664.0,2.0,0.0
24725.0, 36 months,10.64,B,6 years,MORTGAGE,530000.0,Fully Paid,debt_consolidation,11.83,0.0,690.0,694.0,1.0,1.0
16000.0, 36 months,10.78,B,5 years,RENT,53000.0,Fully Paid,debt_consolidation,8.83,0.0,680.0,684.0,0.0,0.0
8000.0, 36 months,5.32,A,3 years,RENT,42000.0,Fully Paid,debt_consolidation,10.22,0.0,720.0,724.0,0.0,0.0
35000.0, 36 months,17.86,D,2 years,RENT,100000.0,Fully Paid,debt_consolidation,28.19,0.0,700.0,704.0,1.0,0.0
32000.0, 60 months,12.59,C,< 1 year,MORTGAGE,125000.0,Charged Off,debt_consolidation,30.65,0.0,695.0,699.0,0.0,0.0
1200.0, 36 months,15.41,D,10+ years,MORTGAGE,48000.0,Fully Paid,medical,19.1,0.0,660.0,664.0,0.0,1.0
20000.0, 60 months,9.17,B,10+ years,MORTGAGE,80000.0,Fully Paid,credit_card,15.45,0.0,715.0,719.0,0.0,0.0
30000.0, 60 months,11.99,C,8 years,MORTGAGE,150000.0,Fully Paid,debt_consolidation,13.51,0.0,715.0,719.0,0.0,0.0
30000.0, 60 months,12.59,C,10+ years,RENT,150000.0,Charged Off,debt_consolidation,22.2,0.0,700.0,704.0,0.0,0.0
6000.0, 36 months,6.24,A,3 years,OWN,40000.0,Fully Paid,credit_card,20.34,0.0,705.0,709.0,0.0,0.0
10000.0, 60 months,16.55,D,,OWN,25000.0,Charged Off,debt_consolidation,35.29,0.0,680.0,684.0,0.0,1.0
13800.0, 36 months,12.59,C,10+ years,RENT,30000.0,Fully Paid,credit_card,28.76,0.0,725.0,729.0,0.0,1.0
14925.0, 60 months,18.49,E,< 1 year,RENT,42000.0,Charged Off,debt_consolidation,37.37,0.0,670.0,674.0,0.0,6.0
20000.0, 36 months,9.99,B,< 1 year,MORTGAGE,74400.0,Fully Paid,other,15.21,0.0,660.0,664.0,1.0,1.0
12000.0, 60 months,12.59,C,4 years,MORTGAGE,100000.0,Fully Paid,debt_consolidation,19.33,0.0,675.0,679.0,1.0,1.0
15000.0, 60 months,20.99,E,< 1 year,RENT,60000.0,Fully Paid,debt_consolidation,9.58,0.0,660.0,664.0,1.0,0.0
21000.0, 36 months,10.99,B,< 1 year,RENT,50000.0,Fully Paid,debt_consolidation,18.82,1.0,710.0,714.0,1.0,0.0
24000.0, 36 months,6.24,A,10+ years,MORTGAGE,180000.0,Fully Paid,credit_card,9.81,0.0,690.0,694.0,0.0,0.0
13750.0, 36 months,16.59,D,10+ years,MORTGAGE,27500.0,Fully Paid,debt_consolidation,36.36,0.0,680.0,684.0,1.0,0.0
15000.0, 60 months,12.59,C,1 year,RENT,65000.0,Fully Paid,debt_consolidation,12.48,0.0,690.0,694.0,0.0,0.0
20000.0, 60 months,19.99,E,7 years,RENT,65000.0,Charged Off,debt_consolidation,24.76,0.0,685.0,689.0,0.0,0.0
28350.0, 36 months,9.17,B,4 years,OWN,85000.0,Fully Paid,debt_consolidation,32.9,0.0,775.0,779.0,0.0,0.0
35000.0, 36 months,11.22,B,< 1 year,OWN,170000.0,Fully Paid,debt_consolidation,23.0,0.0,670.0,674.0,3.0,0.0
24000.0, 60 months,9.17,B,3 years,MORTGAGE,48347.0,Fully Paid,debt_consolidation,27.48,0.0,685.0,689.0,0.0,0.0
25000.0, 36 months,5.32,A,2 years,RENT,152000.0,Fully Paid,credit_card,9.82,0.0,745.0,749.0,0.0,0.0
25000.0, 36 months,18.99,E,8 years,RENT,50000.0,Charged Off,debt_consolidation,18.03,1.0,660.0,664.0,0.0,1.0
12000.0, 36 months,10.64,B,10+ years,OWN,115000.0,Fully Paid,debt_consolidation,19.89,0.0,690.0,694.0,1.0,1.0
35000.0, 36 months,7.26,A,10+ years,MORTGAGE,90000.0,Fully Paid,credit_card,9.83,0.0,780.0,784.0,0.0,0.0
5000.0, 36 months,13.67,C,3 years,OWN,33000.0,Fully Paid,debt_consolidation,23.24,0.0,670.0,674.0,0.0,0.0
9500.0, 36 months,7.89,A,1 year,RENT,65000.0,Fully Paid,debt_consolidation,13.42,0.0,725.0,729.0,0.0,0.0
2400.0, 36 months,11.22,B,,RENT,44811.61,Fully Paid,vacation,22.23,0.0,690.0,694.0,1.0,0.0
8000.0, 36 months,13.18,C,1 year,RENT,44000.0,Fully Paid,debt_consolidation,31.45,0.0,660.0,664.0,0.0,1.0
1900.0, 36 months,12.05,C,10+ years,MORTGAGE,39000.0,Fully Paid,other,28.86,0.0,685.0,689.0,0.0,0.0
5500.0, 36 months,9.17,B,1 year,RENT,25000.0,Fully Paid,credit_card,20.12,0.0,675.0,679.0,0.0,0.0
8750.0, 36 months,10.64,B,< 1 year,MORTGAGE,25000.0,Fully Paid,debt_consolidation,9.79,0.0,665.0,669.0,1.0,1.0
21000.0, 36 months,8.38,B,6 years,MORTGAGE,98000.0,Fully Paid,debt_consolidation,25.13,1.0,705.0,709.0,0.0,0.0
10000.0, 36 months,13.67,C,2 years,OWN,33800.0,Fully Paid,other,27.06,0.0,675.0,679.0,0.0,0.0
20000.0, 36 months,7.26,A,7 years,RENT,100000.0,Fully Paid,debt_consolidation,11.6,1.0,690.0,694.0,0.0,0.0
6000.0, 36 months,7.26,A,10+ years,RENT,30000.0,Fully Paid,debt_consolidation,23.12,0.0,720.0,724.0,0.0,0.0
5700.0, 36 months,9.17,B,3 years,MORTGAGE,54000.0,Fully Paid,home_improvement,30.3,0.0,730.0,734.0,0.0,0.0
10000.0, 36 months,11.48,B,10+ years,MORTGAGE,70000.0,Fully Paid,credit_card,28.27,0.0,665.0,669.0,0.0,0.0
5000.0, 36 months,13.18,C,,RENT,14000.0,Fully Paid,vacation,8.23,1.0,690.0,694.0,1.0,0.0
20000.0, 36 months,9.17,B,10+ years,MORTGAGE,100000.0,Fully Paid,debt_consolidation,26.37,0.0,670.0,674.0,0.0,0.0
29975.0, 36 months,6.89,A,5 years,RENT,130000.0,Fully Paid,debt_consolidation,5.84,0.0,695.0,699.0,0.0,0.0
18000.0, 36 months,9.17,B,8 years,RENT,120000.0,Fully Paid,credit_card,20.13,0.0,660.0,664.0,0.0,0.0
12600.0, 36 months,16.55,D,5 years,MORTGAGE,30000.0,Charged Off,debt_consolidation,27.96,0.0,665.0,669.0,1.0,0.0
25600.0, 36 months,9.76,B,5 years,MORTGAGE,79000.0,Fully Paid,debt_consolidation,19.39,1.0,680.0,684.0,0.0,0.0
30000.0, 36 months,10.64,B,< 1 year,RENT,70000.0,Fully Paid,debt_consolidation,15.11,0.0,705.0,709.0,0.0,0.0
15900.0, 36 months,6.49,A,3 years,RENT,46217.0,Fully Paid,debt_consolidation,16.49,0.0,770.0,774.0,1.0,0.0
28425.0, 60 months,14.48,C,10+ years,MORTGAGE,70000.0,Fully Paid,debt_consolidation,18.33,0.0,685.0,689.0,0.0,0.0
22400.0, 36 months,7.89,A,2 years,MORTGAGE,79000.0,Fully Paid,small_business,11.07,0.0,760.0,764.0,0.0,0.0
15000.0, 36 months,9.76,B,2 years,RENT,50000.0,Fully Paid,credit_card,33.98,0.0,665.0,669.0,0.0,0.0
16825.0, 36 months,15.41,D,< 1 year,RENT,37440.0,Fully Paid,credit_card,31.92,1.0,670.0,674.0,0.0,0.0
20000.0, 36 months,9.17,B,5 years,MORTGAGE,79000.0,Fully Paid,debt_consolidation,10.85,0.0,660.0,664.0,0.0,0.0
12775.0, 60 months,22.99,F,10+ years,MORTGAGE,62400.0,Fully Paid,debt_consolidation,27.46,0.0,705.0,709.0,0.0,0.0
28000.0, 60 months,9.17,B,10+ years,RENT,85000.0,Fully Paid,credit_card,23.15,0.0,695.0,699.0,0.0,0.0
12000.0, 36 months,7.26,A,,OWN,100000.0,Fully Paid,debt_consolidation,11.04,0.0,680.0,684.0,0.0,0.0
22000.0, 36 months,6.89,A,6 years,MORTGAGE,100000.0,Fully Paid,debt_consolidation,8.77,0.0,705.0,709.0,0.0,0.0
13200.0, 36 months,9.76,B,10+ years,MORTGAGE,50891.0,Fully Paid,debt_consolidation,13.07,0.0,660.0,664.0,1.0,0.0
11000.0, 36 months,14.48,C,8 years,MORTGAGE,45000.0,Charged Off,debt_consolidation,31.7,0.0,675.0,679.0,0.0,0.0
24700.0, 60 months,18.99,E,7 years,RENT,65000.0,Fully Paid,debt_consolidation,15.53,0.0,705.0,709.0,0.0,0.0
35000.0, 36 months,8.38,B,10+ years,MORTGAGE,750000.0,Fully Paid,debt_consolidation,20.61,0.0,705.0,709.0,0.0,0.0
8625.0, 36 months,18.2,E,2 years,RENT,24000.0,Fully Paid,debt_consolidation,38.45,0.0,675.0,679.0,0.0,0.0
5000.0, 36 months,16.55,D,3 years,RENT,85000.0,Fully Paid,debt_consolidation,19.3,0.0,660.0,664.0,0.0,0.0
25000.0, 60 months,18.99,E,10+ years,MORTGAGE,80000.0,Fully Paid,debt_consolidation,13.62,0.0,740.0,744.0,1.0,0.0
35000.0, 36 months,7.26,A,5 years,OWN,200000.0,Fully Paid,credit_card,12.24,0.0,725.0,729.0,0.0,0.0
30000.0, 36 months,16.55,D,2 years,MORTGAGE,100000.0,Fully Paid,debt_consolidation,27.75,1.0,670.0,674.0,2.0,0.0
18000.0, 60 months,14.85,C,10+ years,RENT,66000.0,Charged Off,medical,30.02,0.0,670.0,674.0,0.0,0.0
14400.0, 36 months,6.24,A,,MORTGAGE,60000.0,Fully Paid,credit_card,17.73,0.0,795.0,799.0,0.0,0.0
15000.0, 36 months,11.22,B,< 1 year,RENT,38000.0,Fully Paid,credit_card,18.83,0.0,665.0,669.0,1.0,1.0
14725.0, 36 months,16.55,D,10+ years,MORTGAGE,30000.0,Charged Off,credit_card,23.2,2.0,665.0,669.0,0.0,0.0
10000.0, 36 months,17.86,D,< 1 year,RENT,20000.0,Charged Off,credit_card,16.92,0.0,685.0,689.0,2.0,0.0
25000.0, 60 months,13.67,C,10+ years,RENT,125000.0,Fully Paid,debt_consolidation,7.88,2.0,680.0,684.0,0.0,0.0
10225.0, 36 months,7.89,A,4 years,OWN,69000.0,Fully Paid,debt_consolidation,22.07,0.0,715.0,719.0,0.0,0.0
6000.0, 36 months,7.89,A,4 years,RENT,90000.0,Fully Paid,debt_consolidation,16.05,0.0,760.0,764.0,1.0,0.0
4750.0, 36 months,13.18,C,,RENT,24000.0,Fully Paid,credit_card,31.45,1.0,680.0,684.0,0.0,1.0
10800.0, 36 months,11.22,B,< 1 year,RENT,28000.0,Fully Paid,debt_consolidation,23.62,0.0,660.0,664.0,0.0,0.0
20000.0, 60 months,19.99,E,4 years,MORTGAGE,85000.0,Fully Paid,debt_consolidation,12.34,0.0,675.0,679.0,0.0,0.0
15000.0, 36 months,7.89,A,3 years,RENT,100000.0,Fully Paid,debt_consolidation,12.83,0.0,680.0,684.0,0.0,0.0
8400.0, 36 months,8.38,B,6 years,MORTGAGE,45000.0,Fully Paid,debt_consolidation,17.23,0.0,665.0,669.0,0.0,1.0
10000.0, 36 months,10.64,B,10+ years,MORTGAGE,85000.0,Fully Paid,debt_consolidation,21.66,3.0,675.0,679.0,1.0,1.0
5000.0, 36 months,11.99,C,2 years,RENT,55000.0,Fully Paid,medical,14.82,0.0,690.0,694.0,2.0,0.0
14400.0, 60 months,9.76,B,10+ years,RENT,50000.0,Fully Paid,debt_consolidation,26.32,0.0,720.0,724.0,1.0,0.0
5000.0, 36 months,14.48,C,< 1 year,RENT,53000.0,Charged Off,other,8.7,0.0,680.0,684.0,0.0,0.0
12000.0, 36 months,7.89,A,6 years,MORTGAGE,65000.0,Fully Paid,credit_card,15.42,0.0,690.0,694.0,2.0,1.0
20000.0, 36 months,5.32,A,7 years,RENT,90105.0,Fully Paid,debt_consolidation,18.37,0.0,795.0,799.0,0.0,0.0
20000.0, 60 months,12.59,C,10+ years,MORTGAGE,120000.0,Charged Off,home_improvement,13.15,0.0,685.0,689.0,1.0,0.0
10000.0, 36 months,9.76,B,< 1 year,MORTGAGE,50000.0,Charged Off,debt_consolidation,16.78,6.0,660.0,664.0,0.0,0.0
21000.0, 60 months,14.48,C,2 years,OWN,75000.0,Charged Off,debt_consolidation,11.49,1.0,660.0,664.0,0.0,2.0
15000.0, 36 months,12.59,C,2 years,RENT,47300.0,Fully Paid,other,6.45,0.0,695.0,699.0,0.0,0.0
6000.0, 36 months,7.89,A,4 years,RENT,60000.0,Fully Paid,home_improvement,18.8,0.0,735.0,739.0,1.0,0.0
5000.0, 36 months,14.48,C,2 years,RENT,60000.0,Fully Paid,debt_consolidation,11.66,0.0,660.0,664.0,1.0,0.0
10000.0, 36 months,8.49,B,3 years,RENT,55000.0,Fully Paid,debt_consolidation,21.62,0.0,665.0,669.0,1.0,4.0
13500.0, 36 months,7.89,A,< 1 year,RENT,95000.0,Fully Paid,debt_consolidation,7.43,0.0,720.0,724.0,0.0,0.0
14000.0, 60 months,9.76,B,9 years,RENT,51000.0,Fully Paid,debt_consolidation,21.2,0.0,685.0,689.0,1.0,1.0
25000.0, 36 months,6.89,A,8 years,MORTGAGE,99000.0,Fully Paid,debt_consolidation,19.21,0.0,780.0,784.0,0.0,0.0
17550.0, 36 months,11.99,C,10+ years,MORTGAGE,65000.0,Fully Paid,credit_card,20.97,0.0,710.0,714.0,0.0,0.0
20000.0, 36 months,14.48,C,8 years,MORTGAGE,315000.0,Charged Off,credit_card,11.9,0.0,660.0,664.0,1.0,0.0
30800.0, 60 months,13.67,C,5 years,RENT,140000.0,Fully Paid,debt_consolidation,20.26,0.0,730.0,734.0,0.0,0.0
35000.0, 60 months,11.99,C,10+ years,MORTGAGE,150000.0,Fully Paid,debt_consolidation,23.38,0.0,710.0,714.0,1.0,0.0
16000.0, 36 months,15.41,D,3 years,OWN,75000.0,Charged Off,debt_consolidation,28.27,0.0,660.0,664.0,1.0,1.0
8000.0, 36 months,7.26,A,1 year,RENT,104000.0,Charged Off,debt_consolidation,11.34,0.0,740.0,744.0,0.0,1.0
18000.0, 36 months,7.89,A,9 years,MORTGAGE,75000.0,Fully Paid,credit_card,13.87,2.0,680.0,684.0,1.0,0.0
16125.0, 36 months,13.67,C,10+ years,RENT,67000.0,Charged Off,debt_consolidation,18.32,0.0,725.0,729.0,0.0,1.0
12000.0, 36 months,10.64,B,9 years,RENT,68000.0,Fully Paid,debt_consolidation,15.44,1.0,675.0,679.0,0.0,0.0
24000.0, 60 months,13.67,C,10+ years,OWN,125000.0,Fully Paid,debt_consolidation,16.13,0.0,705.0,709.0,0.0,0.0
3325.0, 36 months,16.99,D,8 years,RENT,34000.0,Charged Off,other,18.57,1.0,660.0,664.0,1.0,1.0
20000.0, 36 months,11.22,B,10+ years,MORTGAGE,69000.0,Fully Paid,debt_consolidation,8.3,0.0,660.0,664.0,2.0,0.0
16000.0, 36 months,6.24,A,10+ years,MORTGAGE,78379.0,Fully Paid,debt_consolidation,7.38,0.0,700.0,704.0,1.0,0.0
6000.0, 36 months,9.17,B,8 years,MORTGAGE,83000.0,Fully Paid,debt_consolidation,13.1,4.0,680.0,684.0,2.0,1.0
20000.0, 60 months,13.18,C,1 year,OWN,100400.0,Fully Paid,debt_consolidation,15.6,0.0,665.0,669.0,0.0,0.0
19200.0, 36 months,9.17,B,10+ years,MORTGAGE,113000.0,Fully Paid,major_purchase,21.59,0.0,710.0,714.0,2.0,0.0
18800.0, 60 months,25.99,F,1 year,OWN,54000.0,Fully Paid,debt_consolidation,25.31,0.0,695.0,699.0,3.0,0.0
10000.0, 36 months,9.99,B,5 years,MORTGAGE,87000.0,Fully Paid,credit_card,17.93,0.0,660.0,664.0,2.0,0.0
5600.0, 36 months,13.44,C,3 years,RENT,54000.0,Fully Paid,debt_consolidation,13.84,0.0,665.0,669.0,0.0,0.0
10000.0, 36 months,12.59,C,< 1 year,RENT,72000.0,Fully Paid,debt_consolidation,20.1,2.0,675.0,679.0,0.0,0.0
20000.0, 60 months,11.22,B,1 year,RENT,80000.0,Charged Off,debt_consolidation,20.28,0.0,745.0,749.0,0.0,1.0
10000.0, 36 months,16.99,D,2 years,RENT,78000.0,Fully Paid,debt_consolidation,10.84,0.0,680.0,684.0,0.0,0.0
16000.0, 36 months,7.89,A,10+ years,OWN,110000.0,Charged Off,home_improvement,14.75,0.0,725.0,729.0,1.0,0.0
22000.0, 36 months,8.18,B,,MORTGAGE,100000.0,Fully Paid,debt_consolidation,24.87,0.0,720.0,724.0,1.0,0.0
24000.0, 36 months,9.76,B,10+ years,OWN,76000.0,Fully Paid,debt_consolidation,28.63,1.0,670.0,674.0,0.0,0.0
20000.0, 36 months,8.38,B,3 years,MORTGAGE,65000.0,Fully Paid,debt_consolidation,19.22,0.0,670.0,674.0,1.0,0.0
10000.0, 60 months,13.18,C,10+ years,MORTGAGE,58000.0,Fully Paid,debt_consolidation,14.11,1.0,690.0,694.0,1.0,0.0
10850.0, 36 months,12.88,C,10+ years,MORTGAGE,50000.0,Fully Paid,debt_consolidation,16.77,0.0,705.0,709.0,1.0,0.0
6400.0, 36 months,20.99,E,7 years,RENT,47000.0,Fully Paid,debt_consolidation,25.97,0.0,660.0,664.0,2.0,0.0
14400.0, 60 months,13.18,C,1 year,RENT,85000.0,Fully Paid,debt_consolidation,34.49,0.0,705.0,709.0,0.0,0.0
9600.0, 36 months,20.5,E,< 1 year,RENT,30000.0,Fully Paid,small_business,5.4,0.0,735.0,739.0,1.0,0.0
8400.0, 36 months,10.64,B,5 years,RENT,31000.0,Charged Off,debt_consolidation,28.61,0.0,675.0,679.0,3.0,1.0
5000.0, 36 months,6.24,A,1 year,MORTGAGE,32000.0,Fully Paid,other,25.91,1.0,745.0,749.0,1.0,0.0
20000.0, 36 months,5.32,A,10+ years,MORTGAGE,135000.0,Fully Paid,debt_consolidation,23.26,1.0,720.0,724.0,0.0,0.0
14000.0, 60 months,16.99,D,8 years,MORTGAGE,120000.0,Fully Paid,debt_consolidation,25.1,0.0,670.0,674.0,1.0,0.0
10000.0, 36 months,11.99,C,4 years,RENT,69000.0,Charged Off,credit_card,4.35,0.0,660.0,664.0,0.0,0.0
7200.0, 36 months,9.17,B,8 years,MORTGAGE,60000.0,Charged Off,debt_consolidation,27.1,0.0,700.0,704.0,0.0,0.0
11200.0, 60 months,16.99,D,< 1 year,RENT,55000.0,Fully Paid,debt_consolidation,23.32,0.0,690.0,694.0,1.0,1.0
5000.0, 36 months,6.89,A,10+ years,RENT,49000.0,Fully Paid,debt_consolidation,31.69,0.0,740.0,744.0,0.0,0.0
9100.0, 36 months,6.24,A,3 years,MORTGAGE,120000.0,Fully Paid,credit_card,5.83,0.0,680.0,684.0,0.0,0.0
12000.0, 36 months,10.64,B,10+ years,OWN,55000.0,Fully Paid,credit_card,22.12,1.0,680.0,684.0,2.0,0.0
6000.0, 36 months,12.59,C,5 years,RENT,98500.0,Fully Paid,debt_consolidation,5.29,0.0,695.0,699.0,1.0,0.0
24200.0, 60 months,17.57,D,< 1 year,MORTGAGE,55000.0,Charged Off,debt_consolidation,29.47,0.0,720.0,724.0,1.0,0.0
35000.0, 60 months,12.59,C,10+ years,MORTGAGE,90000.0,Fully Paid,debt_consolidation,26.96,0.0,750.0,754.0,0.0,0.0
8000.0, 36 months,9.76,B,2 years,RENT,65000.0,Fully Paid,credit_card,30.32,0.0,705.0,709.0,0.0,0.0
1300.0, 36 months,13.18,C,1 year,RENT,36000.0,Fully Paid,other,18.13,0.0,670.0,674.0,0.0,0.0
12350.0, 36 months,16.59,D,2 years,MORTGAGE,50000.0,Fully Paid,debt_consolidation,25.92,1.0,660.0,664.0,0.0,0.0
12000.0, 36 months,5.32,A,10+ years,MORTGAGE,94000.0,Fully Paid,credit_card,25.88,1.0,750.0,754.0,0.0,0.0
5000.0, 36 months,8.38,B,2 years,RENT,28000.0,Charged Off,credit_card,9.77,0.0,675.0,679.0,0.0,1.0
10000.0, 60 months,16.55,D,4 years,MORTGAGE,65000.0,Fully Paid,debt_consolidation,19.31,1.0,675.0,679.0,0.0,0.0
32500.0, 36 months,10.99,B,10+ years,MORTGAGE,65000.0,Fully Paid,debt_consolidation,13.68,0.0,705.0,709.0,0.0,0.0
23000.0, 36 months,9.76,B,10+ years,MORTGAGE,110000.0,Fully Paid,debt_consolidation,15.9,4.0,700.0,704.0,0.0,0.0
10000.0, 36 months,11.22,B,3 years,RENT,50000.0,Fully Paid,debt_consolidation,23.97,0.0,685.0,689.0,0.0,1.0
6300.0, 36 months,17.86,D,1 year,RENT,21000.0,Fully Paid,medical,25.71,0.0,730.0,734.0,0.0,0.0
11000.0, 36 months,13.67,C,2 years,RENT,85000.0,Fully Paid,debt_consolidation,13.44,0.0,690.0,694.0,0.0,0.0
35000.0, 36 months,12.59,C,10+ years,MORTGAGE,130000.0,Fully Paid,debt_consolidation,11.36,1.0,715.0,719.0,0.0,0.0
4000.0, 36 months,11.22,B,10+ years,RENT,50000.0,Charged Off,other,27.77,1.0,685.0,689.0,0.0,0.0
20000.0, 60 months,11.99,C,3 years,MORTGAGE,65000.0,Fully Paid,debt_consolidation,21.18,0.0,700.0,704.0,0.0,0.0
10000.0, 60 months,11.22,B,4 years,RENT,31000.0,Charged Off,credit_card,5.07,0.0,665.0,669.0,1.0,1.0
30000.0, 36 months,15.41,D,10+ years,MORTGAGE,120000.0,Charged Off,debt_consolidation,18.11,3.0,715.0,719.0,0.0,0.0
15000.0, 36 months,6.89,A,1 year,RENT,42000.0,Fully Paid,credit_card,14.69,0.0,725.0,729.0,0.0,0.0
9600.0, 36 months,11.22,B,2 years,RENT,35000.0,Charged Off,debt_consolidation,15.43,1.0,695.0,699.0,0.0,2.0
20000.0, 36 months,5.32,A,< 1 year,MORTGAGE,100000.0,Fully Paid,credit_card,9.71,0.0,795.0,799.0,0.0,0.0
25000.0, 36 months,9.99,B,1 year,RENT,115500.0,Fully Paid,debt_consolidation,14.27,1.0,700.0,704.0,0.0,0.0
6000.0, 36 months,9.17,B,1 year,RENT,50000.0,Fully Paid,credit_card,11.69,0.0,660.0,664.0,1.0,0.0
18000.0, 60 months,13.18,C,9 years,MORTGAGE,115000.0,Fully Paid,debt_consolidation,8.62,0.0,705.0,709.0,2.0,0.0
24000.0, 36 months,8.38,B,3 years,MORTGAGE,129000.0,Fully Paid,credit_card,11.92,0.0,680.0,684.0,0.0,0.0
6000.0, 36 months,9.17,B,10+ years,OWN,96878.0,Fully Paid,debt_consolidation,33.31,1.0,675.0,679.0,0.0,0.0
18000.0, 60 months,13.18,C,10+ years,MORTGAGE,91280.0,Fully Paid,debt_consolidation,22.14,0.0,740.0,744.0,0.0,0.0
12000.0, 36 months,5.32,A,8 years,MORTGAGE,110000.0,Fully Paid,credit_card,17.9,0.0,790.0,794.0,1.0,0.0
21600.0, 60 months,14.48,C,10+ years,MORTGAGE,60000.0,Charged Off,debt_consolidation,19.54,0.0,710.0,714.0,0.0,0.0
8000.0, 36 months,7.91,A,4 years,OWN,48000.0,Fully Paid,home_improvement,24.48,0.0,715.0,719.0,1.0,0.0
10000.0, 36 months,10.64,B,2 years,RENT,55000.0,Fully Paid,debt_consolidation,12.46,0.0,690.0,694.0,1.0,0.0
18000.0, 36 months,6.24,A,5 years,MORTGAGE,66000.0,Fully Paid,debt_consolidation,17.82,0.0,735.0,739.0,0.0,0.0
7200.0, 36 months,8.38,B,10+ years,RENT,70000.0,Fully Paid,car,11.81,1.0,670.0,674.0,0.0,1.0
10000.0, 36 months,5.32,A,8 years,MORTGAGE,90000.0,Fully Paid,home_improvement,9.36,0.0,775.0,779.0,0.0,0.0
26000.0, 36 months,5.32,A,10+ years,MORTGAGE,137000.0,Fully Paid,debt_consolidation,19.82,2.0,690.0,694.0,0.0,0.0
2400.0, 36 months,17.86,D,2 years,RENT,61000.0,Charged Off,house,20.76,0.0,715.0,719.0,0.0,0.0
4600.0, 36 months,13.18,C,10+ years,MORTGAGE,120000.0,Fully Paid,debt_consolidation,9.06,3.0,660.0,664.0,2.0,0.0
16550.0, 36 months,13.18,C,6 years,MORTGAGE,56000.0,Fully Paid,debt_consolidation,20.47,1.0,700.0,704.0,0.0,0.0
6000.0, 36 months,14.48,C,10+ years,RENT,30000.0,Fully Paid,debt_consolidation,18.84,0.0,725.0,729.0,0.0,0.0
4000.0, 36 months,15.41,D,,MORTGAGE,29280.0,Fully Paid,home_improvement,19.22,0.0,700.0,704.0,0.0,0.0
4000.0, 36 months,10.64,B,10+ years,MORTGAGE,48000.0,Fully Paid,credit_card,27.35,0.0,670.0,674.0,1.0,0.0
16000.0, 60 months,9.17,B,8 years,MORTGAGE,135000.0,Charged Off,home_improvement,13.8,0.0,715.0,719.0,2.0,0.0
7000.0, 36 months,14.48,C,< 1 year,RENT,45000.0,Fully Paid,debt_consolidation,14.62,1.0,665.0,669.0,1.0,0.0
15000.0, 36 months,5.32,A,4 years,RENT,45000.0,Fully Paid,credit_card,28.95,0.0,780.0,784.0,0.0,0.0
22800.0, 60 months,23.13,F,10+ years,OWN,60000.0,Charged Off,home_improvement,8.5,0.0,710.0,714.0,0.0,0.0
8400.0, 36 months,10.64,B,5 years,RENT,160000.0,Fully Paid,debt_consolidation,10.06,0.0,700.0,704.0,2.0,1.0
5600.0, 36 months,11.22,B,7 years,RENT,33000.0,Fully Paid,debt_consolidation,23.67,0.0,705.0,709.0,0.0,0.0
15500.0, 60 months,11.99,C,10+ years,MORTGAGE,35000.0,Charged Off,debt_consolidation,30.72,1.0,715.0,719.0,0.0,0.0
10000.0, 36 months,6.24,A,10+ years,MORTGAGE,150000.0,Fully Paid,debt_consolidation,7.39,0.0,760.0,764.0,1.0,0.0
17000.0, 60 months,20.99,E,4 years,MORTGAGE,75000.0,Fully Paid,credit_card,23.61,0.0,670.0,674.0,1.0,0.0
35000.0, 60 months,13.18,C,10+ years,MORTGAGE,84000.0,Charged Off,debt_consolidation,10.44,0.0,695.0,699.0,0.0,0.0
8300.0, 36 months,7.26,A,10+ years,MORTGAGE,60000.0,Fully Paid,debt_consolidation,11.06,0.0,685.0,689.0,0.0,0.0
25800.0, 60 months,18.99,E,10+ years,RENT,60282.0,Charged Off,credit_card,20.12,0.0,700.0,704.0,0.0,0.0
16000.0, 36 months,8.38,B,10+ years,OWN,64000.0,Fully Paid,debt_consolidation,15.96,0.0,665.0,669.0,0.0,0.0
30000.0, 60 months,11.99,C,10+ years,MORTGAGE,128000.0,Fully Paid,debt_consolidation,19.14,0.0,700.0,704.0,0.0,0.0
6400.0, 36 months,12.59,C,10+ years,RENT,81000.0,Fully Paid,debt_consolidation,1.75,0.0,675.0,679.0,0.0,0.0
6000.0, 36 months,9.17,B,10+ years,MORTGAGE,69000.0,Fully Paid,debt_consolidation,18.85,0.0,665.0,669.0,0.0,0.0
10000.0, 36 months,12.59,C,8 years,MORTGAGE,43990.0,Fully Paid,debt_consolidation,23.55,1.0,675.0,679.0,0.0,0.0
12000.0, 36 months,9.99,B,6 years,RENT,38000.0,Fully Paid,credit_card,29.53,0.0,680.0,684.0,0.0,1.0
16000.0, 36 months,9.17,B,10+ years,MORTGAGE,81000.0,Fully Paid,debt_consolidation,26.8,0.0,660.0,664.0,0.0,1.0
11000.0, 36 months,5.32,A,4 years,RENT,50000.0,Fully Paid,credit_card,16.32,0.0,690.0,694.0,0.0,0.0
14400.0, 60 months,18.99,E,10+ years,OWN,85000.0,Charged Off,other,21.76,0.0,670.0,674.0,0.0,1.0
4000.0, 36 months,14.48,C,10+ years,RENT,54000.0,Fully Paid,debt_consolidation,28.27,0.0,675.0,679.0,2.0,1.0
7000.0, 36 months,8.38,B,10+ years,OWN,60000.0,Charged Off,debt_consolidation,20.86,1.0,665.0,669.0,0.0,0.0
22100.0, 60 months,15.41,D,10+ years,MORTGAGE,111576.0,Fully Paid,credit_card,24.73,4.0,680.0,684.0,2.0,0.0
10000.0, 36 months,11.99,C,10+ years,MORTGAGE,110000.0,Fully Paid,debt_consolidation,20.33,4.0,680.0,684.0,0.0,0.0
23800.0, 36 months,16.99,D,3 years,RENT,137280.0,Fully Paid,debt_consolidation,7.0,1.0,660.0,664.0,0.0,0.0
5000.0, 36 months,9.76,B,10+ years,MORTGAGE,86000.0,Fully Paid,debt_consolidation,15.92,0.0,675.0,679.0,0.0,0.0
1950.0, 36 months,13.18,C,< 1 year,RENT,32000.0,Fully Paid,debt_consolidation,3.45,0.0,720.0,724.0,2.0,0.0
20000.0, 60 months,14.33,C,10+ years,RENT,140000.0,Charged Off,debt_consolidation,9.75,1.0,680.0,684.0,0.0,0.0
5600.0, 36 months,13.18,C,5 years,RENT,40800.0,Fully Paid,debt_consolidation,34.93,0.0,690.0,694.0,0.0,0.0
19300.0, 36 months,13.99,C,10+ years,RENT,42000.0,Fully Paid,debt_consolidation,23.2,0.0,710.0,714.0,0.0,0.0
2000.0, 36 months,16.55,D,2 years,RENT,60000.0,Charged Off,debt_consolidation,2.2,1.0,680.0,684.0,1.0,0.0
20000.0, 36 months,12.59,C,3 years,MORTGAGE,106000.0,Fully Paid,debt_consolidation,19.73,0.0,665.0,669.0,1.0,0.0
17500.0, 36 months,9.17,B,5 years,MORTGAGE,145000.0,Fully Paid,debt_consolidation,3.49,1.0,660.0,664.0,0.0,0.0
14825.0, 60 months,21.48,E,3 years,MORTGAGE,50000.0,Charged Off,debt_consolidation,15.89,0.0,665.0,669.0,2.0,1.0
5500.0, 36 months,6.24,A,4 years,MORTGAGE,128000.0,Fully Paid,debt_consolidation,9.95,0.0,705.0,709.0,0.0,0.0
10000.0, 36 months,8.49,B,10+ years,RENT,42000.0,Fully Paid,credit_card,14.49,0.0,675.0,679.0,0.0,1.0
12000.0, 36 months,8.38,B,2 years,MORTGAGE,31200.0,Fully Paid,credit_card,32.31,1.0,680.0,684.0,0.0,0.0
20000.0, 36 months,10.64,B,10+ years,MORTGAGE,65000.0,Charged Off,debt_consolidation,23.26,0.0,720.0,724.0,0.0,1.0
10650.0, 36 months,11.22,B,10+ years,MORTGAGE,65000.0,Fully Paid,debt_consolidation,27.79,1.0,670.0,674.0,2.0,0.0
9000.0, 36 months,19.99,E,5 years,RENT,25000.0,Fully Paid,debt_consolidation,38.89,0.0,755.0,759.0,0.0,0.0
7375.0, 36 months,17.86,D,< 1 year,RENT,46200.0,Fully Paid,debt_consolidation,17.9,0.0,715.0,719.0,2.0,0.0
5000.0, 36 months,10.99,B,10+ years,MORTGAGE,39000.0,Fully Paid,debt_consolidation,30.65,0.0,710.0,714.0,0.0,0.0
21000.0, 36 months,13.18,C,10+ years,MORTGAGE,70000.0,Fully Paid,other,23.83,0.0,680.0,684.0,1.0,0.0
10000.0, 36 months,11.49,B,10+ years,RENT,74000.0,Fully Paid,debt_consolidation,32.35,0.0,710.0,714.0,1.0,1.0
15000.0, 36 months,11.99,C,10+ years,MORTGAGE,69000.0,Fully Paid,debt_consolidation,25.86,1.0,670.0,674.0,1.0,0.0
14000.0, 60 months,18.49,E,1 year,RENT,71500.0,Fully Paid,credit_card,23.88,0.0,675.0,679.0,2.0,0.0
7800.0, 36 months,11.99,C,10+ years,RENT,42000.0,Fully Paid,debt_consolidation,2.63,0.0,675.0,679.0,0.0,0.0
10000.0, 36 months,9.17,B,,RENT,60000.0,Charged Off,credit_card,17.7,0.0,680.0,684.0,0.0,0.0
30000.0, 36 months,7.89,A,7 years,RENT,137000.0,Fully Paid,credit_card,21.97,0.0,690.0,694.0,0.0,0.0
7700.0, 36 months,7.26,A,2 years,RENT,72000.0,Fully Paid,debt_consolidation,11.43,0.0,695.0,699.0,0.0,0.0
18000.0, 36 months,7.91,A,2 years,MORTGAGE,63000.0,Fully Paid,debt_consolidation,18.04,0.0,730.0,734.0,0.0,0.0
3000.0, 36 months,11.48,B,< 1 year,MORTGAGE,62000.0,Charged Off,medical,25.9,1.0,685.0,689.0,1.0,0.0
3600.0, 36 months,13.67,C,10+ years,RENT,67000.0,Fully Paid,vacation,34.14,0.0,700.0,704.0,0.0,0.0
4200.0, 36 months,11.49,B,1 year,RENT,36000.0,Fully Paid,major_purchase,31.57,0.0,720.0,724.0,0.0,0.0
10000.0, 36 months,11.22,B,10+ years,MORTGAGE,92000.0,Fully Paid,credit_card,11.08,2.0,695.0,699.0,2.0,0.0
12000.0, 36 months,13.18,C,5 years,MORTGAGE,39000.0,Fully Paid,debt_consolidation,35.66,0.0,735.0,739.0,0.0,0.0
5000.0, 36 months,6.24,A,< 1 year,MORTGAGE,35000.0,Fully Paid,credit_card,25.07,0.0,690.0,694.0,1.0,1.0
5000.0, 36 months,9.76,B,6 years,RENT,44000.0,Fully Paid,credit_card,18.39,0.0,675.0,679.0,1.0,1.0
18000.0, 60 months,18.2,E,10+ years,RENT,50000.0,Charged Off,debt_consolidation,24.65,0.0,670.0,674.0,0.0,0.0
4000.0, 36 months,11.48,B,6 years,MORTGAGE,42000.0,Fully Paid,credit_card,12.6,2.0,665.0,669.0,1.0,0.0
12000.0, 36 months,11.22,B,2 years,RENT,66500.0,Fully Paid,debt_consolidation,17.02,0.0,690.0,694.0,0.0,0.0
8000.0, 36 months,10.64,B,< 1 year,RENT,95000.0,Charged Off,credit_card,23.19,1.0,690.0,694.0,1.0,0.0
3000.0, 36 months,12.59,C,10+ years,RENT,61000.0,Fully Paid,debt_consolidation,26.34,0.0,745.0,749.0,1.0,0.0
25000.0, 36 months,12.59,C,3 years,OWN,70000.0,Fully Paid,debt_consolidation,25.51,0.0,695.0,699.0,1.0,0.0
19025.0, 36 months,13.18,C,2 years,MORTGAGE,76500.0,Fully Paid,home_improvement,8.05,0.0,660.0,664.0,0.0,1.0
15000.0, 60 months,17.86,D,6 years,RENT,50000.0,Charged Off,other,11.62,0.0,695.0,699.0,1.0,0.0
21000.0, 60 months,13.67,C,,MORTGAGE,89500.0,Fully Paid,debt_consolidation,16.16,0.0,670.0,674.0,1.0,5.0
24950.0, 60 months,22.99,F,7 years,MORTGAGE,80000.0,Fully Paid,debt_consolidation,24.24,2.0,665.0,669.0,1.0,0.0
28000.0, 60 months,12.59,C,6 years,MORTGAGE,100000.0,Fully Paid,debt_consolidation,12.36,1.0,705.0,709.0,2.0,0.0
14000.0, 60 months,18.49,E,8 years,RENT,59280.0,Charged Off,debt_consolidation,26.48,0.0,695.0,699.0,1.0,0.0
6000.0, 36 months,13.99,C,8 years,MORTGAGE,100000.0,Fully Paid,credit_card,25.94,0.0,675.0,679.0,1.0,0.0
7225.0, 36 months,11.22,B,10+ years,RENT,50000.0,Fully Paid,debt_consolidation,4.44,0.0,660.0,664.0,1.0,1.0
24000.0, 60 months,14.48,C,9 years,RENT,75000.0,Fully Paid,major_purchase,5.29,0.0,735.0,739.0,1.0,0.0
12000.0, 36 months,9.17,B,2 years,RENT,82000.0,Fully Paid,other,17.25,0.0,725.0,729.0,0.0,0.0
12000.0, 36 months,9.17,B,,RENT,46000.0,Fully Paid,debt_consolidation,20.43,0.0,670.0,674.0,0.0,0.0
7000.0, 36 months,14.48,C,1 year,RENT,62000.0,Fully Paid,home_improvement,4.32,0.0,680.0,684.0,2.0,0.0
7500.0, 36 months,11.22,B,2 years,MORTGAGE,37000.0,Fully Paid,credit_card,21.47,0.0,745.0,749.0,2.0,0.0
9500.0, 36 months,12.59,C,10+ years,MORTGAGE,135000.0,Fully Paid,home_improvement,34.53,1.0,670.0,674.0,3.0,2.0
6000.0, 36 months,9.17,B,5 years,RENT,55000.0,Fully Paid,debt_consolidation,14.73,0.0,660.0,664.0,1.0,1.0
4575.0, 36 months,14.48,C,10+ years,MORTGAGE,75000.0,Fully Paid,debt_consolidation,5.62,0.0,660.0,664.0,1.0,1.0
10000.0, 36 months,14.85,C,10+ years,MORTGAGE,290000.0,Fully Paid,home_improvement,17.46,0.0,675.0,679.0,0.0,0.0
5000.0, 36 months,6.24,A,,OWN,18000.0,Fully Paid,credit_card,11.27,0.0,695.0,699.0,0.0,0.0
16600.0, 36 months,13.18,C,9 years,MORTGAGE,60000.0,Fully Paid,credit_card,17.06,0.0,720.0,724.0,0.0,0.0
35000.0, 60 months,12.59,C,1 year,MORTGAGE,115000.0,Charged Off,debt_consolidation,27.29,0.0,690.0,694.0,0.0,0.0
12000.0, 36 months,7.26,A,10+ years,MORTGAGE,87319.0,Fully Paid,debt_consolidation,21.55,0.0,730.0,734.0,0.0,0.0
25000.0, 36 months,6.24,A,2 years,MORTGAGE,115000.0,Fully Paid,debt_consolidation,16.65,0.0,715.0,719.0,0.0,0.0
11200.0, 36 months,9.17,B,3 years,RENT,90000.0,Fully Paid,credit_card,24.25,0.0,680.0,684.0,0.0,0.0
4800.0, 36 months,13.67,C,,RENT,43000.0,Fully Paid,debt_consolidation,6.78,0.0,665.0,669.0,0.0,1.0
12000.0, 36 months,22.99,F,,RENT,46746.0,Fully Paid,debt_consolidation,28.41,0.0,660.0,664.0,0.0,1.0
35000.0, 36 months,9.76,B,10+ years,RENT,70000.0,Fully Paid,credit_card,21.74,2.0,680.0,684.0,0.0,0.0
3500.0, 36 months,14.48,C,1 year,MORTGAGE,220000.0,Fully Paid,other,9.09,0.0,725.0,729.0,2.0,0.0
28000.0, 36 months,11.99,C,1 year,MORTGAGE,80000.0,Fully Paid,debt_consolidation,21.06,0.0,665.0,669.0,0.0,0.0
4000.0, 36 months,13.67,C,< 1 year,RENT,55000.0,Fully Paid,other,14.38,0.0,675.0,679.0,0.0,0.0
10000.0, 36 months,7.26,A,10+ years,MORTGAGE,60000.0,Fully Paid,credit_card,35.24,0.0,695.0,699.0,0.0,0.0
3000.0, 36 months,15.41,D,10+ years,RENT,63000.0,Charged Off,other,37.41,1.0,670.0,674.0,0.0,0.0
5000.0, 36 months,13.18,C,7 years,MORTGAGE,70000.0,Fully Paid,home_improvement,7.41,0.0,675.0,679.0,0.0,0.0
15000.0, 36 months,11.99,C,4 years,RENT,60000.0,Fully Paid,credit_card,21.12,0.0,670.0,674.0,1.0,0.0
18000.0, 36 months,6.89,A,8 years,RENT,90000.0,Fully Paid,credit_card,21.38,0.0,725.0,729.0,0.0,0.0
15600.0, 36 months,5.32,A,10+ years,MORTGAGE,150000.0,Fully Paid,other,17.45,0.0,790.0,794.0,0.0,0.0
21000.0, 60 months,13.67,C,10+ years,OWN,160000.0,Fully Paid,debt_consolidation,19.05,0.0,675.0,679.0,2.0,0.0
18000.0, 36 months,7.49,A,< 1 year,MORTGAGE,70000.0,Fully Paid,credit_card,16.82,1.0,690.0,694.0,0.0,0.0
25000.0, 60 months,8.38,B,9 years,MORTGAGE,115438.0,Fully Paid,debt_consolidation,13.2,0.0,740.0,744.0,0.0,0.0
16000.0, 36 months,8.38,B,4 years,RENT,75000.0,Fully Paid,debt_consolidation,21.7,0.0,675.0,679.0,0.0,0.0
9600.0, 36 months,7.26,A,10+ years,MORTGAGE,121000.0,Charged Off,debt_consolidation,5.35,2.0,715.0,719.0,0.0,0.0
4000.0, 36 months,8.38,B,10+ years,MORTGAGE,175000.0,Fully Paid,other,10.51,0.0,750.0,754.0,1.0,0.0
14000.0, 36 months,11.99,C,2 years,RENT,46000.0,Fully Paid,debt_consolidation,27.03,1.0,685.0,689.0,2.0,0.0
11975.0, 36 months,16.55,D,10+ years,MORTGAGE,75000.0,Fully Paid,debt_consolidation,20.4,0.0,665.0,669.0,0.0,1.0
5000.0, 36 months,7.89,A,2 years,RENT,52430.0,Fully Paid,other,20.85,0.0,695.0,699.0,0.0,0.0
10000.0, 36 months,7.26,A,,MORTGAGE,54000.0,Fully Paid,credit_card,16.41,0.0,700.0,704.0,1.0,1.0
24700.0, 36 months,11.99,C,10+ years,MORTGAGE,65000.0,Fully Paid,small_business,16.06,1.0,715.0,719.0,4.0,0.0
21675.0, 36 months,17.27,D,10+ years,RENT,61000.0,Fully Paid,debt_consolidation,23.23,0.0,660.0,664.0,0.0,0.0
14700.0, 36 months,7.26,A,10+ years,MORTGAGE,100000.0,Fully Paid,debt_consolidation,16.69,1.0,695.0,699.0,0.0,0.0
10000.0, 60 months,11.99,C,2 years,MORTGAGE,125000.0,Charged Off,debt_consolidation,20.97,0.0,685.0,689.0,0.0,0.0
8000.0, 36 months,10.78,B,3 years,RENT,38000.0,Fully Paid,car,10.3,0.0,710.0,714.0,1.0,0.0
3600.0, 36 months,15.41,D,10+ years,RENT,30000.0,Fully Paid,small_business,12.04,1.0,700.0,704.0,1.0,0.0
14400.0, 36 months,9.76,B,< 1 year,MORTGAGE,65000.0,Fully Paid,credit_card,7.33,0.0,675.0,679.0,0.0,1.0
6000.0, 36 months,11.22,B,9 years,MORTGAGE,110000.0,Charged Off,credit_card,16.06,0.0,675.0,679.0,1.0,0.0
30000.0, 36 months,13.18,C,6 years,RENT,100000.0,Fully Paid,credit_card,15.3,0.0,705.0,709.0,1.0,0.0
12000.0, 36 months,9.17,B,4 years,RENT,90000.0,Fully Paid,debt_consolidation,8.11,10.0,670.0,674.0,0.0,0.0
20000.0, 36 months,7.26,A,2 years,OWN,115000.0,Fully Paid,home_improvement,5.59,0.0,745.0,749.0,1.0,1.0
24000.0, 36 months,8.49,B,10+ years,MORTGAGE,210000.0,Fully Paid,debt_consolidation,14.85,0.0,695.0,699.0,1.0,0.0
10000.0, 36 months,6.24,A,7 years,MORTGAGE,60000.0,Fully Paid,debt_consolidation,17.14,0.0,765.0,769.0,0.0,0.0
17750.0, 36 months,19.48,E,< 1 year,MORTGAGE,66600.0,Charged Off,debt_consolidation,21.01,0.0,680.0,684.0,2.0,3.0
18000.0, 36 months,11.99,C,4 years,RENT,49684.0,Charged Off,debt_consolidation,4.69,0.0,755.0,759.0,0.0,0.0
12000.0, 36 months,10.64,B,9 years,RENT,61000.0,Fully Paid,debt_consolidation,15.21,3.0,665.0,669.0,0.0,0.0
20000.0, 36 months,6.89,A,4 years,OWN,75000.0,Fully Paid,debt_consolidation,21.2,0.0,775.0,779.0,0.0,0.0
22150.0, 60 months,17.86,D,10+ years,RENT,63000.0,Charged Off,debt_consolidation,24.25,0.0,700.0,704.0,1.0,0.0
7000.0, 36 months,14.48,C,10+ years,MORTGAGE,40000.0,Fully Paid,home_improvement,8.14,1.0,680.0,684.0,0.0,0.0
1400.0, 36 months,13.67,C,5 years,RENT,49000.0,Fully Paid,medical,25.07,0.0,660.0,664.0,0.0,0.0
22000.0, 36 months,5.32,A,9 years,OWN,50000.0,Fully Paid,debt_consolidation,14.69,0.0,745.0,749.0,1.0,0.0
7000.0, 36 months,11.22,B,10+ years,MORTGAGE,107651.0,Charged Off,debt_consolidation,21.16,4.0,665.0,669.0,2.0,0.0
9975.0, 36 months,16.99,D,10+ years,MORTGAGE,58000.0,Charged Off,debt_consolidation,38.59,0.0,810.0,814.0,0.0,0.0
18000.0, 60 months,18.49,E,< 1 year,MORTGAGE,55000.0,Fully Paid,debt_consolidation,25.51,1.0,675.0,679.0,1.0,1.0
12000.0, 36 months,10.64,B,10+ years,MORTGAGE,70000.0,Fully Paid,other,25.94,2.0,690.0,694.0,0.0,0.0
27725.0, 60 months,16.55,D,10+ years,MORTGAGE,70000.0,Fully Paid,credit_card,31.89,0.0,665.0,669.0,0.0,0.0
5275.0, 36 months,14.48,C,10+ years,OWN,52000.0,Charged Off,debt_consolidation,34.94,0.0,705.0,709.0,2.0,0.0
12000.0, 36 months,7.89,A,10+ years,RENT,120000.0,Fully Paid,debt_consolidation,23.74,0.0,705.0,709.0,0.0,0.0
6000.0, 36 months,6.49,A,8 years,MORTGAGE,55000.0,Fully Paid,debt_consolidation,29.0,0.0,790.0,794.0,0.0,0.0
28000.0, 60 months,13.67,C,10+ years,MORTGAGE,102000.0,Charged Off,credit_card,30.53,0.0,700.0,704.0,0.0,0.0
12000.0, 60 months,9.99,B,10+ years,OWN,44000.0,Fully Paid,debt_consolidation,29.3,0.0,710.0,714.0,0.0,0.0
25000.0, 36 months,6.24,A,10+ years,OWN,81000.0,Fully Paid,credit_card,31.59,0.0,750.0,754.0,0.0,0.0
27000.0, 60 months,12.59,C,10+ years,MORTGAGE,107000.0,Fully Paid,debt_consolidation,20.04,1.0,675.0,679.0,0.0,0.0
14000.0, 36 months,10.99,B,5 years,MORTGAGE,45000.0,Fully Paid,debt_consolidation,17.81,0.0,705.0,709.0,0.0,0.0
4800.0, 36 months,13.44,C,2 years,RENT,70000.0,Fully Paid,debt_consolidation,20.77,0.0,670.0,674.0,0.0,1.0
30000.0, 36 months,8.18,B,< 1 year,MORTGAGE,85000.0,Fully Paid,debt_consolidation,17.45,0.0,765.0,769.0,1.0,0.0
1500.0, 36 months,16.55,D,10+ years,RENT,55000.0,Charged Off,medical,1.52,0.0,690.0,694.0,3.0,0.0
4800.0, 36 months,9.99,B,,OWN,10000.0,Fully Paid,credit_card,19.09,0.0,675.0,679.0,1.0,1.0
30000.0, 60 months,15.41,D,10+ years,RENT,120000.0,Fully Paid,credit_card,30.67,0.0,680.0,684.0,1.0,0.0
28000.0, 36 months,13.67,C,1 year,MORTGAGE,475000.0,Fully Paid,other,16.98,0.0,695.0,699.0,0.0,0.0
35000.0, 60 months,17.57,D,10+ years,MORTGAGE,101000.0,Fully Paid,credit_card,12.24,0.0,660.0,664.0,1.0,0.0
1500.0, 36 months,11.99,C,5 years,RENT,112000.0,Fully Paid,vacation,20.08,0.0,700.0,704.0,0.0,0.0
1500.0, 36 months,15.41,D,7 years,RENT,41178.24,Fully Paid,other,17.6,0.0,665.0,669.0,0.0,1.0
15200.0, 60 months,15.41,D,10+ years,MORTGAGE,52000.0,Charged Off,debt_consolidation,30.99,0.0,685.0,689.0,2.0,1.0
18800.0, 36 months,13.67,C,10+ years,RENT,47000.0,Fully Paid,debt_consolidation,32.02,0.0,665.0,669.0,1.0,2.0
31800.0, 60 months,12.59,C,< 1 year,MORTGAGE,96000.0,Fully Paid,debt_consolidation,28.68,0.0,670.0,674.0,0.0,0.0
10000.0, 36 months,8.38,B,10+ years,RENT,51000.0,Charged Off,debt_consolidation,10.14,0.0,670.0,674.0,2.0,1.0
8000.0, 36 months,9.17,B,10+ years,RENT,110000.0,Fully Paid,debt_consolidation,21.5,0.0,695.0,699.0,0.0,0.0
24000.0, 60 months,9.17,B,< 1 year,MORTGAGE,120000.0,Fully Paid,credit_card,26.4,0.0,715.0,719.0,0.0,0.0
15000.0, 36 months,5.32,A,10+ years,MORTGAGE,71000.0,Fully Paid,credit_card,28.03,0.0,790.0,794.0,0.0,0.0
25000.0, 36 months,6.89,A,4 years,RENT,50000.0,Fully Paid,major_purchase,5.54,0.0,730.0,734.0,0.0,0.0
13500.0, 60 months,13.18,C,6 years,MORTGAGE,48000.0,Fully Paid,debt_consolidation,16.13,1.0,675.0,679.0,0.0,0.0
14475.0, 36 months,13.18,C,< 1 year,MORTGAGE,43555.0,Charged Off,debt_consolidation,14.16,0.0,665.0,669.0,1.0,1.0
12000.0, 36 months,17.57,D,10+ years,MORTGAGE,42000.0,Charged Off,credit_card,26.4,3.0,660.0,664.0,1.0,1.0
4625.0, 36 months,15.41,D,,MORTGAGE,30000.0,Fully Paid,debt_consolidation,16.28,0.0,670.0,674.0,2.0,1.0
24000.0, 60 months,17.86,D,6 years,OWN,91100.0,Charged Off,other,28.57,1.0,680.0,684.0,0.0,0.0
24000.0, 36 months,5.32,A,10+ years,RENT,135000.0,Fully Paid,debt_consolidation,10.21,0.0,735.0,739.0,0.0,0.0
22000.0, 36 months,6.24,A,< 1 year,OWN,150000.0,Charged Off,credit_card,18.69,0.0,705.0,709.0,3.0,0.0
15900.0, 60 months,19.99,E,,MORTGAGE,62000.0,Charged Off,debt_consolidation,28.69,0.0,685.0,689.0,1.0,1.0
9100.0, 36 months,13.67,C,1 year,MORTGAGE,24000.0,Charged Off,credit_card,12.5,0.0,675.0,679.0,1.0,0.0
11200.0, 60 months,14.48,C,10+ years,RENT,40000.0,Charged Off,debt_consolidation,10.86,0.0,680.0,684.0,0.0,0.0
10000.0, 36 months,11.99,C,10+ years,RENT,50000.0,Fully Paid,debt_consolidation,30.56,0.0,715.0,719.0,0.0,0.0
7000.0, 36 months,12.59,C,10+ years,MORTGAGE,58000.0,Fully Paid,home_improvement,24.29,0.0,665.0,669.0,2.0,0.0
22500.0, 36 months,16.99,D,5 years,RENT,45000.0,Fully Paid,debt_consolidation,30.27,0.0,695.0,699.0,0.0,0.0
2950.0, 36 months,11.99,C,,MORTGAGE,22000.0,Fully Paid,debt_consolidation,16.58,0.0,665.0,669.0,2.0,1.0
4000.0, 36 months,15.41,D,10+ years,OWN,65755.0,Charged Off,debt_consolidation,13.56,0.0,660.0,664.0,1.0,0.0
28000.0, 60 months,8.38,B,10+ years,MORTGAGE,99000.0,Fully Paid,debt_consolidation,15.26,0.0,745.0,749.0,0.0,0.0
10000.0, 36 months,7.89,A,,OWN,36000.0,Fully Paid,debt_consolidation,14.46,0.0,760.0,764.0,1.0,0.0
23000.0, 36 months,13.18,C,4 years,MORTGAGE,137000.0,Fully Paid,home_improvement,14.26,0.0,685.0,689.0,1.0,0.0
28000.0, 60 months,19.99,E,8 years,MORTGAGE,95000.0,Fully Paid,debt_consolidation,22.27,0.0,705.0,709.0,1.0,0.0
15000.0, 60 months,18.99,E,< 1 year,RENT,92000.0,Charged Off,debt_consolidation,29.23,0.0,690.0,694.0,1.0,0.0
20000.0, 60 months,16.99,D,2 years,MORTGAGE,70000.0,Fully Paid,debt_consolidation,13.97,1.0,665.0,669.0,3.0,0.0
15175.0, 60 months,17.86,D,3 years,MORTGAGE,56000.0,Fully Paid,debt_consolidation,28.48,0.0,665.0,669.0,0.0,5.0
18000.0, 36 months,12.59,C,5 years,MORTGAGE,58000.0,Fully Paid,debt_consolidation,12.6,0.0,665.0,669.0,2.0,0.0
20000.0, 60 months,15.41,D,6 years,MORTGAGE,54000.0,Fully Paid,small_business,19.16,0.0,665.0,669.0,0.0,1.0
32000.0, 36 months,11.49,B,10+ years,MORTGAGE,350000.0,Fully Paid,home_improvement,19.15,1.0,680.0,684.0,0.0,1.0
32000.0, 36 months,11.22,B,10+ years,MORTGAGE,110000.0,Fully Paid,credit_card,24.3,1.0,665.0,669.0,0.0,1.0
22000.0, 60 months,13.67,C,6 years,RENT,66411.0,Fully Paid,debt_consolidation,33.98,0.0,700.0,704.0,0.0,0.0
25000.0, 36 months,6.24,A,10+ years,MORTGAGE,158000.0,Fully Paid,debt_consolidation,14.46,0.0,730.0,734.0,0.0,0.0
27000.0, 60 months,18.49,E,10+ years,RENT,70000.0,Fully Paid,debt_consolidation,27.6,0.0,675.0,679.0,0.0,0.0
6000.0, 36 months,7.89,A,,MORTGAGE,26128.0,Fully Paid,credit_card,9.51,0.0,680.0,684.0,1.0,1.0
16000.0, 36 months,7.26,A,1 year,RENT,40000.0,Fully Paid,debt_consolidation,29.52,0.0,705.0,709.0,0.0,0.0
8000.0, 36 months,11.99,C,4 years,MORTGAGE,60000.0,Fully Paid,home_improvement,31.1,1.0,670.0,674.0,0.0,0.0
15000.0, 36 months,9.17,B,10+ years,OWN,128000.0,Fully Paid,home_improvement,5.99,0.0,680.0,684.0,0.0,0.0
31275.0, 60 months,16.55,D,10+ years,RENT,68000.0,Fully Paid,credit_card,26.44,0.0,685.0,689.0,0.0,0.0
6000.0, 36 months,11.99,C,,MORTGAGE,23793.6,Fully Paid,debt_consolidation,13.88,0.0,705.0,709.0,3.0,0.0
7350.0, 36 months,13.67,C,3 years,OWN,39700.0,Charged Off,debt_consolidation,26.21,0.0,665.0,669.0,1.0,1.0
20000.0, 36 months,9.76,B,1 year,RENT,47400.0,Charged Off,debt_consolidation,19.82,0.0,680.0,684.0,0.0,0.0
12000.0, 36 months,9.17,B,3 years,MORTGAGE,70000.0,Fully Paid,debt_consolidation,27.89,0.0,690.0,694.0,0.0,0.0
6000.0, 36 months,11.22,B,10+ years,MORTGAGE,225000.0,Fully Paid,debt_consolidation,22.48,0.0,675.0,679.0,0.0,1.0
1500.0, 36 months,16.99,D,< 1 year,RENT,43000.0,Charged Off,other,6.67,0.0,675.0,679.0,0.0,0.0
20000.0, 36 months,11.99,C,3 years,RENT,68292.0,Fully Paid,credit_card,38.96,0.0,710.0,714.0,0.0,0.0
10000.0, 36 months,9.17,B,10+ years,MORTGAGE,52000.0,Fully Paid,debt_consolidation,9.51,0.0,675.0,679.0,0.0,0.0
8725.0, 36 months,27.31,G,1 year,RENT,29120.0,Fully Paid,small_business,19.41,1.0,665.0,669.0,1.0,0.0
10350.0, 36 months,12.59,C,,OWN,36000.0,Fully Paid,major_purchase,29.69,0.0,725.0,729.0,0.0,0.0
22875.0, 36 months,11.99,C,5 years,RENT,52000.0,Fully Paid,credit_card,8.52,0.0,660.0,664.0,0.0,1.0
14000.0, 36 months,9.17,B,8 years,MORTGAGE,42000.0,Charged Off,debt_consolidation,0.71,0.0,690.0,694.0,1.0,0.0
15000.0, 60 months,13.18,C,10+ years,MORTGAGE,110403.0,Fully Paid,debt_consolidation,23.58,0.0,710.0,714.0,0.0,0.0
34000.0, 60 months,28.99,G,10+ years,MORTGAGE,68000.0,Fully Paid,debt_consolidation,17.46,0.0,685.0,689.0,2.0,0.0
16000.0, 60 months,18.2,E,1 year,MORTGAGE,45000.0,Fully Paid,debt_consolidation,25.23,0.0,690.0,694.0,1.0,0.0
30000.0, 36 months,9.8,B,10+ years,MORTGAGE,105000.0,Fully Paid,debt_consolidation,16.85,1.0,675.0,679.0,0.0,0.0
15000.0, 36 months,13.18,C,8 years,MORTGAGE,65000.0,Fully Paid,debt_consolidation,29.76,2.0,675.0,679.0,3.0,1.0
15000.0, 36 months,7.26,A,10+ years,RENT,164000.0,Fully Paid,debt_consolidation,4.52,0.0,720.0,724.0,0.0,0.0
15000.0, 36 months,5.32,A,3 years,RENT,62628.0,Charged Off,debt_consolidation,24.49,0.0,770.0,774.0,0.0,0.0
12000.0, 60 months,12.59,C,10+ years,MORTGAGE,72000.0,Fully Paid,credit_card,26.62,0.0,660.0,664.0,1.0,0.0
30000.0, 36 months,15.77,D,2 years,OWN,180000.0,Fully Paid,other,13.79,2.0,685.0,689.0,0.0,0.0
26000.0, 36 months,13.67,C,10+ years,MORTGAGE,75000.0,Fully Paid,home_improvement,5.22,0.0,685.0,689.0,1.0,0.0
6500.0, 36 months,10.99,B,2 years,RENT,32750.0,Fully Paid,debt_consolidation,34.72,3.0,690.0,694.0,1.0,0.0
3000.0, 36 months,13.99,C,10+ years,MORTGAGE,115000.0,Fully Paid,home_improvement,17.48,0.0,665.0,669.0,1.0,0.0
35000.0, 36 months,7.89,A,10+ years,OWN,155000.0,Fully Paid,debt_consolidation,15.72,1.0,745.0,749.0,0.0,1.0
8800.0, 36 months,12.59,C,7 years,RENT,48000.0,Fully Paid,debt_consolidation,21.95,0.0,680.0,684.0,0.0,0.0
6000.0, 36 months,12.05,C,10+ years,RENT,21318.0,Fully Paid,debt_consolidation,17.91,0.0,685.0,689.0,2.0,0.0
4000.0, 36 months,10.64,B,10+ years,RENT,97812.0,Fully Paid,vacation,33.99,0.0,715.0,719.0,1.0,0.0
5000.0, 36 months,11.49,B,6 years,MORTGAGE,35000.0,Fully Paid,home_improvement,9.84,0.0,670.0,674.0,0.0,0.0
10475.0, 60 months,14.48,C,10+ years,MORTGAGE,48000.0,Charged Off,debt_consolidation,38.13,0.0,720.0,724.0,1.0,0.0
21600.0, 60 months,14.48,C,10+ years,MORTGAGE,98000.0,Fully Paid,debt_consolidation,26.7,0.0,675.0,679.0,0.0,1.0
8400.0, 36 months,14.48,C,7 years,RENT,62000.0,Fully Paid,debt_consolidation,21.76,0.0,670.0,674.0,2.0,0.0
5000.0, 36 months,9.8,B,6 years,MORTGAGE,67800.0,Fully Paid,debt_consolidation,3.42,0.0,665.0,669.0,1.0,1.0
33600.0, 36 months,21.99,F,10+ years,MORTGAGE,80000.0,Charged Off,home_improvement,15.41,0.0,735.0,739.0,0.0,0.0
35000.0, 60 months,17.57,D,10+ years,OWN,105000.0,Fully Paid,debt_consolidation,8.95,3.0,680.0,684.0,0.0,0.0
5000.0, 36 months,14.85,C,8 years,MORTGAGE,90000.0,Fully Paid,moving,23.01,0.0,680.0,684.0,2.0,0.0
6000.0, 36 months,5.32,A,10+ years,OWN,100000.0,Fully Paid,debt_consolidation,21.5,0.0,680.0,684.0,0.0,1.0
25250.0, 36 months,15.41,D,3 years,RENT,275000.0,Fully Paid,debt_consolidation,16.23,0.0,700.0,704.0,0.0,0.0
28000.0, 36 months,15.41,D,2 years,RENT,150000.0,Fully Paid,major_purchase,15.0,0.0,670.0,674.0,1.0,0.0
16000.0, 36 months,8.49,B,10+ years,MORTGAGE,140000.0,Fully Paid,credit_card,14.68,2.0,670.0,674.0,0.0,0.0
12000.0, 36 months,9.17,B,10+ years,MORTGAGE,120000.0,Fully Paid,home_improvement,1.35,0.0,760.0,764.0,2.0,0.0
12000.0, 60 months,18.99,E,6 years,RENT,110000.0,Charged Off,other,24.67,0.0,670.0,674.0,0.0,0.0
16000.0, 36 months,6.49,A,3 years,RENT,70000.0,Fully Paid,credit_card,25.22,0.0,730.0,734.0,0.0,0.0
15000.0, 36 months,9.76,B,10+ years,MORTGAGE,120000.0,Fully Paid,debt_consolidation,12.45,0.0,685.0,689.0,0.0,0.0
16000.0, 36 months,12.59,C,1 year,RENT,59000.0,Fully Paid,debt_consolidation,36.05,0.0,685.0,689.0,1.0,0.0
10000.0, 36 months,12.05,C,,OWN,45000.0,Fully Paid,debt_consolidation,24.75,0.0,665.0,669.0,0.0,0.0
18000.0, 60 months,15.41,D,1 year,MORTGAGE,40000.0,Fully Paid,debt_consolidation,22.71,0.0,660.0,664.0,1.0,0.0
9275.0, 36 months,10.99,B,7 years,MORTGAGE,34000.0,Fully Paid,credit_card,28.87,0.0,700.0,704.0,0.0,0.0
15000.0, 36 months,5.32,A,10+ years,MORTGAGE,151000.0,Fully Paid,credit_card,2.38,0.0,780.0,784.0,1.0,0.0
22500.0, 60 months,7.89,A,5 years,RENT,75000.0,Charged Off,debt_consolidation,19.68,0.0,735.0,739.0,0.0,0.0
5000.0, 36 months,10.64,B,10+ years,MORTGAGE,130000.0,Fully Paid,debt_consolidation,7.96,0.0,670.0,674.0,0.0,0.0
18000.0, 60 months,14.85,C,5 years,RENT,48000.0,Charged Off,debt_consolidation,19.76,5.0,660.0,664.0,1.0,1.0
7000.0, 36 months,9.17,B,10+ years,OWN,68000.0,Fully Paid,debt_consolidation,13.82,0.0,660.0,664.0,2.0,1.0
21600.0, 60 months,19.99,E,9 years,MORTGAGE,93000.0,Fully Paid,debt_consolidation,20.24,0.0,710.0,714.0,2.0,0.0
10000.0, 36 months,10.64,B,< 1 year,MORTGAGE,80000.0,Fully Paid,debt_consolidation,5.06,0.0,745.0,749.0,0.0,0.0
15000.0, 60 months,12.59,C,10+ years,MORTGAGE,126000.0,Fully Paid,credit_card,7.88,4.0,660.0,664.0,1.0,0.0
12000.0, 36 months,9.17,B,10+ years,MORTGAGE,106500.0,Charged Off,credit_card,8.72,0.0,670.0,674.0,2.0,1.0
20000.0, 36 months,5.32,A,4 years,OWN,62000.0,Fully Paid,home_improvement,25.71,0.0,745.0,749.0,0.0,0.0
20000.0, 36 months,11.22,B,3 years,RENT,60000.0,Fully Paid,other,5.04,0.0,675.0,679.0,0.0,0.0
5250.0, 36 months,10.64,B,,RENT,17112.0,Fully Paid,credit_card,29.59,0.0,675.0,679.0,0.0,0.0
8000.0, 36 months,9.17,B,< 1 year,MORTGAGE,210000.0,Fully Paid,credit_card,10.14,0.0,675.0,679.0,0.0,0.0
19800.0, 36 months,7.26,A,10+ years,RENT,91000.0,Fully Paid,debt_consolidation,5.86,1.0,705.0,709.0,0.0,0.0
10000.0, 36 months,9.17,B,10+ years,MORTGAGE,100000.0,Charged Off,debt_consolidation,9.13,0.0,690.0,694.0,0.0,0.0
12000.0, 36 months,7.89,A,,MORTGAGE,62000.0,Fully Paid,credit_card,35.39,0.0,680.0,684.0,0.0,0.0
24000.0, 60 months,13.44,C,10+ years,MORTGAGE,80000.0,Fully Paid,debt_consolidation,12.35,0.0,710.0,714.0,0.0,0.0
15000.0, 36 months,6.89,A,10+ years,RENT,54000.0,Fully Paid,credit_card,16.42,0.0,695.0,699.0,0.0,0.0
15125.0, 36 months,16.55,D,10+ years,MORTGAGE,60000.0,Charged Off,debt_consolidation,22.08,1.0,670.0,674.0,2.0,0.0
7000.0, 36 months,8.38,B,1 year,RENT,33000.0,Fully Paid,debt_consolidation,18.44,0.0,705.0,709.0,0.0,0.0
1500.0, 36 months,14.48,C,10+ years,RENT,43000.0,Fully Paid,other,17.11,0.0,705.0,709.0,1.0,0.0
35000.0, 36 months,18.99,E,10+ years,MORTGAGE,120000.0,Charged Off,home_improvement,16.28,1.0,670.0,674.0,1.0,0.0
35000.0, 60 months,16.55,D,9 years,RENT,140000.0,Fully Paid,credit_card,11.46,0.0,700.0,704.0,0.0,0.0
4200.0, 36 months,9.8,B,6 years,OWN,130000.0,Fully Paid,car,6.8,0.0,820.0,824.0,0.0,0.0
28800.0, 36 months,5.32,A,3 years,RENT,166000.0,Fully Paid,debt_consolidation,11.53,0.0,765.0,769.0,1.0,0.0
8000.0, 36 months,10.99,B,10+ years,MORTGAGE,69000.0,Fully Paid,debt_consolidation,14.3,0.0,675.0,679.0,0.0,0.0
18000.0, 36 months,14.85,C,3 years,RENT,35000.0,Charged Off,credit_card,28.4,0.0,670.0,674.0,1.0,0.0
20000.0, 36 months,11.99,C,10+ years,OWN,60000.0,Fully Paid,home_improvement,13.06,1.0,685.0,689.0,1.0,0.0
35000.0, 36 months,13.67,C,5 years,RENT,155000.0,Fully Paid,debt_consolidation,1.69,0.0,680.0,684.0,0.0,0.0
10000.0, 36 months,11.48,B,10+ years,MORTGAGE,52000.0,Fully Paid,debt_consolidation,15.46,0.0,685.0,689.0,1.0,1.0
7000.0, 36 months,8.38,B,5 years,RENT,65000.0,Fully Paid,credit_card,10.52,0.0,665.0,669.0,0.0,0.0
5000.0, 36 months,7.89,A,10+ years,MORTGAGE,15000.0,Fully Paid,debt_consolidation,17.36,0.0,740.0,744.0,1.0,0.0
1600.0, 36 months,8.38,B,< 1 year,MORTGAGE,70000.0,Fully Paid,credit_card,17.04,0.0,685.0,689.0,0.0,0.0
12050.0, 36 months,16.55,D,2 years,RENT,65000.0,Charged Off,debt_consolidation,21.95,0.0,680.0,684.0,3.0,0.0
12000.0, 36 months,6.49,A,10+ years,MORTGAGE,65000.0,Fully Paid,home_improvement,19.24,0.0,765.0,769.0,1.0,0.0
3600.0, 36 months,9.17,B,10+ years,OWN,39000.0,Fully Paid,other,12.15,0.0,700.0,704.0,1.0,0.0
25700.0, 36 months,13.67,C,< 1 year,MORTGAGE,70000.0,Fully Paid,debt_consolidation,21.65,0.0,680.0,684.0,0.0,0.0
20500.0, 60 months,18.49,E,10+ years,RENT,57000.0,Charged Off,debt_consolidation,36.78,0.0,675.0,679.0,1.0,0.0
12000.0, 60 months,17.86,D,10+ years,RENT,220000.0,Fully Paid,debt_consolidation,11.91,0.0,660.0,664.0,4.0,1.0
23000.0, 36 months,7.89,A,10+ years,OWN,50000.0,Fully Paid,debt_consolidation,21.08,0.0,725.0,729.0,0.0,0.0
16000.0, 36 months,6.89,A,6 years,MORTGAGE,65000.0,Charged Off,credit_card,30.02,0.0,750.0,754.0,0.0,0.0
3000.0, 36 months,13.18,C,8 years,RENT,43000.0,Fully Paid,credit_card,24.5,0.0,660.0,664.0,0.0,0.0
32650.0, 60 months,23.99,F,10+ years,RENT,114000.0,Charged Off,debt_consolidation,18.42,0.0,715.0,719.0,2.0,0.0
25000.0, 36 months,11.22,B,2 years,RENT,70000.0,Charged Off,debt_consolidation,27.94,0.0,685.0,689.0,0.0,0.0
5750.0, 36 months,14.48,C,7 years,MORTGAGE,26000.0,Fully Paid,credit_card,20.82,0.0,660.0,664.0,4.0,2.0
8000.0, 36 months,11.22,B,10+ years,MORTGAGE,70000.0,Fully Paid,vacation,24.24,0.0,700.0,704.0,0.0,0.0
20000.0, 36 months,7.26,A,9 years,RENT,175000.0,Fully Paid,debt_consolidation,4.4,0.0,695.0,699.0,0.0,1.0
5000.0, 36 months,7.89,A,4 years,RENT,21000.0,Fully Paid,debt_consolidation,24.86,0.0,755.0,759.0,0.0,0.0
10000.0, 36 months,12.05,C,3 years,MORTGAGE,50000.0,Fully Paid,home_improvement,7.03,1.0,675.0,679.0,0.0,0.0
20000.0, 36 months,10.99,B,10+ years,RENT,73678.61,Charged Off,debt_consolidation,4.37,0.0,685.0,689.0,0.0,0.0
15000.0, 60 months,10.64,B,5 years,MORTGAGE,65000.0,Charged Off,credit_card,13.7,2.0,680.0,684.0,0.0,0.0
3000.0, 36 months,8.38,B,10+ years,MORTGAGE,69000.0,Fully Paid,credit_card,29.17,0.0,690.0,694.0,1.0,0.0
3600.0, 36 months,11.22,B,6 years,RENT,40000.0,Fully Paid,other,27.54,0.0,710.0,714.0,3.0,0.0
3000.0, 36 months,7.26,A,,RENT,40000.0,Fully Paid,credit_card,12.33,1.0,715.0,719.0,0.0,0.0
3100.0, 36 months,18.49,E,1 year,RENT,35000.0,Fully Paid,home_improvement,5.76,0.0,720.0,724.0,0.0,0.0
12000.0, 36 months,6.24,A,4 years,RENT,79000.0,Fully Paid,debt_consolidation,7.39,0.0,795.0,799.0,1.0,0.0
9600.0, 36 months,10.99,B,10+ years,MORTGAGE,175000.0,Fully Paid,debt_consolidation,21.01,3.0,665.0,669.0,1.0,0.0
25000.0, 36 months,15.41,D,10+ years,RENT,100000.0,Fully Paid,other,11.22,4.0,660.0,664.0,1.0,1.0
5950.0, 36 months,11.22,B,6 years,MORTGAGE,77000.0,Fully Paid,credit_card,12.84,0.0,660.0,664.0,1.0,2.0
10000.0, 36 months,9.17,B,3 years,MORTGAGE,85438.0,Fully Paid,medical,11.86,1.0,660.0,664.0,1.0,0.0
10000.0, 36 months,13.67,C,3 years,RENT,45000.0,Charged Off,debt_consolidation,34.85,0.0,660.0,664.0,0.0,0.0
7500.0, 36 months,13.18,C,8 years,RENT,35000.0,Charged Off,debt_consolidation,34.77,0.0,685.0,689.0,1.0,0.0
14275.0, 36 months,15.41,D,10+ years,MORTGAGE,87500.0,Fully Paid,debt_consolidation,15.57,0.0,720.0,724.0,0.0,0.0
15000.0, 60 months,10.64,B,5 years,MORTGAGE,100000.0,Charged Off,credit_card,13.39,1.0,690.0,694.0,0.0,0.0
10000.0, 36 months,6.89,A,9 years,MORTGAGE,37000.0,Fully Paid,debt_consolidation,8.04,0.0,755.0,759.0,0.0,0.0
11675.0, 36 months,10.78,B,4 years,MORTGAGE,100000.0,Fully Paid,credit_card,18.1,0.0,675.0,679.0,2.0,0.0
15000.0, 36 months,9.76,B,10+ years,MORTGAGE,135562.0,Fully Paid,debt_consolidation,13.4,2.0,690.0,694.0,1.0,0.0
5000.0, 36 months,12.88,C,10+ years,OWN,49500.0,Fully Paid,debt_consolidation,13.81,0.0,680.0,684.0,1.0,0.0
2400.0, 36 months,13.99,C,7 years,MORTGAGE,47000.0,Fully Paid,vacation,35.59,0.0,710.0,714.0,2.0,0.0
10000.0, 36 months,8.38,B,4 years,RENT,42000.0,Fully Paid,credit_card,10.37,0.0,665.0,669.0,0.0,0.0
4000.0, 36 months,11.22,B,10+ years,OWN,51000.0,Fully Paid,debt_consolidation,21.39,0.0,660.0,664.0,0.0,1.0
6375.0, 36 months,17.86,D,4 years,MORTGAGE,85000.0,Fully Paid,home_improvement,14.67,0.0,675.0,679.0,0.0,2.0
18000.0, 36 months,11.22,B,10+ years,MORTGAGE,180000.0,Fully Paid,home_improvement,11.01,0.0,670.0,674.0,1.0,2.0
20000.0, 36 months,6.24,A,10+ years,RENT,50000.0,Fully Paid,debt_consolidation,18.17,0.0,795.0,799.0,0.0,0.0
10000.0, 60 months,12.59,C,5 years,RENT,30000.0,Charged Off,credit_card,20.68,0.0,670.0,674.0,0.0,1.0
15000.0, 36 months,5.32,A,10+ years,MORTGAGE,60000.0,Fully Paid,credit_card,16.24,0.0,750.0,754.0,0.0,0.0
35000.0, 60 months,17.86,D,9 years,RENT,95000.0,Charged Off,debt_consolidation,20.53,1.0,690.0,694.0,0.0,0.0
22000.0, 36 months,5.32,A,10+ years,OWN,109000.0,Fully Paid,credit_card,10.56,0.0,710.0,714.0,1.0,0.0
21000.0, 36 months,11.48,B,10+ years,MORTGAGE,132000.0,Fully Paid,debt_consolidation,16.94,0.0,725.0,729.0,0.0,0.0
8000.0, 36 months,9.76,B,2 years,RENT,60000.0,Fully Paid,debt_consolidation,12.86,0.0,700.0,704.0,0.0,0.0
15100.0, 60 months,17.86,D,9 years,RENT,42000.0,Charged Off,debt_consolidation,38.69,0.0,660.0,664.0,0.0,0.0
14000.0, 36 months,7.89,A,4 years,MORTGAGE,45000.0,Fully Paid,debt_consolidation,16.88,0.0,685.0,689.0,0.0,0.0
7675.0, 36 months,16.99,D,10+ years,MORTGAGE,39500.0,Fully Paid,debt_consolidation,33.16,1.0,665.0,669.0,0.0,1.0
11200.0, 60 months,13.67,C,10+ years,MORTGAGE,110000.0,Fully Paid,credit_card,23.6,2.0,670.0,674.0,1.0,0.0
12375.0, 36 months,18.2,E,2 years,MORTGAGE,57000.0,Fully Paid,debt_consolidation,27.22,0.0,675.0,679.0,2.0,0.0
12000.0, 36 months,10.64,B,,MORTGAGE,60000.0,Fully Paid,other,13.5,1.0,705.0,709.0,0.0,0.0
15000.0, 60 months,19.48,E,5 years,MORTGAGE,128000.0,Charged Off,debt_consolidation,13.61,0.0,660.0,664.0,2.0,0.0
15000.0, 36 months,7.26,A,< 1 year,RENT,57000.0,Fully Paid,credit_card,18.17,0.0,705.0,709.0,0.0,0.0
32000.0, 60 months,19.99,E,10+ years,RENT,88000.0,Charged Off,small_business,20.59,1.0,675.0,679.0,2.0,0.0
9600.0, 36 months,9.76,B,,RENT,60000.0,Charged Off,debt_consolidation,13.96,0.0,670.0,674.0,0.0,0.0
20400.0, 60 months,12.05,C,1 year,RENT,117000.0,Fully Paid,debt_consolidation,14.24,1.0,665.0,669.0,1.0,0.0
12000.0, 36 months,16.99,D,1 year,MORTGAGE,82000.0,Charged Off,home_improvement,14.58,0.0,675.0,679.0,0.0,1.0
20000.0, 60 months,18.2,E,< 1 year,RENT,106800.0,Fully Paid,debt_consolidation,15.06,2.0,665.0,669.0,1.0,0.0
8400.0, 36 months,10.78,B,10+ years,MORTGAGE,150000.0,Fully Paid,major_purchase,20.07,3.0,705.0,709.0,0.0,0.0
15000.0, 36 months,6.24,A,3 years,MORTGAGE,75000.0,Fully Paid,debt_consolidation,18.27,0.0,740.0,744.0,0.0,0.0
22000.0, 60 months,8.18,B,10+ years,MORTGAGE,76400.0,Fully Paid,debt_consolidation,8.55,2.0,680.0,684.0,0.0,0.0
5000.0, 36 months,16.55,D,6 years,MORTGAGE,49920.0,Fully Paid,credit_card,18.29,0.0,675.0,679.0,5.0,1.0
7000.0, 36 months,18.99,E,,OWN,60000.0,Fully Paid,debt_consolidation,23.32,0.0,680.0,684.0,2.0,0.0
17475.0, 36 months,16.55,D,7 years,MORTGAGE,85000.0,Fully Paid,other,18.99,2.0,680.0,684.0,2.0,0.0
4225.0, 36 months,14.33,C,10+ years,RENT,20000.0,Fully Paid,debt_consolidation,22.33,1.0,665.0,669.0,1.0,0.0
2425.0, 36 months,6.89,A,10+ years,MORTGAGE,85000.0,Fully Paid,other,11.42,0.0,800.0,804.0,0.0,0.0
4850.0, 36 months,9.17,B,10+ years,MORTGAGE,90000.0,Fully Paid,home_improvement,32.61,1.0,680.0,684.0,0.0,0.0
15000.0, 36 months,11.22,B,10+ years,MORTGAGE,170000.0,Fully Paid,home_improvement,26.39,0.0,685.0,689.0,3.0,1.0
35000.0, 36 months,13.18,C,9 years,OWN,200000.0,Charged Off,debt_consolidation,11.33,0.0,695.0,699.0,2.0,0.0
5000.0, 36 months,8.38,B,5 years,MORTGAGE,72000.0,Fully Paid,credit_card,27.22,0.0,685.0,689.0,0.0,0.0
24000.0, 60 months,17.86,D,2 years,MORTGAGE,63200.0,Charged Off,debt_consolidation,39.82,0.0,680.0,684.0,1.0,0.0
20000.0, 36 months,6.89,A,6 years,MORTGAGE,115000.0,Fully Paid,home_improvement,17.44,0.0,740.0,744.0,0.0,0.0
4800.0, 36 months,7.26,A,7 years,MORTGAGE,65000.0,Fully Paid,debt_consolidation,14.01,0.0,775.0,779.0,1.0,0.0
10000.0, 36 months,5.32,A,3 years,RENT,120000.0,Fully Paid,credit_card,7.13,0.0,770.0,774.0,0.0,0.0
12000.0, 36 months,15.41,D,10+ years,RENT,54000.0,Charged Off,debt_consolidation,28.98,0.0,695.0,699.0,3.0,1.0
20000.0, 36 months,11.99,C,4 years,MORTGAGE,130000.0,Fully Paid,home_improvement,12.18,1.0,700.0,704.0,0.0,1.0
17500.0, 36 months,8.49,B,< 1 year,MORTGAGE,59000.0,Fully Paid,debt_consolidation,18.96,0.0,715.0,719.0,0.0,0.0
6000.0, 36 months,13.44,C,6 years,RENT,60000.0,Fully Paid,major_purchase,10.28,0.0,695.0,699.0,0.0,0.0
8000.0, 36 months,16.55,D,5 years,RENT,95500.0,Fully Paid,debt_consolidation,15.93,0.0,665.0,669.0,4.0,3.0
3000.0, 36 months,9.17,B,,OWN,32500.0,Fully Paid,other,31.2,0.0,755.0,759.0,0.0,0.0
17850.0, 60 months,17.86,D,5 years,RENT,50000.0,Fully Paid,debt_consolidation,14.91,0.0,660.0,664.0,3.0,1.0
20000.0, 36 months,5.32,A,3 years,MORTGAGE,110000.0,Fully Paid,debt_consolidation,19.21,0.0,745.0,749.0,0.0,0.0
6000.0, 36 months,11.49,B,,MORTGAGE,34980.0,Fully Paid,debt_consolidation,26.49,0.0,715.0,719.0,0.0,0.0
16000.0, 60 months,16.99,D,7 years,RENT,34000.0,Fully Paid,debt_consolidation,33.57,0.0,715.0,719.0,1.0,0.0
22000.0, 36 months,6.89,A,3 years,MORTGAGE,95000.0,Fully Paid,debt_consolidation,7.79,1.0,720.0,724.0,0.0,0.0
5000.0, 36 months,6.99,A,10+ years,MORTGAGE,80000.0,Fully Paid,car,14.3,0.0,835.0,839.0,0.0,0.0
10000.0, 36 months,5.32,A,10+ years,MORTGAGE,72000.0,Fully Paid,debt_consolidation,15.63,1.0,700.0,704.0,0.0,0.0
4600.0, 36 months,16.55,D,2 years,MORTGAGE,42000.0,Charged Off,debt_consolidation,13.67,3.0,660.0,664.0,0.0,0.0
14500.0, 60 months,14.48,C,5 years,MORTGAGE,120000.0,Fully Paid,house,30.27,0.0,765.0,769.0,0.0,0.0
15000.0, 60 months,19.99,E,2 years,MORTGAGE,42500.0,Fully Paid,debt_consolidation,27.14,0.0,685.0,689.0,1.0,0.0
9000.0, 36 months,11.22,B,1 year,MORTGAGE,44000.0,Fully Paid,credit_card,11.13,0.0,705.0,709.0,0.0,0.0
18000.0, 60 months,12.59,C,< 1 year,MORTGAGE,83000.0,Fully Paid,debt_consolidation,34.2,1.0,675.0,679.0,0.0,0.0
4650.0, 36 months,18.2,E,4 years,RENT,34000.0,Fully Paid,debt_consolidation,18.21,0.0,665.0,669.0,0.0,0.0
7975.0, 36 months,16.55,D,,OWN,19000.0,Fully Paid,credit_card,14.59,0.0,685.0,689.0,0.0,0.0
12000.0, 36 months,7.91,A,,RENT,31000.0,Fully Paid,credit_card,25.77,0.0,665.0,669.0,0.0,0.0
5000.0, 36 months,9.17,B,3 years,RENT,77000.0,Fully Paid,debt_consolidation,13.37,6.0,680.0,684.0,0.0,0.0
12000.0, 36 months,9.76,B,9 years,RENT,75000.0,Fully Paid,debt_consolidation,15.94,0.0,665.0,669.0,1.0,1.0
9600.0, 36 months,13.99,C,1 year,RENT,22900.0,Fully Paid,credit_card,14.77,0.0,685.0,689.0,0.0,0.0
3500.0, 36 months,12.59,C,1 year,RENT,27000.0,Fully Paid,credit_card,27.6,0.0,665.0,669.0,0.0,0.0
20000.0, 36 months,9.76,B,1 year,MORTGAGE,110000.0,Fully Paid,debt_consolidation,12.24,0.0,660.0,664.0,1.0,0.0
21000.0, 36 months,17.86,D,< 1 year,MORTGAGE,50000.0,Fully Paid,debt_consolidation,29.5,1.0,665.0,669.0,0.0,0.0
27025.0, 36 months,7.49,A,10+ years,MORTGAGE,675000.0,Fully Paid,debt_consolidation,13.44,0.0,700.0,704.0,0.0,0.0
17500.0, 60 months,20.5,E,1 year,OWN,134000.0,Charged Off,major_purchase,5.21,0.0,730.0,734.0,2.0,0.0
4000.0, 36 months,9.99,B,10+ years,MORTGAGE,31000.0,Fully Paid,debt_consolidation,17.34,0.0,685.0,689.0,1.0,1.0
21000.0, 60 months,18.2,E,8 years,MORTGAGE,56000.0,Charged Off,credit_card,25.56,0.0,690.0,694.0,1.0,1.0
7000.0, 36 months,18.99,E,< 1 year,RENT,45000.0,Fully Paid,credit_card,8.32,0.0,660.0,664.0,0.0,0.0
35000.0, 36 months,9.76,B,10+ years,OWN,120000.0,Fully Paid,debt_consolidation,24.0,0.0,740.0,744.0,0.0,0.0
28000.0, 60 months,23.99,F,10+ years,MORTGAGE,82400.0,Charged Off,debt_consolidation,18.88,0.0,665.0,669.0,2.0,0.0
15000.0, 60 months,18.99,E,< 1 year,MORTGAGE,50000.0,Charged Off,debt_consolidation,36.53,0.0,660.0,664.0,1.0,2.0
14925.0, 36 months,14.48,C,7 years,MORTGAGE,55000.0,Fully Paid,credit_card,15.3,0.0,690.0,694.0,0.0,0.0
28000.0, 36 months,7.26,A,3 years,MORTGAGE,350000.0,Fully Paid,credit_card,9.03,1.0,715.0,719.0,1.0,0.0
20000.0, 60 months,13.18,C,10+ years,RENT,85000.0,Charged Off,credit_card,32.23,0.0,660.0,664.0,1.0,1.0
9925.0, 36 months,17.57,D,3 years,MORTGAGE,31000.0,Fully Paid,debt_consolidation,19.32,0.0,700.0,704.0,0.0,0.0
35000.0, 36 months,9.76,B,< 1 year,OWN,83000.0,Fully Paid,other,3.73,0.0,795.0,799.0,0.0,0.0
8400.0, 36 months,10.64,B,2 years,MORTGAGE,50000.0,Fully Paid,debt_consolidation,28.97,0.0,685.0,689.0,1.0,0.0
9000.0, 36 months,8.18,B,< 1 year,MORTGAGE,85000.0,Fully Paid,credit_card,8.09,1.0,670.0,674.0,0.0,0.0
12000.0, 60 months,11.22,B,10+ years,MORTGAGE,80000.0,Charged Off,debt_consolidation,4.77,0.0,725.0,729.0,0.0,0.0
20000.0, 60 months,13.67,C,9 years,MORTGAGE,65000.0,Charged Off,debt_consolidation,14.15,2.0,690.0,694.0,1.0,0.0
16000.0, 60 months,7.89,A,9 years,MORTGAGE,97000.0,Fully Paid,home_improvement,18.65,0.0,700.0,704.0,3.0,1.0
6000.0, 36 months,13.44,C,,MORTGAGE,31000.0,Fully Paid,credit_card,6.47,0.0,660.0,664.0,2.0,1.0
16000.0, 36 months,11.99,C,10+ years,MORTGAGE,98000.0,Fully Paid,debt_consolidation,23.06,0.0,670.0,674.0,0.0,0.0
25000.0, 36 months,12.59,C,5 years,RENT,115000.0,Fully Paid,debt_consolidation,15.68,0.0,675.0,679.0,0.0,0.0
5000.0, 36 months,7.49,A,1 year,RENT,80000.0,Fully Paid,debt_consolidation,24.15,0.0,705.0,709.0,1.0,0.0
10000.0, 36 months,11.49,B,7 years,MORTGAGE,57000.0,Fully Paid,debt_consolidation,24.78,0.0,705.0,709.0,0.0,0.0
16000.0, 36 months,6.89,A,1 year,MORTGAGE,56000.0,Fully Paid,debt_consolidation,12.57,0.0,740.0,744.0,3.0,0.0
10000.0, 36 months,11.49,B,2 years,RENT,33000.0,Fully Paid,debt_consolidation,22.4,0.0,705.0,709.0,1.0,0.0
8300.0, 36 months,13.67,C,10+ years,RENT,80000.0,Fully Paid,debt_consolidation,12.42,0.0,660.0,664.0,0.0,1.0
24000.0, 36 months,14.48,C,1 year,MORTGAGE,85000.0,Charged Off,debt_consolidation,15.28,0.0,695.0,699.0,0.0,0.0
10000.0, 36 months,7.49,A,10+ years,RENT,70000.0,Fully Paid,home_improvement,13.3,0.0,775.0,779.0,0.0,0.0
35000.0, 36 months,12.59,C,2 years,RENT,79000.0,Fully Paid,credit_card,29.32,0.0,715.0,719.0,0.0,0.0
8000.0, 36 months,13.18,C,5 years,RENT,35000.0,Fully Paid,credit_card,28.05,0.0,660.0,664.0,3.0,0.0
12400.0, 36 months,13.67,C,10+ years,RENT,27000.0,Charged Off,debt_consolidation,29.24,0.0,755.0,759.0,1.0,0.0
7000.0, 36 months,7.89,A,6 years,MORTGAGE,105000.0,Fully Paid,home_improvement,7.22,0.0,760.0,764.0,1.0,0.0
12000.0, 60 months,14.48,C,3 years,RENT,57000.0,Fully Paid,credit_card,25.2,0.0,670.0,674.0,1.0,0.0
28000.0, 36 months,8.18,B,10+ years,OWN,250000.0,Fully Paid,debt_consolidation,23.5,0.0,715.0,719.0,0.0,0.0
7500.0, 36 months,12.05,C,4 years,RENT,80000.0,Charged Off,car,25.68,0.0,685.0,689.0,2.0,0.0
4800.0, 36 months,11.22,B,10+ years,MORTGAGE,55000.0,Charged Off,debt_consolidation,23.3,0.0,680.0,684.0,0.0,0.0
20000.0, 36 months,9.76,B,7 years,RENT,100000.0,Fully Paid,debt_consolidation,7.26,0.0,705.0,709.0,1.0,0.0
8100.0, 36 months,20.5,E,4 years,RENT,60000.0,Fully Paid,other,15.12,2.0,665.0,669.0,2.0,0.0
35000.0, 36 months,10.64,B,10+ years,MORTGAGE,300000.0,Fully Paid,debt_consolidation,24.09,0.0,675.0,679.0,1.0,0.0
12000.0, 60 months,11.99,C,< 1 year,MORTGAGE,60000.0,Fully Paid,debt_consolidation,8.14,0.0,670.0,674.0,1.0,0.0
25600.0, 36 months,6.89,A,7 years,MORTGAGE,103758.0,Fully Paid,debt_consolidation,20.8,0.0,720.0,724.0,0.0,0.0
5000.0, 36 months,16.55,D,1 year,MORTGAGE,70000.0,Fully Paid,moving,14.86,2.0,670.0,674.0,0.0,0.0
20000.0, 36 months,7.26,A,10+ years,MORTGAGE,82000.0,Fully Paid,debt_consolidation,24.75,0.0,690.0,694.0,0.0,0.0
13000.0, 36 months,6.89,A,,MORTGAGE,53600.0,Fully Paid,debt_consolidation,20.15,0.0,820.0,824.0,0.0,0.0
24625.0, 60 months,13.67,C,9 years,MORTGAGE,56000.0,Charged Off,debt_consolidation,21.88,0.0,670.0,674.0,0.0,0.0
28000.0, 36 months,5.32,A,10+ years,MORTGAGE,115000.0,Fully Paid,debt_consolidation,21.34,0.0,755.0,759.0,0.0,0.0
15000.0, 36 months,7.89,A,5 years,MORTGAGE,137790.0,Fully Paid,major_purchase,27.66,0.0,705.0,709.0,0.0,0.0
10000.0, 36 months,9.17,B,10+ years,RENT,52000.0,Fully Paid,debt_consolidation,19.76,0.0,715.0,719.0,0.0,0.0
10000.0, 36 months,6.49,A,8 years,OWN,52600.0,Fully Paid,debt_consolidation,13.16,0.0,720.0,724.0,0.0,0.0
10000.0, 36 months,9.8,B,1 year,RENT,75000.0,Fully Paid,debt_consolidation,14.16,0.0,700.0,704.0,3.0,0.0
24000.0, 60 months,18.99,E,10+ years,MORTGAGE,102000.0,Fully Paid,credit_card,20.33,0.0,700.0,704.0,3.0,0.0
15000.0, 60 months,11.22,B,2 years,MORTGAGE,120000.0,Fully Paid,debt_consolidation,9.81,0.0,670.0,674.0,1.0,0.0
12000.0, 36 months,8.38,B,9 years,MORTGAGE,75000.0,Fully Paid,home_improvement,1.5,0.0,745.0,749.0,2.0,0.0
20000.0, 60 months,9.17,B,2 years,OWN,65500.0,Fully Paid,debt_consolidation,23.47,0.0,740.0,744.0,1.0,0.0
6000.0, 36 months,11.49,B,3 years,RENT,46366.0,Fully Paid,credit_card,31.56,1.0,690.0,694.0,0.0,0.0
15000.0, 36 months,7.26,A,5 years,RENT,49800.0,Fully Paid,credit_card,12.02,0.0,700.0,704.0,0.0,0.0
25200.0, 60 months,13.67,C,10+ years,MORTGAGE,87000.0,Fully Paid,debt_consolidation,20.79,0.0,710.0,714.0,0.0,1.0
4000.0, 36 months,12.59,C,,RENT,35388.0,Fully Paid,vacation,18.51,9.0,660.0,664.0,1.0,1.0
25000.0, 36 months,14.48,C,10+ years,RENT,75000.0,Charged Off,debt_consolidation,13.31,1.0,675.0,679.0,0.0,0.0
1200.0, 36 months,10.99,B,< 1 year,RENT,50000.0,Fully Paid,debt_consolidation,23.04,0.0,710.0,714.0,0.0,0.0
20000.0, 36 months,5.32,A,8 years,MORTGAGE,88000.0,Fully Paid,debt_consolidation,19.31,0.0,780.0,784.0,1.0,0.0
22000.0, 60 months,16.99,D,10+ years,RENT,50000.0,Fully Paid,debt_consolidation,37.04,0.0,740.0,744.0,1.0,1.0
16200.0, 36 months,11.22,B,10+ years,RENT,35000.0,Fully Paid,debt_consolidation,24.93,0.0,685.0,689.0,0.0,0.0
7200.0, 36 months,10.78,B,4 years,MORTGAGE,102000.0,Fully Paid,debt_consolidation,17.08,0.0,695.0,699.0,0.0,0.0
15000.0, 36 months,5.32,A,10+ years,MORTGAGE,120000.0,Fully Paid,home_improvement,5.09,0.0,695.0,699.0,0.0,0.0
5000.0, 36 months,15.41,D,10+ years,RENT,41000.0,Charged Off,credit_card,21.96,0.0,680.0,684.0,1.0,0.0
5000.0, 36 months,7.89,A,10+ years,MORTGAGE,60000.0,Fully Paid,credit_card,11.22,0.0,710.0,714.0,0.0,0.0
18225.0, 36 months,11.99,C,10+ years,MORTGAGE,60000.0,Fully Paid,debt_consolidation,25.02,0.0,700.0,704.0,1.0,0.0
1000.0, 36 months,9.17,B,10+ years,MORTGAGE,64000.0,Fully Paid,other,12.06,0.0,690.0,694.0,0.0,0.0
21000.0, 36 months,10.64,B,4 years,RENT,240000.0,Fully Paid,debt_consolidation,3.58,0.0,680.0,684.0,0.0,0.0
8000.0, 36 months,11.22,B,10+ years,OWN,74000.0,Fully Paid,credit_card,28.67,0.0,665.0,669.0,1.0,0.0
21000.0, 60 months,12.88,C,10+ years,RENT,83000.0,Fully Paid,credit_card,16.05,0.0,665.0,669.0,0.0,1.0
6025.0, 36 months,18.49,E,6 years,RENT,45000.0,Charged Off,debt_consolidation,31.25,0.0,675.0,679.0,1.0,2.0
24850.0, 36 months,13.67,C,7 years,RENT,56500.0,Fully Paid,debt_consolidation,28.48,0.0,685.0,689.0,0.0,0.0
17100.0, 36 months,13.18,C,10+ years,MORTGAGE,117117.0,Fully Paid,debt_consolidation,6.03,0.0,670.0,674.0,0.0,1.0
18725.0, 60 months,23.13,F,5 years,MORTGAGE,45000.0,Fully Paid,major_purchase,21.79,0.0,710.0,714.0,4.0,0.0
8000.0, 36 months,9.17,B,5 years,RENT,70000.0,Fully Paid,credit_card,13.73,0.0,685.0,689.0,1.0,0.0
6000.0, 36 months,13.18,C,9 years,MORTGAGE,50000.0,Fully Paid,debt_consolidation,6.27,0.0,730.0,734.0,1.0,0.0
14400.0, 36 months,12.59,C,5 years,MORTGAGE,60000.0,Fully Paid,credit_card,17.92,0.0,670.0,674.0,0.0,0.0
32000.0, 60 months,17.86,D,2 years,MORTGAGE,87000.0,Charged Off,debt_consolidation,17.04,0.0,795.0,799.0,0.0,0.0
21000.0, 36 months,11.22,B,4 years,RENT,157000.0,Charged Off,debt_consolidation,17.94,0.0,700.0,704.0,5.0,0.0
7500.0, 36 months,9.17,B,,MORTGAGE,80000.0,Fully Paid,debt_consolidation,5.52,2.0,660.0,664.0,0.0,0.0
18850.0, 36 months,13.67,C,< 1 year,OWN,41000.0,Fully Paid,credit_card,28.05,0.0,685.0,689.0,0.0,0.0
30000.0, 60 months,12.05,C,9 years,MORTGAGE,77844.0,Fully Paid,credit_card,24.36,0.0,710.0,714.0,0.0,0.0
24000.0, 60 months,23.13,F,6 years,MORTGAGE,104000.0,Fully Paid,debt_consolidation,24.75,0.0,665.0,669.0,1.0,0.0
27775.0, 60 months,16.99,D,7 years,RENT,84752.3,Fully Paid,debt_consolidation,25.76,0.0,695.0,699.0,0.0,0.0
35000.0, 36 months,9.17,B,< 1 year,MORTGAGE,85000.0,Fully Paid,credit_card,28.26,0.0,695.0,699.0,1.0,2.0
15000.0, 36 months,7.89,A,< 1 year,OWN,48000.0,Fully Paid,credit_card,18.55,1.0,720.0,724.0,0.0,0.0
28000.0, 36 months,7.26,A,10+ years,MORTGAGE,108000.0,Fully Paid,debt_consolidation,28.18,0.0,710.0,714.0,0.0,0.0
4000.0, 36 months,9.8,B,9 years,RENT,80000.0,Fully Paid,debt_consolidation,4.79,1.0,665.0,669.0,0.0,0.0
30225.0, 60 months,24.99,F,10+ years,MORTGAGE,98500.0,Fully Paid,debt_consolidation,23.38,0.0,680.0,684.0,0.0,0.0
10000.0, 36 months,12.59,C,10+ years,RENT,110000.0,Charged Off,debt_consolidation,3.05,0.0,660.0,664.0,1.0,1.0
14400.0, 36 months,6.89,A,3 years,RENT,45000.0,Fully Paid,debt_consolidation,10.91,0.0,705.0,709.0,0.0,0.0
35000.0, 36 months,10.99,B,5 years,RENT,286000.0,Fully Paid,debt_consolidation,22.72,0.0,675.0,679.0,0.0,0.0
20000.0, 60 months,18.2,E,2 years,MORTGAGE,170000.0,Fully Paid,debt_consolidation,18.21,0.0,695.0,699.0,1.0,0.0
10000.0, 36 months,13.18,C,,RENT,45000.0,Fully Paid,debt_consolidation,29.97,0.0,660.0,664.0,0.0,0.0
16000.0, 60 months,9.17,B,1 year,RENT,150000.0,Fully Paid,debt_consolidation,8.45,0.0,710.0,714.0,0.0,0.0
12000.0, 36 months,9.17,B,10+ years,MORTGAGE,85000.0,Charged Off,debt_consolidation,14.47,0.0,660.0,664.0,0.0,1.0
7000.0, 36 months,7.89,A,10+ years,MORTGAGE,80000.0,Fully Paid,home_improvement,24.87,2.0,695.0,699.0,0.0,0.0
6400.0, 36 months,13.67,C,< 1 year,RENT,66000.0,Fully Paid,other,10.27,0.0,685.0,689.0,0.0,0.0
19450.0, 60 months,18.49,E,9 years,MORTGAGE,106000.0,Charged Off,debt_consolidation,21.54,0.0,675.0,679.0,0.0,1.0
20000.0, 60 months,19.99,E,7 years,RENT,34008.0,Charged Off,debt_consolidation,36.87,0.0,665.0,669.0,2.0,1.0
7450.0, 36 months,19.48,E,5 years,MORTGAGE,20000.0,Charged Off,home_improvement,22.61,0.0,660.0,664.0,5.0,1.0
6050.0, 36 months,25.99,F,2 years,RENT,25324.8,Charged Off,other,23.32,0.0,665.0,669.0,2.0,1.0
19300.0, 60 months,11.99,C,8 years,MORTGAGE,42000.0,Fully Paid,debt_consolidation,10.03,0.0,730.0,734.0,0.0,0.0
21000.0, 60 months,11.22,B,10+ years,MORTGAGE,86000.0,Fully Paid,debt_consolidation,10.97,0.0,700.0,704.0,0.0,0.0
9600.0, 36 months,9.76,B,10+ years,MORTGAGE,125201.0,Fully Paid,other,13.62,5.0,660.0,664.0,0.0,0.0
8000.0, 36 months,6.49,A,< 1 year,MORTGAGE,62000.0,Fully Paid,credit_card,16.71,1.0,690.0,694.0,0.0,0.0
9000.0, 36 months,7.26,A,10+ years,OWN,40000.0,Fully Paid,debt_consolidation,28.56,0.0,775.0,779.0,0.0,0.0
20625.0, 60 months,18.99,E,3 years,MORTGAGE,110000.0,Charged Off,debt_consolidation,19.29,0.0,675.0,679.0,0.0,2.0
18000.0, 36 months,5.32,A,10+ years,MORTGAGE,75000.0,Fully Paid,debt_consolidation,12.74,0.0,780.0,784.0,0.0,0.0
24000.0, 60 months,17.97,D,10+ years,MORTGAGE,75000.0,Charged Off,debt_consolidation,39.81,0.0,675.0,679.0,0.0,0.0
20000.0, 36 months,9.76,B,10+ years,MORTGAGE,100000.0,Fully Paid,debt_consolidation,8.0,0.0,680.0,684.0,1.0,1.0
25200.0, 36 months,6.24,A,10+ years,MORTGAGE,120000.0,Fully Paid,debt_consolidation,3.71,0.0,805.0,809.0,0.0,0.0
15000.0, 60 months,18.2,E,4 years,MORTGAGE,82000.0,Charged Off,credit_card,12.83,0.0,660.0,664.0,1.0,0.0
21000.0, 36 months,13.67,C,5 years,MORTGAGE,140000.0,Fully Paid,debt_consolidation,5.53,0.0,760.0,764.0,3.0,0.0
15000.0, 60 months,13.18,C,9 years,RENT,65000.0,Fully Paid,debt_consolidation,16.1,0.0,725.0,729.0,0.0,0.0
18000.0, 60 months,16.99,D,1 year,OWN,75000.0,Charged Off,credit_card,24.8,0.0,665.0,669.0,3.0,0.0
10000.0, 36 months,9.76,B,< 1 year,RENT,105000.0,Fully Paid,debt_consolidation,12.37,0.0,675.0,679.0,4.0,0.0
9375.0, 36 months,18.49,D,10+ years,MORTGAGE,83000.0,Charged Off,debt_consolidation,19.27,11.0,675.0,679.0,2.0,1.0
15000.0, 36 months,10.64,B,< 1 year,RENT,150000.0,Fully Paid,credit_card,8.39,0.0,685.0,689.0,1.0,0.0
13750.0, 60 months,23.13,F,10+ years,MORTGAGE,81600.0,Charged Off,debt_consolidation,13.87,1.0,675.0,679.0,2.0,1.0
18000.0, 36 months,6.24,A,8 years,MORTGAGE,48000.0,Fully Paid,credit_card,21.6,0.0,695.0,699.0,0.0,0.0
12000.0, 36 months,9.76,B,4 years,MORTGAGE,82000.0,Charged Off,debt_consolidation,30.54,0.0,675.0,679.0,1.0,0.0
5000.0, 36 months,6.49,A,1 year,RENT,23000.0,Fully Paid,debt_consolidation,26.36,0.0,775.0,779.0,0.0,0.0
24000.0, 36 months,10.64,B,10+ years,MORTGAGE,130000.0,Fully Paid,credit_card,37.22,0.0,695.0,699.0,1.0,0.0
32000.0, 36 months,9.17,B,3 years,MORTGAGE,70000.0,Fully Paid,credit_card,32.39,0.0,760.0,764.0,0.0,0.0
25000.0, 60 months,19.99,E,3 years,RENT,78000.0,Fully Paid,debt_consolidation,22.26,0.0,700.0,704.0,0.0,0.0
25000.0, 36 months,12.59,C,10+ years,RENT,65000.0,Fully Paid,debt_consolidation,15.86,0.0,730.0,734.0,1.0,0.0
7000.0, 36 months,8.38,B,2 years,MORTGAGE,235000.0,Fully Paid,major_purchase,10.72,1.0,735.0,739.0,0.0,0.0
30000.0, 60 months,15.41,D,10+ years,MORTGAGE,130883.0,Fully Paid,home_improvement,8.17,2.0,685.0,689.0,0.0,0.0
11000.0, 60 months,18.49,E,10+ years,RENT,36236.0,Charged Off,credit_card,32.49,1.0,695.0,699.0,1.0,0.0
15000.0, 36 months,9.17,B,10+ years,RENT,109000.0,Fully Paid,debt_consolidation,11.69,0.0,665.0,669.0,0.0,1.0
8150.0, 36 months,17.57,D,< 1 year,OWN,24000.0,Fully Paid,small_business,17.05,2.0,665.0,669.0,0.0,0.0
25000.0, 36 months,13.18,C,3 years,MORTGAGE,90000.0,Charged Off,debt_consolidation,17.62,0.0,660.0,664.0,1.0,0.0
3000.0, 36 months,14.48,C,3 years,RENT,48000.0,Fully Paid,debt_consolidation,8.1,0.0,670.0,674.0,3.0,0.0
20000.0, 36 months,5.32,A,10+ years,OWN,70000.0,Fully Paid,debt_consolidation,24.93,0.0,825.0,829.0,0.0,0.0
35000.0, 36 months,12.59,C,10+ years,OWN,154000.0,Charged Off,debt_consolidation,13.71,0.0,675.0,679.0,0.0,0.0
24000.0, 60 months,13.44,C,1 year,MORTGAGE,96000.0,Fully Paid,credit_card,22.7,0.0,675.0,679.0,1.0,1.0
4600.0, 36 months,12.05,C,< 1 year,MORTGAGE,27000.0,Fully Paid,debt_consolidation,19.64,0.0,675.0,679.0,0.0,0.0
4200.0, 36 months,9.17,B,10+ years,OWN,40000.0,Fully Paid,medical,28.65,0.0,745.0,749.0,0.0,0.0
18000.0, 36 months,5.32,A,8 years,RENT,51000.0,Fully Paid,debt_consolidation,18.0,0.0,765.0,769.0,0.0,0.0
22575.0, 36 months,10.99,B,10+ years,MORTGAGE,157000.0,Fully Paid,credit_card,21.37,0.0,665.0,669.0,0.0,0.0
10000.0, 36 months,9.17,B,2 years,MORTGAGE,105000.0,Fully Paid,debt_consolidation,8.39,0.0,660.0,664.0,0.0,1.0
23000.0, 60 months,12.59,C,10+ years,RENT,50000.0,Charged Off,debt_consolidation,28.71,0.0,700.0,704.0,0.0,0.0
12000.0, 60 months,15.41,D,,RENT,40000.0,Charged Off,credit_card,8.33,0.0,665.0,669.0,1.0,0.0
3500.0, 36 months,6.24,A,5 years,RENT,38000.0,Fully Paid,credit_card,16.01,0.0,680.0,684.0,0.0,1.0
8000.0, 36 months,12.59,C,7 years,RENT,70000.0,Fully Paid,debt_consolidation,11.86,0.0,700.0,704.0,0.0,0.0
2000.0, 36 months,12.05,C,,MORTGAGE,64400.0,Fully Paid,debt_consolidation,22.29,0.0,705.0,709.0,1.0,0.0
7000.0, 36 months,6.24,A,10+ years,MORTGAGE,35000.0,Fully Paid,credit_card,12.24,0.0,730.0,734.0,0.0,0.0
24000.0, 60 months,9.76,B,2 years,MORTGAGE,88000.0,Fully Paid,credit_card,5.84,0.0,790.0,794.0,2.0,0.0
5400.0, 36 months,8.38,B,< 1 year,MORTGAGE,40000.0,Fully Paid,debt_consolidation,19.83,1.0,670.0,674.0,0.0,1.0
21000.0, 36 months,12.88,C,< 1 year,RENT,52000.0,Fully Paid,credit_card,15.88,0.0,665.0,669.0,1.0,0.0
10000.0, 36 months,8.38,B,2 years,RENT,50000.0,Fully Paid,debt_consolidation,16.3,0.0,710.0,714.0,0.0,0.0
9600.0, 36 months,11.22,B,10+ years,MORTGAGE,48000.0,Fully Paid,credit_card,26.9,1.0,665.0,669.0,0.0,1.0
24000.0, 60 months,12.88,C,8 years,RENT,57000.0,Fully Paid,credit_card,8.24,0.0,670.0,674.0,0.0,1.0
4000.0, 36 months,11.49,B,10+ years,MORTGAGE,45000.0,Fully Paid,home_improvement,30.48,1.0,690.0,694.0,0.0,1.0
4000.0, 36 months,10.78,B,2 years,OWN,36000.0,Fully Paid,car,0.0,0.0,730.0,734.0,0.0,0.0
21600.0, 36 months,7.26,A,10+ years,OWN,63000.0,Fully Paid,credit_card,11.89,0.0,680.0,684.0,1.0,0.0
7000.0, 36 months,10.64,B,10+ years,OWN,65000.0,Fully Paid,debt_consolidation,10.71,0.0,785.0,789.0,0.0,0.0
15000.0, 36 months,5.32,A,10+ years,MORTGAGE,200000.0,Fully Paid,credit_card,19.0,0.0,755.0,759.0,0.0,0.0
18000.0, 60 months,13.18,C,10+ years,MORTGAGE,70000.0,Fully Paid,debt_consolidation,21.04,0.0,695.0,699.0,0.0,0.0
23800.0, 60 months,9.17,B,2 years,RENT,80000.0,Fully Paid,credit_card,25.83,0.0,710.0,714.0,0.0,0.0
12000.0, 36 months,6.89,A,5 years,MORTGAGE,78200.0,Fully Paid,credit_card,11.2,0.0,690.0,694.0,1.0,1.0
18000.0, 60 months,20.5,E,2 years,RENT,52000.0,Charged Off,debt_consolidation,22.29,0.0,660.0,664.0,0.0,1.0
10000.0, 36 months,8.38,B,10+ years,MORTGAGE,65000.0,Fully Paid,debt_consolidation,14.24,0.0,660.0,664.0,0.0,1.0
35000.0, 36 months,12.59,C,10+ years,MORTGAGE,450000.0,Fully Paid,home_improvement,11.93,0.0,690.0,694.0,3.0,0.0
22000.0, 36 months,11.22,B,9 years,MORTGAGE,50000.0,Fully Paid,debt_consolidation,31.78,1.0,680.0,684.0,0.0,0.0
16000.0, 36 months,13.67,C,10+ years,OWN,40000.0,Fully Paid,credit_card,22.41,0.0,700.0,704.0,0.0,0.0
24000.0, 60 months,19.99,E,10+ years,RENT,80000.0,Charged Off,small_business,17.69,0.0,765.0,769.0,0.0,0.0
5475.0, 36 months,9.99,B,7 years,RENT,41000.0,Fully Paid,debt_consolidation,23.95,0.0,715.0,719.0,0.0,0.0
9000.0, 36 months,9.17,B,3 years,OWN,40000.0,Fully Paid,debt_consolidation,12.75,0.0,705.0,709.0,0.0,0.0
30000.0, 36 months,16.59,D,8 years,RENT,124000.0,Fully Paid,debt_consolidation,26.26,1.0,660.0,664.0,2.0,0.0
15000.0, 36 months,9.76,B,1 year,RENT,45000.0,Fully Paid,debt_consolidation,17.63,0.0,700.0,704.0,0.0,0.0
6500.0, 36 months,11.99,C,10+ years,MORTGAGE,34000.0,Fully Paid,debt_consolidation,19.35,0.0,700.0,704.0,1.0,0.0
15200.0, 36 months,8.38,B,8 years,RENT,59612.0,Charged Off,credit_card,25.95,1.0,670.0,674.0,0.0,0.0
20000.0, 36 months,9.76,B,10+ years,RENT,102000.0,Fully Paid,debt_consolidation,27.47,0.0,675.0,679.0,0.0,0.0
28000.0, 60 months,22.99,F,8 years,MORTGAGE,90000.0,Fully Paid,debt_consolidation,22.36,0.0,690.0,694.0,3.0,0.0
8000.0, 36 months,16.59,D,2 years,RENT,39000.0,Fully Paid,credit_card,16.68,0.0,660.0,664.0,0.0,1.0
10000.0, 36 months,8.18,B,7 years,RENT,50000.0,Fully Paid,debt_consolidation,28.44,0.0,715.0,719.0,0.0,1.0
20000.0, 36 months,10.99,B,10+ years,MORTGAGE,53000.0,Charged Off,credit_card,18.68,1.0,665.0,669.0,0.0,0.0
11000.0, 36 months,10.64,B,10+ years,MORTGAGE,82000.0,Fully Paid,debt_consolidation,13.67,1.0,680.0,684.0,1.0,2.0
13275.0, 36 months,14.48,C,,RENT,48000.0,Fully Paid,debt_consolidation,9.2,0.0,670.0,674.0,0.0,0.0
19000.0, 60 months,18.49,E,6 years,RENT,62000.0,Fully Paid,debt_consolidation,21.99,0.0,680.0,684.0,0.0,0.0
18000.0, 60 months,9.76,B,5 years,OWN,72000.0,Fully Paid,major_purchase,9.43,0.0,690.0,694.0,0.0,1.0
25000.0, 36 months,9.76,B,10+ years,MORTGAGE,88400.0,Fully Paid,debt_consolidation,13.97,0.0,680.0,684.0,0.0,0.0
2000.0, 36 months,6.89,A,9 years,MORTGAGE,50000.0,Fully Paid,debt_consolidation,7.49,2.0,695.0,699.0,0.0,0.0
24000.0, 36 months,13.18,C,10+ years,MORTGAGE,150000.0,Fully Paid,home_improvement,13.67,0.0,710.0,714.0,2.0,0.0
2000.0, 36 months,15.41,D,< 1 year,OWN,18000.0,Fully Paid,debt_consolidation,7.13,0.0,685.0,689.0,0.0,0.0
6000.0, 36 months,8.49,B,1 year,RENT,37000.0,Fully Paid,credit_card,16.02,0.0,685.0,689.0,1.0,0.0
7200.0, 36 months,9.17,B,8 years,RENT,60000.0,Fully Paid,credit_card,19.12,0.0,660.0,664.0,1.0,1.0
30000.0, 36 months,15.41,D,10+ years,RENT,109000.0,Fully Paid,debt_consolidation,25.64,2.0,660.0,664.0,1.0,0.0
20000.0, 36 months,9.17,B,4 years,MORTGAGE,78000.0,Fully Paid,credit_card,30.38,0.0,675.0,679.0,1.0,0.0
8000.0, 36 months,9.76,B,7 years,MORTGAGE,113000.0,Fully Paid,debt_consolidation,26.44,1.0,670.0,674.0,0.0,0.0
28000.0, 60 months,8.38,B,10+ years,OWN,90000.0,Charged Off,credit_card,16.81,1.0,690.0,694.0,0.0,0.0
24000.0, 36 months,9.8,B,2 years,RENT,50000.0,Fully Paid,credit_card,17.91,0.0,700.0,704.0,0.0,0.0
10000.0, 60 months,15.41,D,3 years,RENT,52000.0,Charged Off,debt_consolidation,29.24,0.0,660.0,664.0,3.0,1.0
7200.0, 36 months,10.78,B,4 years,MORTGAGE,160000.0,Fully Paid,home_improvement,9.85,0.0,680.0,684.0,1.0,6.0
25000.0, 60 months,13.18,C,10+ years,MORTGAGE,100000.0,Fully Paid,debt_consolidation,24.46,0.0,700.0,704.0,1.0,0.0
8000.0, 36 months,14.48,C,2 years,RENT,70000.0,Fully Paid,debt_consolidation,6.48,1.0,665.0,669.0,4.0,1.0
15100.0, 60 months,18.99,E,10+ years,MORTGAGE,42000.0,Charged Off,debt_consolidation,31.89,0.0,760.0,764.0,3.0,0.0
35000.0, 36 months,7.89,A,10+ years,MORTGAGE,120000.0,Fully Paid,debt_consolidation,17.14,0.0,735.0,739.0,0.0,0.0
3200.0, 36 months,12.59,C,8 years,MORTGAGE,67000.0,Fully Paid,other,11.12,0.0,685.0,689.0,1.0,0.0
24000.0, 60 months,8.38,B,10+ years,MORTGAGE,153525.0,Fully Paid,home_improvement,2.58,0.0,755.0,759.0,1.0,0.0
26400.0, 36 months,6.24,A,3 years,MORTGAGE,100000.0,Fully Paid,debt_consolidation,22.92,3.0,710.0,714.0,1.0,0.0
15000.0, 60 months,11.99,C,10+ years,OWN,65000.0,Fully Paid,debt_consolidation,7.9,0.0,775.0,779.0,3.0,0.0
5000.0, 36 months,12.59,C,10+ years,RENT,19800.0,Fully Paid,credit_card,29.94,0.0,665.0,669.0,1.0,1.0
17000.0, 60 months,11.99,C,< 1 year,RENT,52500.0,Charged Off,credit_card,26.23,0.0,660.0,664.0,0.0,0.0
8175.0, 36 months,16.59,D,10+ years,RENT,63000.0,Charged Off,medical,19.9,0.0,675.0,679.0,3.0,2.0
6000.0, 36 months,8.38,B,10+ years,RENT,50000.0,Charged Off,debt_consolidation,32.84,0.0,710.0,714.0,0.0,0.0
15000.0, 60 months,19.99,E,4 years,MORTGAGE,50000.0,Fully Paid,debt_consolidation,27.08,2.0,680.0,684.0,0.0,0.0
30000.0, 36 months,16.55,D,10+ years,OWN,100000.0,Fully Paid,debt_consolidation,13.53,0.0,720.0,724.0,2.0,0.0
